{
	"name": "ADOC_SIR_SharePoint_Online_List",
	"properties": {
		"annotations": [],
		"type": "SharePointOnlineList",
		"typeProperties": {
			"siteUrl": "https://armyeitaas.sharepoint-mil.us/sites/NETCOM-G3-C4IM/Lists/ADOC%20WATCH%20NETCOM%20SIR%20CY2023/Open%20SIRs.aspx?viewid=4f78f9e9%2Ddabb%2D4db0%2Db6d7%2D8f0666823c04",
			"tenantId": "fae6d70f-954b-4811-92b6-0530d6f84c43",
			"servicePrincipalId": "f170da9d-224c-4127-87b4-c52b5446dabe",
			"servicePrincipalKey": {
				"type": "AzureKeyVaultSecret",
				"store": {
					"referenceName": "LS_KeyVault",
					"type": "LinkedServiceReference"
				},
				"secretName": "service-principal-key",
				"secretVersion": "7756f85cceab467d99ca2899238edd3e"
			}
		},
		"connectVia": {
			"referenceName": "AutoResolveIntegrationRuntime",
			"type": "IntegrationRuntimeReference"
		}
	}
}