{
	"name": "ADX_POC",
	"properties": {
		"annotations": [],
		"type": "AzureDataExplorer",
		"typeProperties": {
			"endpoint": "https://darpan-demo-adx.usgovvirginia.kusto.usgovcloudapi.net",
			"tenant": "fae6d70f-954b-4811-92b6-0530d6f84c43",
			"servicePrincipalId": "f170da9d-224c-4127-87b4-c52b5446dabe",
			"servicePrincipalKey": {
				"type": "AzureKeyVaultSecret",
				"store": {
					"referenceName": "LS_KeyVault",
					"type": "LinkedServiceReference"
				},
				"secretName": "service-principal-key",
				"secretVersion": "c3f842af5771409bb05bf97eaf16d445"
			},
			"database": "demo-adx-database"
		},
		"connectVia": {
			"referenceName": "AutoResolveIntegrationRuntime",
			"type": "IntegrationRuntimeReference"
		}
	}
}