{"$schema":"http://schema.management.azure.com/schemas/2015-01-01/deploymentTemplate.json#","contentVersion":"1.0.0.0","parameters":{"factoryName":{"type":"string","metadata":"Data Factory name"},"LS_SqlServer":{"type":"string"},"LS_Databricks":{"type":"string"},"LS_DataWarehouse":{"type":"string"},"LS_ManagementAPI":{"type":"string"},"LS_AzureBlobStorage":{"type":"string"}},"variables":{"factoryId":"[concat('Microsoft.DataFactory/factories/', parameters('factoryName'))]"},"resources":[{"name":"[concat(parameters('factoryName'), '/Begin Conformed Pull Data')]","type":"Microsoft.DataFactory/factories/pipelines","apiVersion":"2018-06-01","properties":{"activities":[{"name":"Audit - Get Extraction Time Range","type":"Lookup","dependsOn":[{"activity":"Audit - Start Workflow","dependencyConditions":["Succeeded"]}],"policy":{"timeout":"0.00:01:00","retry":3,"retryIntervalInSeconds":30,"secureOutput":false,"secureInput":false},"userProperties":[],"typeProperties":{"source":{"type":"SqlServerSource","sqlReaderQuery":{"value":"@concat(\n'\nDECLARE @ExtractionTimeKey int\nDECLARE @ExtractionStartDatetime DateTime2\nDECLARE @ExtractionStopDatetime DateTime2\n\nEXEC [etlaudit].[usp_InsertAuditExtractionTime]\n  @SourceSystem = ''Begin Conformed Pull Data''\n, @ProcessExecutionKey = ''', activity('Audit - Start Workflow').output.firstRow.ProcessExecutionKey, '''\n, @ExtractionStartDatetime = @ExtractionStartDatetime OUTPUT\n, @ExtractionStopDatetime = @ExtractionStopDatetime OUTPUT\n, @ExtractionTimeKey = @ExtractionTimeKey OUTPUT;\n\nSELECT @ExtractionTimeKey AS ExtractionTimeKey\n , @ExtractionStartDatetime  AS ExtractionStartDatetime\n , @ExtractionStopDatetime AS ExtractionStopDatetime\n'\n)\n","type":"Expression"},"queryTimeout":"02:00:00","partitionOption":"None"},"dataset":{"referenceName":"Database_SQLServer","type":"DatasetReference","parameters":{}},"firstRowOnly":true}},{"name":"Audit - Start Workflow","type":"Lookup","dependsOn":[],"policy":{"timeout":"0.00:01:00","retry":3,"retryIntervalInSeconds":30,"secureOutput":false,"secureInput":false},"userProperties":[],"typeProperties":{"source":{"type":"SqlServerSource","sqlReaderQuery":{"value":"@concat(\n'\nDECLARE @ProcessExecutionKey int\n\nEXEC [etlaudit].[usp_InsertAuditProcessExecution]\n  @ProcessName = ''', pipeline().Pipeline ,'''\n, @ProcessExecutionKey = @ProcessExecutionKey OUTPUT;\n\nSELECT @ProcessExecutionKey AS ProcessExecutionKey\n'\n)\n","type":"Expression"},"queryTimeout":"02:00:00","partitionOption":"None"},"dataset":{"referenceName":"Database_SQLServer","type":"DatasetReference","parameters":{}},"firstRowOnly":true}},{"name":"Audit - End Workflow - Success","type":"SqlServerStoredProcedure","dependsOn":[{"activity":"Pull Users","dependencyConditions":["Succeeded"]},{"activity":"Pull Resources","dependencyConditions":["Succeeded"]},{"activity":"Pull Subscriptions Parent","dependencyConditions":["Succeeded"]}],"policy":{"timeout":"0.00:01:00","retry":3,"retryIntervalInSeconds":30,"secureOutput":false,"secureInput":false},"userProperties":[],"typeProperties":{"storedProcedureName":"[[etlaudit].[usp_UpdateAuditProcessExecution]","storedProcedureParameters":{"ProcessExecutionKey":{"value":{"value":"@activity('Audit - Start Workflow').output.firstRow.ProcessExecutionKey","type":"Expression"},"type":"Int32"},"SuccessfulProcessingIndicator":{"value":"Y","type":"String"}}},"linkedServiceName":{"referenceName":"[parameters('LS_SqlServer')]","type":"LinkedServiceReference"}},{"name":"Audit - End Workflow - Failure","type":"SqlServerStoredProcedure","dependsOn":[{"activity":"Pull Users","dependencyConditions":["Failed"]},{"activity":"Pull Resources","dependencyConditions":["Failed"]},{"activity":"Pull Subscriptions Parent","dependencyConditions":["Failed"]}],"policy":{"timeout":"0.00:01:00","retry":3,"retryIntervalInSeconds":30,"secureOutput":false,"secureInput":false},"userProperties":[],"typeProperties":{"storedProcedureName":"[[etlaudit].[usp_UpdateAuditProcessExecution]","storedProcedureParameters":{"ProcessExecutionKey":{"value":{"value":"@activity('Audit - Start Workflow').output.firstRow.ProcessExecutionKey","type":"Expression"},"type":"Int32"},"SuccessfulProcessingIndicator":{"value":"N","type":"String"}}},"linkedServiceName":{"referenceName":"[parameters('LS_SqlServer')]","type":"LinkedServiceReference"}},{"name":"Pull Subscriptions Parent","description":"","type":"ExecutePipeline","dependsOn":[{"activity":"Audit - Get Extraction Time Range","dependencyConditions":["Succeeded"]}],"policy":{"secureInput":false},"userProperties":[],"typeProperties":{"pipeline":{"referenceName":"Pull Conformed Subscriptions Parent","type":"PipelineReference"},"waitOnCompletion":true,"parameters":{"ParentExecutionKey":{"value":"@activity('Audit - Start Workflow').output.firstRow.ProcessExecutionKey","type":"Expression"},"ParentExtractionTimeKey":{"value":"@activity('Audit - Get Extraction Time Range').output.firstRow.ExtractionTimeKey","type":"Expression"},"StartDateTime":{"value":"@substring(activity('Audit - Get Extraction Time Range').output.firstRow.ExtractionStartDatetime, 0, 19)","type":"Expression"},"EndDateTime":{"value":"@substring(activity('Audit - Get Extraction Time Range').output.firstRow.ExtractionStopDatetime, 0, 19)","type":"Expression"}}}},{"name":"Pull Resources","type":"ExecutePipeline","dependsOn":[{"activity":"Audit - Get Extraction Time Range","dependencyConditions":["Succeeded"]}],"policy":{"secureInput":false},"userProperties":[],"typeProperties":{"pipeline":{"referenceName":"Pull Conformed Resources","type":"PipelineReference"},"waitOnCompletion":true,"parameters":{"ParentExecutionKey":{"value":"@activity('Audit - Start Workflow').output.firstRow.ProcessExecutionKey","type":"Expression"},"ParentExtractionTimeKey":{"value":"@activity('Audit - Get Extraction Time Range').output.firstRow.ExtractionTimeKey","type":"Expression"},"StartDateTime":{"value":"@substring(activity('Audit - Get Extraction Time Range').output.firstRow.ExtractionStartDatetime, 0, 19)","type":"Expression"},"EndDateTime":{"value":"@substring(activity('Audit - Get Extraction Time Range').output.firstRow.ExtractionStopDatetime, 0, 19)","type":"Expression"}}}},{"name":"Pull Users","type":"ExecutePipeline","dependsOn":[{"activity":"Audit - Get Extraction Time Range","dependencyConditions":["Succeeded"]}],"policy":{"secureInput":false},"userProperties":[],"typeProperties":{"pipeline":{"referenceName":"Pull Conformed Users","type":"PipelineReference"},"waitOnCompletion":true,"parameters":{"ParentExecutionKey":{"value":"@activity('Audit - Start Workflow').output.firstRow.ProcessExecutionKey","type":"Expression"},"ParentExtractionTimeKey":{"value":"@activity('Audit - Get Extraction Time Range').output.firstRow.ExtractionTimeKey","type":"Expression"},"StartDateTime":{"value":"@substring(activity('Audit - Get Extraction Time Range').output.firstRow.ExtractionStartDatetime, 0, 19)","type":"Expression"},"EndDateTime":{"value":"@substring(activity('Audit - Get Extraction Time Range').output.firstRow.ExtractionStopDatetime, 0, 19)","type":"Expression"}}}}],"policy":{"elapsedTimeMetric":{"duration":"0.00:30:00"}},"folder":{"name":"Conformed"},"annotations":[],"lastPublishTime":"2021-09-22T15:06:53Z"},"dependsOn":["[variables('factoryId')]","[concat(variables('factoryId'), '/datasets/Database_SQLServer')]","[concat(variables('factoryId'), '/pipelines/Pull Conformed Subscriptions Parent')]","[concat(variables('factoryId'), '/pipelines/Pull Conformed Resources')]","[concat(variables('factoryId'), '/pipelines/Pull Conformed Users')]"]},{"name":"[concat(parameters('factoryName'), '/Database_SQLServer')]","type":"Microsoft.DataFactory/factories/datasets","apiVersion":"2018-06-01","properties":{"linkedServiceName":{"referenceName":"[parameters('LS_SqlServer')]","type":"LinkedServiceReference"},"annotations":[],"type":"AzureSqlTable","schema":[],"typeProperties":{}},"dependsOn":["[variables('factoryId')]"]},{"name":"[concat(parameters('factoryName'), '/Pull Conformed Subscriptions Parent')]","type":"Microsoft.DataFactory/factories/pipelines","apiVersion":"2018-06-01","properties":{"activities":[{"name":"Pull Subscriptions","description":"Execute the Pull Subscriptions Pipeline","type":"ExecutePipeline","dependsOn":[{"activity":"Audit - Start Process","dependencyConditions":["Succeeded"]}],"policy":{"secureInput":false},"userProperties":[],"typeProperties":{"pipeline":{"referenceName":"Pull Conformed Subscriptions","type":"PipelineReference"},"waitOnCompletion":true,"parameters":{}}},{"name":"Audit - Start Process","type":"Lookup","dependsOn":[],"policy":{"timeout":"0.00:01:00","retry":3,"retryIntervalInSeconds":30,"secureOutput":false,"secureInput":false},"userProperties":[],"typeProperties":{"source":{"type":"SqlServerSource","sqlReaderQuery":{"value":"@concat(\n'\nDECLARE @ProcessExecutionKey int\n\nEXEC [etlaudit].[usp_InsertAuditProcessExecution]\n  @ProcessName = ''', pipeline().Pipeline ,'''\n, @ParentProcessExecutionKey = ''', pipeline().parameters.ParentExecutionKey, '''\n, @ProcessExecutionKey = @ProcessExecutionKey OUTPUT;\n\nSELECT @ProcessExecutionKey AS ProcessExecutionKey\n'\n)\n","type":"Expression"},"queryTimeout":"02:00:00","partitionOption":"None"},"dataset":{"referenceName":"Database_SQLServer","type":"DatasetReference","parameters":{}},"firstRowOnly":true}},{"name":"Audit - End Process - Success","type":"SqlServerStoredProcedure","dependsOn":[{"activity":"Pull Subscriptions","dependencyConditions":["Succeeded"]}],"policy":{"timeout":"0.00:01:00","retry":3,"retryIntervalInSeconds":30,"secureOutput":false,"secureInput":false},"userProperties":[],"typeProperties":{"storedProcedureName":"[[etlaudit].[usp_UpdateAuditProcessExecution]","storedProcedureParameters":{"ProcessExecutionKey":{"value":{"value":"@activity('Audit - Start Process').output.firstRow.ProcessExecutionKey","type":"Expression"},"type":"Int32"},"SuccessfulProcessingIndicator":{"value":"Y","type":"String"}}},"linkedServiceName":{"referenceName":"[parameters('LS_SqlServer')]","type":"LinkedServiceReference"}},{"name":"Audit - End Process - Failure","type":"SqlServerStoredProcedure","dependsOn":[{"activity":"Pull Subscriptions","dependencyConditions":["Failed"]}],"policy":{"timeout":"0.00:01:00","retry":3,"retryIntervalInSeconds":30,"secureOutput":false,"secureInput":false},"userProperties":[],"typeProperties":{"storedProcedureName":"[[etlaudit].[usp_UpdateAuditProcessExecution]","storedProcedureParameters":{"ProcessExecutionKey":{"value":{"value":"@activity('Audit - Start Process').output.firstRow.ProcessExecutionKey","type":"Expression"},"type":"Int32"},"SuccessfulProcessingIndicator":{"value":"N","type":"String"}}},"linkedServiceName":{"referenceName":"[parameters('LS_SqlServer')]","type":"LinkedServiceReference"}}],"policy":{"elapsedTimeMetric":{}},"parameters":{"ParentExecutionKey":{"type":"string"},"ParentExtractionTimeKey":{"type":"string"},"StartDateTime":{"type":"string"},"EndDateTime":{"type":"string"}},"folder":{"name":"Conformed/Process Data Warehouse/Pull Data"},"annotations":[],"lastPublishTime":"2021-09-22T16:12:51Z"},"dependsOn":["[variables('factoryId')]","[concat(variables('factoryId'), '/pipelines/Pull Conformed Subscriptions')]","[concat(variables('factoryId'), '/datasets/Database_SQLServer')]"]},{"name":"[concat(parameters('factoryName'), '/Pull Conformed Resources')]","type":"Microsoft.DataFactory/factories/pipelines","apiVersion":"2018-06-01","properties":{"activities":[{"name":"Audit - Start Process","type":"Lookup","dependsOn":[],"policy":{"timeout":"0.00:01:00","retry":3,"retryIntervalInSeconds":30,"secureOutput":false,"secureInput":false},"userProperties":[],"typeProperties":{"source":{"type":"SqlServerSource","sqlReaderQuery":{"value":"@concat(\n'\nDECLARE @ProcessExecutionKey int\n\nEXEC [etlaudit].[usp_InsertAuditProcessExecution]\n  @ProcessName = ''', pipeline().Pipeline ,'''\n, @ParentProcessExecutionKey = ''', pipeline().parameters.ParentExecutionKey, '''\n, @ProcessExecutionKey = @ProcessExecutionKey OUTPUT;\n\nSELECT @ProcessExecutionKey AS ProcessExecutionKey\n'\n)\n","type":"Expression"},"queryTimeout":"02:00:00","partitionOption":"None"},"dataset":{"referenceName":"Database_SQLServer","type":"DatasetReference","parameters":{}},"firstRowOnly":true}},{"name":"Audit - End Process - Success","type":"SqlServerStoredProcedure","dependsOn":[{"activity":"Pull Resources Data","dependencyConditions":["Succeeded"]}],"policy":{"timeout":"0.00:01:00","retry":3,"retryIntervalInSeconds":30,"secureOutput":false,"secureInput":false},"userProperties":[],"typeProperties":{"storedProcedureName":"[[etlaudit].[usp_UpdateAuditProcessExecution]","storedProcedureParameters":{"ProcessExecutionKey":{"value":{"value":"@activity('Audit - Start Process').output.firstRow.ProcessExecutionKey","type":"Expression"},"type":"Int32"},"SuccessfulProcessingIndicator":{"value":"Y","type":"String"}}},"linkedServiceName":{"referenceName":"[parameters('LS_SqlServer')]","type":"LinkedServiceReference"}},{"name":"Audit - End Process - Failure","type":"SqlServerStoredProcedure","dependsOn":[{"activity":"Pull Resources Data","dependencyConditions":["Failed"]}],"policy":{"timeout":"0.00:01:00","retry":3,"retryIntervalInSeconds":30,"secureOutput":false,"secureInput":false},"userProperties":[],"typeProperties":{"storedProcedureName":"[[etlaudit].[usp_UpdateAuditProcessExecution]","storedProcedureParameters":{"ProcessExecutionKey":{"value":{"value":"@activity('Audit - Start Process').output.firstRow.ProcessExecutionKey","type":"Expression"},"type":"Int32"},"SuccessfulProcessingIndicator":{"value":"N","type":"String"}}},"linkedServiceName":{"referenceName":"[parameters('LS_SqlServer')]","type":"LinkedServiceReference"}},{"name":"Pull Resources Data","type":"DatabricksNotebook","dependsOn":[{"activity":"Audit - Start Process","dependencyConditions":["Succeeded"]}],"policy":{"timeout":"0.00:20:00","retry":3,"retryIntervalInSeconds":30,"secureOutput":false,"secureInput":false},"userProperties":[],"typeProperties":{"notebookPath":"/Conformed/Pull_Data/Pull_Resources_Data"},"linkedServiceName":{"referenceName":"[parameters('LS_Databricks')]","type":"LinkedServiceReference"}}],"policy":{"elapsedTimeMetric":{}},"parameters":{"ParentExecutionKey":{"type":"string"},"ParentExtractionTimeKey":{"type":"string"},"StartDateTime":{"type":"string"},"EndDateTime":{"type":"string"}},"folder":{"name":"Conformed/Process Data Warehouse/Pull Data"},"annotations":[],"lastPublishTime":"2021-09-22T16:12:51Z"},"dependsOn":["[variables('factoryId')]","[concat(variables('factoryId'), '/datasets/Database_SQLServer')]"]},{"name":"[concat(parameters('factoryName'), '/Pull Conformed Users')]","type":"Microsoft.DataFactory/factories/pipelines","apiVersion":"2018-06-01","properties":{"activities":[{"name":"Pull Users Data","type":"DatabricksNotebook","dependsOn":[{"activity":"Audit - Start Process","dependencyConditions":["Succeeded"]}],"policy":{"timeout":"0.00:20:00","retry":3,"retryIntervalInSeconds":30,"secureOutput":false,"secureInput":false},"userProperties":[],"typeProperties":{"notebookPath":"/Conformed/Pull_Data/Pull_Users_Data"},"linkedServiceName":{"referenceName":"[parameters('LS_Databricks')]","type":"LinkedServiceReference"}},{"name":"Audit - Start Process","type":"Lookup","dependsOn":[],"policy":{"timeout":"0.00:01:00","retry":3,"retryIntervalInSeconds":30,"secureOutput":false,"secureInput":false},"userProperties":[],"typeProperties":{"source":{"type":"SqlServerSource","sqlReaderQuery":{"value":"@concat(\n'\nDECLARE @ProcessExecutionKey int\n\nEXEC [etlaudit].[usp_InsertAuditProcessExecution]\n  @ProcessName = ''', pipeline().Pipeline ,'''\n, @ParentProcessExecutionKey = ''', pipeline().parameters.ParentExecutionKey, '''\n, @ProcessExecutionKey = @ProcessExecutionKey OUTPUT;\n\nSELECT @ProcessExecutionKey AS ProcessExecutionKey\n'\n)\n","type":"Expression"},"queryTimeout":"02:00:00","partitionOption":"None"},"dataset":{"referenceName":"Database_SQLServer","type":"DatasetReference","parameters":{}},"firstRowOnly":true}},{"name":"Audit - End Process - Success","type":"SqlServerStoredProcedure","dependsOn":[{"activity":"Pull Users Data","dependencyConditions":["Succeeded"]}],"policy":{"timeout":"0.00:01:00","retry":3,"retryIntervalInSeconds":30,"secureOutput":false,"secureInput":false},"userProperties":[],"typeProperties":{"storedProcedureName":"[[etlaudit].[usp_UpdateAuditProcessExecution]","storedProcedureParameters":{"ProcessExecutionKey":{"value":{"value":"@activity('Audit - Start Process').output.firstRow.ProcessExecutionKey","type":"Expression"},"type":"Int32"},"SuccessfulProcessingIndicator":{"value":"Y","type":"String"}}},"linkedServiceName":{"referenceName":"[parameters('LS_SqlServer')]","type":"LinkedServiceReference"}},{"name":"Audit - End Process - Failure","type":"SqlServerStoredProcedure","dependsOn":[{"activity":"Pull Users Data","dependencyConditions":["Failed"]}],"policy":{"timeout":"0.00:01:00","retry":3,"retryIntervalInSeconds":30,"secureOutput":false,"secureInput":false},"userProperties":[],"typeProperties":{"storedProcedureName":"[[etlaudit].[usp_UpdateAuditProcessExecution]","storedProcedureParameters":{"ProcessExecutionKey":{"value":{"value":"@activity('Audit - Start Process').output.firstRow.ProcessExecutionKey","type":"Expression"},"type":"Int32"},"SuccessfulProcessingIndicator":{"value":"N","type":"String"}}},"linkedServiceName":{"referenceName":"[parameters('LS_SqlServer')]","type":"LinkedServiceReference"}}],"policy":{"elapsedTimeMetric":{}},"parameters":{"ParentExecutionKey":{"type":"string"},"ParentExtractionTimeKey":{"type":"string"},"StartDateTime":{"type":"string"},"EndDateTime":{"type":"string"}},"folder":{"name":"Conformed/Process Data Warehouse/Pull Data"},"annotations":[],"lastPublishTime":"2021-09-22T16:17:51Z"},"dependsOn":["[variables('factoryId')]","[concat(variables('factoryId'), '/datasets/Database_SQLServer')]"]},{"name":"[concat(parameters('factoryName'), '/Pull Conformed Subscriptions')]","type":"Microsoft.DataFactory/factories/pipelines","apiVersion":"2018-06-01","properties":{"activities":[{"name":"Get Bearer Token","type":"WebActivity","dependsOn":[{"activity":"Get Service Principal ID","dependencyConditions":["Succeeded"]},{"activity":"Get Service Principal Key","dependencyConditions":["Succeeded"]},{"activity":"Get TenantId","dependencyConditions":["Succeeded"]}],"policy":{"timeout":"0.00:01:00","retry":3,"retryIntervalInSeconds":30,"secureOutput":false,"secureInput":false},"userProperties":[{"name":"ClientId","value":"f32ae638-147a-4457-b2b3-9f07c74ec05f"},{"name":"ClientSecret","value":"_rLBUs02_0mXKDFb_3~w.B5X8f_9b2Jbra"},{"name":"Scope","value":"https://api.loganalytics.us/.default"}],"typeProperties":{"method":"POST","headers":{"Content-Type":"application/x-www-form-urlencoded"},"url":{"value":"@concat('https://login.microsoftonline.us/',\nactivity('Get TenantId').output.value,\n'/oauth2/token')","type":"Expression"},"connectVia":{"referenceName":"AutoResolveIntegrationRuntime","type":"IntegrationRuntimeReference"},"body":{"value":"@concat(\n'client_id='\n,activity('Get Service Principal ID').output.value\n,'&client_secret='\n,activity('Get Service Principal Key').output.value\n,'&grant_type=client_credentials&resource=https://management.usgovcloudapi.net/')","type":"Expression"}}},{"name":"Get Service Principal ID","type":"WebActivity","dependsOn":[],"policy":{"timeout":"0.00:01:00","retry":3,"retryIntervalInSeconds":30,"secureOutput":false,"secureInput":false},"userProperties":[],"typeProperties":{"method":"GET","headers":{},"url":{"value":"@concat('https://',\npipeline().globalParameters.Keyvault_Name,\n'.vault.usgovcloudapi.net/secrets/service-principal-id/?api-version=7.1')","type":"Expression"},"connectVia":{"referenceName":"AutoResolveIntegrationRuntime","type":"IntegrationRuntimeReference"},"authentication":{"type":"MSI","resource":"https://vault.usgovcloudapi.net"}}},{"name":"Get Service Principal Key","type":"WebActivity","dependsOn":[],"policy":{"timeout":"0.00:01:00","retry":3,"retryIntervalInSeconds":30,"secureOutput":false,"secureInput":false},"userProperties":[],"typeProperties":{"method":"GET","headers":{},"url":{"value":"@concat('https://',\npipeline().globalParameters.Keyvault_Name,\n'.vault.usgovcloudapi.net/secrets/service-principal-key/?api-version=7.1')","type":"Expression"},"connectVia":{"referenceName":"AutoResolveIntegrationRuntime","type":"IntegrationRuntimeReference"},"authentication":{"type":"MSI","resource":"https://vault.usgovcloudapi.net"}}},{"name":"Get TenantId","type":"WebActivity","dependsOn":[],"policy":{"timeout":"0.00:01:00","retry":3,"retryIntervalInSeconds":30,"secureOutput":false,"secureInput":false},"userProperties":[],"typeProperties":{"method":"GET","headers":{},"url":{"value":"@concat('https://',\npipeline().globalParameters.Keyvault_Name,\n'.vault.usgovcloudapi.net/secrets/tenant-id/?api-version=7.1')","type":"Expression"},"connectVia":{"referenceName":"AutoResolveIntegrationRuntime","type":"IntegrationRuntimeReference"},"authentication":{"type":"MSI","resource":"https://vault.usgovcloudapi.net"}}},{"name":"Get Subscriptions","type":"WebActivity","dependsOn":[{"activity":"Get Bearer Token","dependencyConditions":["Succeeded"]}],"policy":{"timeout":"0.00:01:00","retry":3,"retryIntervalInSeconds":30,"secureOutput":false,"secureInput":false},"userProperties":[],"typeProperties":{"method":"GET","headers":{"content-type":"application/json; charset=utf-8","Authorization":{"value":"@concat('Bearer ', activity('Get Bearer Token').output.access_token)","type":"Expression"}},"url":"https://management.usgovcloudapi.net/subscriptions?api-version=2020-01-01","connectVia":{"referenceName":"AutoResolveIntegrationRuntime","type":"IntegrationRuntimeReference"}}},{"name":"Pull Subscriptions from Synapse","type":"Lookup","dependsOn":[{"activity":"Get Subscriptions","dependencyConditions":["Succeeded"]}],"policy":{"timeout":"0.00:01:00","retry":3,"retryIntervalInSeconds":30,"secureOutput":false,"secureInput":false},"userProperties":[],"typeProperties":{"source":{"type":"SqlDWSource","sqlReaderQuery":"SELECT subscriptionId \nFROM dbo.subscriptionDim\nWHERE subscriptionId NOT IN ('N/A','UNKNOWN')","queryTimeout":"02:00:00","partitionOption":"None"},"dataset":{"referenceName":"Database_Synapse","type":"DatasetReference","parameters":{"schema":" ","table":" "}},"firstRowOnly":false}},{"name":"ForEach Subscription API","type":"ForEach","dependsOn":[{"activity":"Pull Subscriptions from Synapse","dependencyConditions":["Succeeded"]}],"userProperties":[],"typeProperties":{"items":{"value":"@activity('Get Subscriptions').output.value","type":"Expression"},"isSequential":true,"activities":[{"name":"If subscription found","type":"IfCondition","dependsOn":[{"activity":"Set varSynapseOutput","dependencyConditions":["Succeeded"]},{"activity":"Set varApiOutput","dependencyConditions":["Succeeded"]}],"userProperties":[],"typeProperties":{"expression":{"value":"@contains(\nvariables('varSynapseOutput'),\nvariables('varApiOutput')\n)","type":"Expression"},"ifFalseActivities":[{"name":"Set CreateNewFile","type":"SetVariable","dependsOn":[],"policy":{"secureOutput":false,"secureInput":false},"userProperties":[],"typeProperties":{"variableName":"varCreateNewFile","value":"True"}}]}},{"name":"Set varApiOutput","type":"SetVariable","dependsOn":[],"policy":{"secureOutput":false,"secureInput":false},"userProperties":[],"typeProperties":{"variableName":"varApiOutput","value":{"value":"@toUpper(item().subscriptionId)","type":"Expression"}}},{"name":"Set varSynapseOutput","type":"SetVariable","dependsOn":[],"policy":{"secureOutput":false,"secureInput":false},"userProperties":[],"typeProperties":{"variableName":"varSynapseOutput","value":{"value":"@replace(join(activity('Pull Subscriptions from Synapse').output.value, ','), '\"subscriptionId\": ', '')\n","type":"Expression"}}}]}},{"name":"If CreateNewFile is True","type":"IfCondition","dependsOn":[{"activity":"ForEach Subscription API","dependencyConditions":["Succeeded"]}],"userProperties":[],"typeProperties":{"expression":{"value":"@equals(variables('varCreateNewFile'), 'True')","type":"Expression"},"ifTrueActivities":[{"name":"Set File Name","type":"SetVariable","dependsOn":[{"activity":"Set Process Date","dependencyConditions":["Succeeded"]}],"policy":{"secureOutput":false,"secureInput":false},"userProperties":[],"typeProperties":{"variableName":"varDestinationFileName","value":{"value":"@concat\n(\n'Subscriptions','-'\n, formatDateTime(variables('varProcessDate'), 'yyyy-MM-dd')\n, '.json'\n)","type":"Expression"}}},{"name":"Save to Json File","type":"Copy","dependsOn":[{"activity":"Set Folder Path","dependencyConditions":["Succeeded"]},{"activity":"Set File Name","dependencyConditions":["Succeeded"]}],"policy":{"timeout":"0.00:10:00","retry":3,"retryIntervalInSeconds":30,"secureOutput":false,"secureInput":false},"userProperties":[],"typeProperties":{"source":{"type":"RestSource","additionalColumns":[{"name":"timeGenerated","value":{"value":"@variables('varProcessDate')","type":"Expression"}}],"httpRequestTimeout":"0.00:10:00","requestInterval":"00.00:00:00.010","requestMethod":"GET","additionalHeaders":{"Authorization":{"value":"@concat('Bearer ', activity('Get Bearer Token').output.access_token)","type":"Expression"}}},"sink":{"type":"JsonSink","storeSettings":{"type":"AzureBlobStorageWriteSettings"},"formatSettings":{"type":"JsonWriteSettings"}},"enableStaging":false,"translator":{"type":"TabularTranslator","mappings":[{"source":{"path":"[['tenantId']"},"sink":{"path":"tenantId"}},{"source":{"path":"[['subscriptionId']"},"sink":{"path":"subscriptionId"}},{"source":{"path":"[['displayName']"},"sink":{"path":"subscriptionName"}},{"source":{"path":"[['id']"},"sink":{"path":"resourceId"}},{"source":{"path":"[['authorizationSource']"},"sink":{"path":"authorizationSource"}},{"source":{"path":"[['state']"},"sink":{"path":"state"}},{"source":{"path":"[['subscriptionPolicies']['locationPlacementId']"},"sink":{"path":"locationPlacementId"}},{"source":{"path":"[['subscriptionPolicies']['quotaId']"},"sink":{"path":"quotaId"}},{"source":{"path":"[['subscriptionPolicies']['spendingLimit']"},"sink":{"path":"spendingLimit"}},{"source":{"path":"$['timeGenerated']"},"sink":{"path":"timeGenerated"}},{"source":{"path":"$['count']['type']"},"sink":{"path":"type"}},{"source":{"path":"$['count']['value']"},"sink":{"path":"value"}}],"collectionReference":"$['value']"}},"inputs":[{"referenceName":"Rest_Management_API","type":"DatasetReference","parameters":{"RelativeURL":"subscriptions?api-version=2020-01-01"}}],"outputs":[{"referenceName":"Blob_JSON_File","type":"DatasetReference","parameters":{"folderPath":{"value":"@variables('varDestinationFolderPath')","type":"Expression"},"container":{"value":"@variables('varDestinationContainer')","type":"Expression"},"fileName":{"value":"@variables('varDestinationFileName')","type":"Expression"}}}]},{"name":"Set Folder Path","type":"SetVariable","dependsOn":[{"activity":"Set Process Date","dependencyConditions":["Succeeded"]}],"policy":{"secureOutput":false,"secureInput":false},"userProperties":[],"typeProperties":{"variableName":"varDestinationFolderPath","value":{"value":"@formatDateTime(variables('varProcessDate'), 'yyyy/MM/dd/hh')","type":"Expression"}}},{"name":"Set Process Date","type":"SetVariable","dependsOn":[],"policy":{"secureOutput":false,"secureInput":false},"userProperties":[],"typeProperties":{"variableName":"varProcessDate","value":{"value":"@utcnow()","type":"Expression"}}}]}}],"policy":{"elapsedTimeMetric":{}},"variables":{"varDestinationFileName":{"type":"String"},"varDestinationFolderPath":{"type":"String"},"varDestinationContainer":{"type":"String","defaultValue":"subscription"},"varProcessDate":{"type":"String"},"varCreateNewFile":{"type":"String","defaultValue":"False"},"varApiOutput":{"type":"String"},"varSynapseOutput":{"type":"String"}},"folder":{"name":"Conformed/Process Data Warehouse/Pull Data"},"annotations":[],"lastPublishTime":"2021-09-22T16:12:51Z"},"dependsOn":["[variables('factoryId')]","[concat(variables('factoryId'), '/datasets/Database_Synapse')]","[concat(variables('factoryId'), '/datasets/Rest_Management_API')]","[concat(variables('factoryId'), '/datasets/Blob_JSON_File')]"]},{"name":"[concat(parameters('factoryName'), '/Database_Synapse')]","type":"Microsoft.DataFactory/factories/datasets","apiVersion":"2018-06-01","properties":{"linkedServiceName":{"referenceName":"[parameters('LS_DataWarehouse')]","type":"LinkedServiceReference"},"parameters":{"schema":{"type":"string"},"table":{"type":"string"}},"annotations":[],"type":"AzureSqlDWTable","schema":[],"typeProperties":{"schema":{"value":"@dataset().schema","type":"Expression"},"table":{"value":"@dataset().table","type":"Expression"}}},"dependsOn":["[variables('factoryId')]"]},{"name":"[concat(parameters('factoryName'), '/Rest_Management_API')]","type":"Microsoft.DataFactory/factories/datasets","apiVersion":"2018-06-01","properties":{"linkedServiceName":{"referenceName":"[parameters('LS_ManagementAPI')]","type":"LinkedServiceReference"},"parameters":{"RelativeURL":{"type":"string"}},"annotations":[],"type":"RestResource","typeProperties":{"relativeUrl":{"value":"@dataset().RelativeURL","type":"Expression"}},"schema":[]},"dependsOn":["[variables('factoryId')]"]},{"name":"[concat(parameters('factoryName'), '/Blob_JSON_File')]","type":"Microsoft.DataFactory/factories/datasets","apiVersion":"2018-06-01","properties":{"linkedServiceName":{"referenceName":"[parameters('LS_AzureBlobStorage')]","type":"LinkedServiceReference"},"parameters":{"folderPath":{"type":"string"},"container":{"type":"string"},"fileName":{"type":"string"}},"annotations":[],"type":"Json","typeProperties":{"location":{"type":"AzureBlobStorageLocation","fileName":{"value":"@dataset().fileName","type":"Expression"},"folderPath":{"value":"@dataset().folderPath","type":"Expression"},"container":{"value":"@dataset().container","type":"Expression"}}},"schema":{}},"dependsOn":["[variables('factoryId')]"]}]}