{
	"name": "Fire and forget",
	"properties": {
		"activities": [
			{
				"name": "Start pipeline run",
				"type": "WebActivity",
				"dependsOn": [],
				"policy": {
					"timeout": "7.00:00:00",
					"retry": 0,
					"retryIntervalInSeconds": 30,
					"secureOutput": false,
					"secureInput": false
				},
				"userProperties": [],
				"typeProperties": {
					"url": {
						"value": "https://management.azure.com/subscriptions/@{pipeline().globalParameters.SubscriptionId}/resourceGroups/@{pipeline().globalParameters.ResourceGroupName}/providers/Microsoft.DataFactory/factories/@{pipeline().DataFactory}/pipelines/@{pipeline().parameters.PipelineName}/createRun?api-version=2018-06-01",
						"type": "Expression"
					},
					"method": "POST",
					"body": {
						"value": "@pipeline().parameters.PipelineParametersJson",
						"type": "Expression"
					},
					"authentication": {
						"type": "MSI",
						"resource": "https://management.azure.com/"
					}
				}
			}
		],
		"parameters": {
			"PipelineName": {
				"type": "string"
			},
			"PipelineParametersJson": {
				"type": "string"
			}
		},
		"annotations": [],
		"lastPublishTime": "2020-08-08T20:02:11Z"
	},
	"type": "Microsoft.DataFactory/factories/pipelines"
}