{
    "name": "Begin A365 LicensingDashboard",
    "properties": {
        "activities": [
            {
                "name": "Execute a365LicensingDashboard",
                "type": "SqlServerStoredProcedure",
                "dependsOn": [],
                "policy": {
                    "timeout": "0.01:00:00",
                    "retry": 3,
                    "retryIntervalInSeconds": 30,
                    "secureOutput": false,
                    "secureInput": false
                },
                "userProperties": [],
                "typeProperties": {
                    "storedProcedureName": "[a365].[usp_populateStage2DW_a365LicensingDashboard]"
                },
                "linkedServiceName": {
                    "referenceName": "LS_DataWarehouse",
                    "type": "LinkedServiceReference"
                }
            }
        ],
        "folder": {
            "name": "A365"
        },
        "annotations": []
    }
}