{
	"name": "LS_DataWarehouse",
	"properties": {
		"annotations": [],
		"type": "AzureSqlDW",
		"typeProperties": {
			"connectionString": "Integrated Security=False;Encrypt=True;Connection Timeout=30;Data Source=synwseitaasdatateam.sql.azuresynapse.usgovcloudapi.net;Initial Catalog=synwsdbdatateam",
			"servicePrincipalId": "f170da9d-224c-4127-87b4-c52b5446dabe",
			"servicePrincipalKey": {
				"type": "AzureKeyVaultSecret",
				"store": {
					"referenceName": "LS_KeyVault",
					"type": "LinkedServiceReference"
				},
				"secretName": "service-principal-key"
			},
			"tenant": "fae6d70f-954b-4811-92b6-0530d6f84c43"
		},
		"connectVia": {
			"referenceName": "AutoResolveIntegrationRuntime",
			"type": "IntegrationRuntimeReference"
		}
	}
}