{
	"name": "LS_Databricks",
	"properties": {
		"annotations": [],
		"type": "AzureDatabricks",
		"typeProperties": {
			"domain": "https://adb-8103539900501678.2.databricks.azure.us",
			"authentication": "MSI",
			"workspaceResourceId": "/subscriptions/96ec76b3-d172-42ca-9360-ae675bbd5961/resourceGroups/cde-sandbox/providers/Microsoft.Databricks/workspaces/adbeitaasdatateam",
			"existingClusterId": "0511-202203-jnuoggyj"
		},
		"connectVia": {
			"referenceName": "AutoResolveIntegrationRuntime",
			"type": "IntegrationRuntimeReference"
		}
	},
	"type": "Microsoft.DataFactory/factories/linkedservices"
}