{
    "name": "LS_SqlServer",
	"type": "Microsoft.DataFactory/factories/linkedservices",
    "properties": {
        "annotations": [],
        "type": "AzureSqlDatabase",
        "typeProperties": {
            "connectionString": "Integrated Security=False;Encrypt=True;Connection Timeout=30;Data Source=sqlservereitaasdatateam.database.usgovcloudapi.net;Initial Catalog=ETLAudit",
            "servicePrincipalId": "f170da9d-224c-4127-87b4-c52b5446dabe",
            "servicePrincipalKey": {
                "type": "AzureKeyVaultSecret",
                "store": {
                    "referenceName": "LS_KeyVault",
                    "type": "LinkedServiceReference"
                },
                "secretName": "service-principal-key"
            },
            "tenant": "fae6d70f-954b-4811-92b6-0530d6f84c43",
            "azureCloudType": "AzureUSGovernment"
        },
        "connectVia": {
            "referenceName": "AutoResolveIntegrationRuntime",
            "type": "IntegrationRuntimeReference"
        }
    }
}