{
    "$schema": "http://schema.management.azure.com/schemas/2015-01-01/deploymentTemplate.json#",
    "contentVersion": "1.0.0.0",
    "parameters": {
        "factoryName": {
            "type": "string",
            "metadata": "Data Factory name",
            "defaultValue": "adfeitaasdatateam"
        }
    },
    "variables": {
        "factoryId": "[concat('Microsoft.DataFactory/factories/', parameters('factoryName'))]"
    },
    "resources": [
        {
            "name": "[concat(parameters('factoryName'), '/ACAS_CSV_File')]",
            "type": "Microsoft.DataFactory/factories/datasets",
            "apiVersion": "2018-06-01",
            "properties": {
                "linkedServiceName": {
                    "referenceName": "LS_AzureBlobStorage",
                    "type": "LinkedServiceReference"
                },
                "parameters": {
                    "container": {
                        "type": "string"
                    },
                    "fileName": {
                        "type": "string"
                    },
                    "folderPath": {
                        "type": "string"
                    }
                },
                "annotations": [],
                "type": "DelimitedText",
                "typeProperties": {
                    "location": {
                        "type": "AzureBlobStorageLocation",
                        "fileName": {
                            "value": "@dataset().fileName",
                            "type": "Expression"
                        },
                        "folderPath": {
                            "value": "@dataset().folderPath",
                            "type": "Expression"
                        },
                        "container": {
                            "value": "@dataset().container",
                            "type": "Expression"
                        }
                    },
                    "columnDelimiter": ",",
                    "escapeChar": "\"",
                    "firstRowAsHeader": true,
                    "quoteChar": "\""
                },
                "schema": []
            },
            "dependsOn": []
        },
        {
            "name": "[concat(parameters('factoryName'), '/Archive_Blob_JSON_Container')]",
            "type": "Microsoft.DataFactory/factories/datasets",
            "apiVersion": "2018-06-01",
            "properties": {
                "linkedServiceName": {
                    "referenceName": "LS_AzureArchiveBlobStorage",
                    "type": "LinkedServiceReference"
                },
                "parameters": {
                    "container": {
                        "type": "string"
                    }
                },
                "annotations": [],
                "type": "Json",
                "typeProperties": {
                    "location": {
                        "type": "AzureBlobStorageLocation",
                        "container": {
                            "value": "@dataset().container",
                            "type": "Expression"
                        }
                    }
                },
                "schema": {}
            },
            "dependsOn": []
        },
        {
            "name": "[concat(parameters('factoryName'), '/Blob_A365_CSV_File')]",
            "type": "Microsoft.DataFactory/factories/datasets",
            "apiVersion": "2018-06-01",
            "properties": {
                "linkedServiceName": {
                    "referenceName": "LS_A365_AzureBlobStorage",
                    "type": "LinkedServiceReference"
                },
                "parameters": {
                    "container": {
                        "type": "string"
                    },
                    "fileName": {
                        "type": "string"
                    },
                    "folderPath": {
                        "type": "string"
                    }
                },
                "annotations": [],
                "type": "DelimitedText",
                "typeProperties": {
                    "location": {
                        "type": "AzureBlobStorageLocation",
                        "fileName": {
                            "value": "@dataset().fileName",
                            "type": "Expression"
                        },
                        "folderPath": {
                            "value": "@dataset().folderPath",
                            "type": "Expression"
                        },
                        "container": {
                            "value": "@dataset().container",
                            "type": "Expression"
                        }
                    },
                    "columnDelimiter": ",",
                    "escapeChar": "\\",
                    "firstRowAsHeader": true,
                    "quoteChar": "\""
                },
                "schema": []
            },
            "dependsOn": []
        },
        {
            "name": "[concat(parameters('factoryName'), '/Blob_CSV_Container')]",
            "type": "Microsoft.DataFactory/factories/datasets",
            "apiVersion": "2018-06-01",
            "properties": {
                "linkedServiceName": {
                    "referenceName": "LS_AzureBlobStorage",
                    "type": "LinkedServiceReference"
                },
                "parameters": {
                    "container": {
                        "type": "string"
                    }
                },
                "annotations": [],
                "type": "DelimitedText",
                "typeProperties": {
                    "location": {
                        "type": "AzureBlobStorageLocation",
                        "container": {
                            "value": "@dataset().container",
                            "type": "Expression"
                        }
                    },
                    "columnDelimiter": ",",
                    "escapeChar": "\\",
                    "quoteChar": "\""
                },
                "schema": []
            },
            "dependsOn": []
        },
        {
            "name": "[concat(parameters('factoryName'), '/Blob_CSV_File')]",
            "type": "Microsoft.DataFactory/factories/datasets",
            "apiVersion": "2018-06-01",
            "properties": {
                "linkedServiceName": {
                    "referenceName": "LS_AzureBlobStorage",
                    "type": "LinkedServiceReference"
                },
                "parameters": {
                    "container": {
                        "type": "string"
                    },
                    "fileName": {
                        "type": "string"
                    },
                    "folderPath": {
                        "type": "string"
                    }
                },
                "annotations": [],
                "type": "DelimitedText",
                "typeProperties": {
                    "location": {
                        "type": "AzureBlobStorageLocation",
                        "fileName": {
                            "value": "@dataset().fileName",
                            "type": "Expression"
                        },
                        "folderPath": {
                            "value": "@dataset().folderPath",
                            "type": "Expression"
                        },
                        "container": {
                            "value": "@dataset().container",
                            "type": "Expression"
                        }
                    },
                    "columnDelimiter": ",",
                    "escapeChar": "\\",
                    "firstRowAsHeader": true,
                    "quoteChar": "\""
                },
                "schema": []
            },
            "dependsOn": []
        },
        {
            "name": "[concat(parameters('factoryName'), '/Blob_Dev_CSV_Container')]",
            "type": "Microsoft.DataFactory/factories/datasets",
            "apiVersion": "2018-06-01",
            "properties": {
                "linkedServiceName": {
                    "referenceName": "LS_Dev_AzureBlobStorage",
                    "type": "LinkedServiceReference"
                },
                "parameters": {
                    "container": {
                        "type": "string"
                    }
                },
                "annotations": [],
                "type": "DelimitedText",
                "typeProperties": {
                    "location": {
                        "type": "AzureBlobStorageLocation",
                        "container": {
                            "value": "@dataset().container",
                            "type": "Expression"
                        }
                    },
                    "columnDelimiter": ",",
                    "escapeChar": "\\",
                    "quoteChar": "\""
                },
                "schema": []
            },
            "dependsOn": []
        },
        {
            "name": "[concat(parameters('factoryName'), '/Blob_Dev_JSON_Container')]",
            "type": "Microsoft.DataFactory/factories/datasets",
            "apiVersion": "2018-06-01",
            "properties": {
                "linkedServiceName": {
                    "referenceName": "LS_Dev_AzureBlobStorage",
                    "type": "LinkedServiceReference"
                },
                "parameters": {
                    "container": {
                        "type": "string"
                    }
                },
                "annotations": [],
                "type": "Json",
                "typeProperties": {
                    "location": {
                        "type": "AzureBlobStorageLocation",
                        "container": {
                            "value": "@dataset().container",
                            "type": "Expression"
                        }
                    }
                },
                "schema": {}
            },
            "dependsOn": []
        },
        {
            "name": "[concat(parameters('factoryName'), '/Blob_Excel')]",
            "type": "Microsoft.DataFactory/factories/datasets",
            "apiVersion": "2018-06-01",
            "properties": {
                "linkedServiceName": {
                    "referenceName": "LS_AzureBlobStorage",
                    "type": "LinkedServiceReference"
                },
                "parameters": {
                    "container": {
                        "type": "string"
                    },
                    "folderPath": {
                        "type": "string"
                    },
                    "fileName": {
                        "type": "string"
                    }
                },
                "annotations": [],
                "type": "Excel",
                "typeProperties": {
                    "location": {
                        "type": "AzureBlobStorageLocation",
                        "fileName": {
                            "value": "@dataset().fileName",
                            "type": "Expression"
                        },
                        "folderPath": {
                            "value": "@dataset().folderPath",
                            "type": "Expression"
                        },
                        "container": {
                            "value": "@dataset().container",
                            "type": "Expression"
                        }
                    },
                    "sheetIndex": 0,
                    "firstRowAsHeader": true
                },
                "schema": []
            },
            "dependsOn": []
        },
        {
            "name": "[concat(parameters('factoryName'), '/Blob_Excel_File')]",
            "type": "Microsoft.DataFactory/factories/datasets",
            "apiVersion": "2018-06-01",
            "properties": {
                "linkedServiceName": {
                    "referenceName": "LS_AzureBlobStorage",
                    "type": "LinkedServiceReference"
                },
                "parameters": {
                    "folderPath": {
                        "type": "string"
                    },
                    "container": {
                        "type": "string"
                    },
                    "fileName": {
                        "type": "string"
                    },
                    "worksheetName": {
                        "type": "string"
                    }
                },
                "annotations": [],
                "type": "Excel",
                "typeProperties": {
                    "sheetName": {
                        "value": "@dataset().worksheetName",
                        "type": "Expression"
                    },
                    "location": {
                        "type": "AzureBlobStorageLocation",
                        "fileName": {
                            "value": "@dataset().fileName",
                            "type": "Expression"
                        },
                        "folderPath": {
                            "value": "@dataset().folderPath",
                            "type": "Expression"
                        },
                        "container": {
                            "value": "@dataset().container",
                            "type": "Expression"
                        }
                    },
                    "firstRowAsHeader": true
                },
                "schema": []
            },
            "dependsOn": []
        },
        {
            "name": "[concat(parameters('factoryName'), '/Blob_Excel_Survey_File')]",
            "type": "Microsoft.DataFactory/factories/datasets",
            "apiVersion": "2018-06-01",
            "properties": {
                "linkedServiceName": {
                    "referenceName": "LS_AzureBlobStorage",
                    "type": "LinkedServiceReference"
                },
                "parameters": {
                    "folderPath": {
                        "type": "string"
                    },
                    "container": {
                        "type": "string"
                    },
                    "fileName": {
                        "type": "string"
                    },
                    "worksheetName": {
                        "type": "string"
                    }
                },
                "annotations": [],
                "type": "Excel",
                "typeProperties": {
                    "sheetName": {
                        "value": "@dataset().worksheetName",
                        "type": "Expression"
                    },
                    "location": {
                        "type": "AzureBlobStorageLocation",
                        "fileName": {
                            "value": "@dataset().fileName",
                            "type": "Expression"
                        },
                        "folderPath": {
                            "value": "@dataset().folderPath",
                            "type": "Expression"
                        },
                        "container": {
                            "value": "@dataset().container",
                            "type": "Expression"
                        }
                    },
                    "firstRowAsHeader": false
                },
                "schema": []
            },
            "dependsOn": []
        },
        {
            "name": "[concat(parameters('factoryName'), '/Blob_JSON_Container')]",
            "type": "Microsoft.DataFactory/factories/datasets",
            "apiVersion": "2018-06-01",
            "properties": {
                "linkedServiceName": {
                    "referenceName": "LS_AzureBlobStorage",
                    "type": "LinkedServiceReference"
                },
                "parameters": {
                    "container": {
                        "type": "string"
                    }
                },
                "annotations": [],
                "type": "Json",
                "typeProperties": {
                    "location": {
                        "type": "AzureBlobStorageLocation",
                        "container": {
                            "value": "@dataset().container",
                            "type": "Expression"
                        }
                    },
                    "encodingName": "UTF-8"
                },
                "schema": {}
            },
            "dependsOn": []
        },
        {
            "name": "[concat(parameters('factoryName'), '/Blob_JSON_File')]",
            "type": "Microsoft.DataFactory/factories/datasets",
            "apiVersion": "2018-06-01",
            "properties": {
                "linkedServiceName": {
                    "referenceName": "LS_AzureBlobStorage",
                    "type": "LinkedServiceReference"
                },
                "parameters": {
                    "folderPath": {
                        "type": "string"
                    },
                    "container": {
                        "type": "string"
                    },
                    "fileName": {
                        "type": "string"
                    }
                },
                "annotations": [],
                "type": "Json",
                "typeProperties": {
                    "location": {
                        "type": "AzureBlobStorageLocation",
                        "fileName": {
                            "value": "@dataset().fileName",
                            "type": "Expression"
                        },
                        "folderPath": {
                            "value": "@dataset().folderPath",
                            "type": "Expression"
                        },
                        "container": {
                            "value": "@dataset().container",
                            "type": "Expression"
                        }
                    }
                },
                "schema": {}
            },
            "dependsOn": []
        },
        {
            "name": "[concat(parameters('factoryName'), '/Blob_JSON_Folder')]",
            "type": "Microsoft.DataFactory/factories/datasets",
            "apiVersion": "2018-06-01",
            "properties": {
                "linkedServiceName": {
                    "referenceName": "LS_AzureBlobStorage",
                    "type": "LinkedServiceReference"
                },
                "parameters": {
                    "folderPath": {
                        "type": "string"
                    },
                    "container": {
                        "type": "string"
                    }
                },
                "annotations": [],
                "type": "Json",
                "typeProperties": {
                    "location": {
                        "type": "AzureBlobStorageLocation",
                        "folderPath": {
                            "value": "@dataset().folderPath",
                            "type": "Expression"
                        },
                        "container": {
                            "value": "@dataset().container",
                            "type": "Expression"
                        }
                    }
                },
                "schema": {}
            },
            "dependsOn": []
        },
        {
            "name": "[concat(parameters('factoryName'), '/Blob_RCCC_CSV_File')]",
            "type": "Microsoft.DataFactory/factories/datasets",
            "apiVersion": "2018-06-01",
            "properties": {
                "linkedServiceName": {
                    "referenceName": "LS_AzureBlobStorage",
                    "type": "LinkedServiceReference"
                },
                "parameters": {
                    "container": {
                        "type": "string"
                    },
                    "fileName": {
                        "type": "string"
                    },
                    "folderPath": {
                        "type": "string"
                    }
                },
                "annotations": [],
                "type": "DelimitedText",
                "typeProperties": {
                    "location": {
                        "type": "AzureBlobStorageLocation",
                        "fileName": {
                            "value": "@dataset().fileName",
                            "type": "Expression"
                        },
                        "folderPath": {
                            "value": "@dataset().folderPath",
                            "type": "Expression"
                        },
                        "container": {
                            "value": "@dataset().container",
                            "type": "Expression"
                        }
                    },
                    "columnDelimiter": ",",
                    "escapeChar": "\"",
                    "firstRowAsHeader": true,
                    "quoteChar": "\""
                },
                "schema": []
            },
            "dependsOn": []
        },
        {
            "name": "[concat(parameters('factoryName'), '/DataLake_JSON_Container')]",
            "type": "Microsoft.DataFactory/factories/datasets",
            "apiVersion": "2018-06-01",
            "properties": {
                "linkedServiceName": {
                    "referenceName": "LS_DataLake",
                    "type": "LinkedServiceReference"
                },
                "parameters": {
                    "container": {
                        "type": "string"
                    }
                },
                "annotations": [],
                "type": "Json",
                "typeProperties": {
                    "location": {
                        "type": "AzureBlobFSLocation",
                        "fileSystem": {
                            "value": "@dataset().container",
                            "type": "Expression"
                        }
                    }
                },
                "schema": {}
            },
            "dependsOn": []
        },
        {
            "name": "[concat(parameters('factoryName'), '/DataLake_Parquet_File')]",
            "type": "Microsoft.DataFactory/factories/datasets",
            "apiVersion": "2018-06-01",
            "properties": {
                "linkedServiceName": {
                    "referenceName": "LS_DataLake",
                    "type": "LinkedServiceReference"
                },
                "parameters": {
                    "folderPath": {
                        "type": "string"
                    },
                    "container": {
                        "type": "string"
                    },
                    "fileName": {
                        "type": "string"
                    }
                },
                "annotations": [],
                "type": "Parquet",
                "typeProperties": {
                    "location": {
                        "type": "AzureBlobFSLocation",
                        "fileName": {
                            "value": "@dataset().fileName",
                            "type": "Expression"
                        },
                        "folderPath": {
                            "value": "@dataset().folderPath",
                            "type": "Expression"
                        },
                        "fileSystem": {
                            "value": "@dataset().container",
                            "type": "Expression"
                        }
                    },
                    "compressionCodec": "gzip"
                },
                "schema": []
            },
            "dependsOn": []
        },
        {
            "name": "[concat(parameters('factoryName'), '/DataLake_Parquet_Folder')]",
            "type": "Microsoft.DataFactory/factories/datasets",
            "apiVersion": "2018-06-01",
            "properties": {
                "linkedServiceName": {
                    "referenceName": "LS_DataLake",
                    "type": "LinkedServiceReference"
                },
                "parameters": {
                    "folderPath": {
                        "type": "string"
                    },
                    "container": {
                        "type": "string"
                    }
                },
                "annotations": [],
                "type": "Parquet",
                "typeProperties": {
                    "location": {
                        "type": "AzureBlobFSLocation",
                        "folderPath": {
                            "value": "@dataset().folderPath",
                            "type": "Expression"
                        },
                        "fileSystem": {
                            "value": "@dataset().container",
                            "type": "Expression"
                        }
                    },
                    "compressionCodec": "gzip"
                },
                "schema": []
            },
            "dependsOn": []
        },
        {
            "name": "[concat(parameters('factoryName'), '/Database_SQLServer')]",
            "type": "Microsoft.DataFactory/factories/datasets",
            "apiVersion": "2018-06-01",
            "properties": {
                "linkedServiceName": {
                    "referenceName": "LS_SqlServer",
                    "type": "LinkedServiceReference"
                },
                "annotations": [],
                "type": "AzureSqlTable",
                "schema": [],
                "typeProperties": {}
            },
            "dependsOn": []
        },
        {
            "name": "[concat(parameters('factoryName'), '/Database_Synapse')]",
            "type": "Microsoft.DataFactory/factories/datasets",
            "apiVersion": "2018-06-01",
            "properties": {
                "linkedServiceName": {
                    "referenceName": "LS_DataWarehouse",
                    "type": "LinkedServiceReference"
                },
                "parameters": {
                    "schema": {
                        "type": "string"
                    },
                    "table": {
                        "type": "string"
                    }
                },
                "annotations": [],
                "type": "AzureSqlDWTable",
                "schema": [
                    {
                        "name": "StartDateTime",
                        "type": "datetime",
                        "precision": 23,
                        "scale": 3
                    },
                    {
                        "name": "EndDateTime",
                        "type": "datetime",
                        "precision": 23,
                        "scale": 3
                    },
                    {
                        "name": "count",
                        "type": "bigint",
                        "precision": 19
                    }
                ],
                "typeProperties": {
                    "schema": {
                        "value": "@dataset().schema",
                        "type": "Expression"
                    },
                    "table": {
                        "value": "@dataset().table",
                        "type": "Expression"
                    }
                }
            },
            "dependsOn": []
        },
        {
            "name": "[concat(parameters('factoryName'), '/Database_Synapse_SecurityAlertImport')]",
            "type": "Microsoft.DataFactory/factories/datasets",
            "apiVersion": "2018-06-01",
            "properties": {
                "linkedServiceName": {
                    "referenceName": "LS_DataWarehouse",
                    "type": "LinkedServiceReference"
                },
                "annotations": [],
                "type": "AzureSqlDWTable",
                "schema": [
                    {
                        "name": "data",
                        "type": "varchar"
                    }
                ],
                "typeProperties": {
                    "schema": "Stage",
                    "table": "securityAlertImport"
                }
            },
            "dependsOn": []
        }
    ]
}