{
    "$schema": "http://schema.management.azure.com/schemas/2015-01-01/deploymentTemplate.json#",
    "contentVersion": "1.0.0.0",
    "parameters": {
        "factoryName": {
            "type": "string",
            "metadata": "Data Factory name",
            "defaultValue": "adfeitaasdatateam"
        },
        "Archive_ADLSG2_accountKey": {
            "type": "secureString",
            "metadata": "Secure string for 'accountKey' of 'Archive_ADLSG2'"
        },
        "GetExcelSheetName_functionKey": {
            "type": "secureString",
            "metadata": "Secure string for 'functionKey' of 'GetExcelSheetName'"
        },
        "LS_AzureArchiveBlobStorage_connectionString": {
            "type": "secureString",
            "metadata": "Secure string for 'connectionString' of 'LS_AzureArchiveBlobStorage'"
        },
        "LS_DataWarehouse_connectionString": {
            "type": "secureString",
            "metadata": "Secure string for 'connectionString' of 'LS_DataWarehouse'",
            "defaultValue": "Integrated Security=False;Encrypt=True;Connection Timeout=30;Data Source=synwseitaasdatateam.sql.azuresynapse.usgovcloudapi.net;Initial Catalog=synwsdbdatateam"
        },
        "ADOC_SIR_SharePoint_Online_List_properties_typeProperties_servicePrincipalId": {
            "type": "string",
            "defaultValue": "f170da9d-224c-4127-87b4-c52b5446dabe"
        },
        "ADX_POC_properties_typeProperties_endpoint": {
            "type": "string",
            "defaultValue": "https://darpan-demo-adx.usgovvirginia.kusto.usgovcloudapi.net"
        },
        "ADX_POC_properties_typeProperties_tenant": {
            "type": "string",
            "defaultValue": "fae6d70f-954b-4811-92b6-0530d6f84c43"
        },
        "ADX_POC_properties_typeProperties_servicePrincipalId": {
            "type": "string",
            "defaultValue": "f170da9d-224c-4127-87b4-c52b5446dabe"
        },
        "ADX_POC_properties_typeProperties_database": {
            "type": "string",
            "defaultValue": "demo-adx-database"
        },
        "Archive_ADLSG2_properties_typeProperties_url": {
            "type": "string",
            "defaultValue": "https://saeitaasdatateamarch.dfs.core.usgovcloudapi.net/"
        },
        "GetExcelSheetName_properties_typeProperties_functionAppUrl": {
            "type": "string",
            "defaultValue": "https://getexcelsheetname.azurewebsites.us"
        },
        "LS_A365_AzureBlobStorage_properties_typeProperties_connectionString_secretName": {
            "type": "string",
            "defaultValue": "blob-storage-a365-connection-string"
        },
        "LS_AVDLogAnalytics_properties_typeProperties_url": {
            "type": "string",
            "defaultValue": "https://api.loganalytics.us/v1/workspaces/cd6ae788-85d5-4f98-9f6c-663af6875954/"
        },
        "LS_AppInsights_BishopBot_properties_typeProperties_url": {
            "type": "string",
            "defaultValue": "https://api.applicationinsights.us/v1/apps/a43095e0-1da8-4ca9-b6dc-789f39b1e659/"
        },
        "LS_AzureBlobStorage_properties_typeProperties_connectionString_secretName": {
            "type": "string",
            "defaultValue": "blob-storage-connection-string"
        },
        "LS_DataLake_properties_typeProperties_url": {
            "type": "string",
            "defaultValue": "https://dleitaasdatateam.dfs.core.usgovcloudapi.net"
        },
        "LS_DataWarehouse_properties_typeProperties_servicePrincipalId": {
            "type": "string",
            "defaultValue": "f170da9d-224c-4127-87b4-c52b5446dabe"
        },
        "LS_DataWarehouse_properties_typeProperties_tenant": {
            "type": "string",
            "defaultValue": "fae6d70f-954b-4811-92b6-0530d6f84c43"
        },
        "LS_Databricks_properties_typeProperties_domain": {
            "type": "string",
            "defaultValue": "https://adb-8103539900501678.2.databricks.azure.us"
        },
        "LS_Databricks_properties_typeProperties_workspaceResourceId": {
            "type": "string",
            "defaultValue": "/subscriptions/96ec76b3-d172-42ca-9360-ae675bbd5961/resourceGroups/cde-sandbox/providers/Microsoft.Databricks/workspaces/adbeitaasdatateam"
        },
        "LS_Databricks_properties_typeProperties_existingClusterId": {
            "type": "string",
            "defaultValue": "0511-202203-jnuoggyj"
        },
        "LS_Dev_AzureBlobStorage_properties_typeProperties_connectionString_secretName": {
            "type": "string",
            "defaultValue": "dev-blob-storage-connection-string"
        },
        "LS_DeviceAPI_properties_typeProperties_url": {
            "type": "string",
            "defaultValue": "@{linkedService().baseUrl}"
        },
        "LS_DoDGraphAPI_properties_typeProperties_url": {
            "type": "string",
            "defaultValue": "https://dod-graph.microsoft.us/"
        },
        "LS_DoDGraphAPI_Csv_properties_typeProperties_url": {
            "type": "string",
            "defaultValue": "https://dod-graph.microsoft.us/"
        },
        "LS_GraphAPI_properties_typeProperties_url": {
            "type": "string",
            "defaultValue": "https://graph.microsoft.us/"
        },
        "LS_LogAnalytics_properties_typeProperties_url": {
            "type": "string",
            "defaultValue": "https://api.loganalytics.us/v1/workspaces/0757d021-c2cf-48af-98ef-1d62609b6b65/"
        },
        "LS_NetworkLogAnalytics_properties_typeProperties_url": {
            "type": "string",
            "defaultValue": "https://api.loganalytics.us/v1/workspaces/ebbb60cb-efa7-42da-b80c-f776d7a67f69/"
        },
        "LS_PowerBi_properties_typeProperties_url": {
            "type": "string",
            "defaultValue": "https://api.mil.powerbigov.us/v1.0/myorg/groups/"
        }
    },
    "variables": {
        "factoryId": "[concat('Microsoft.DataFactory/factories/', parameters('factoryName'))]"
    },
    "resources": [
        {
            "name": "[concat(parameters('factoryName'), '/ADOC_SIR_SharePoint_Online_List')]",
            "type": "Microsoft.DataFactory/factories/linkedServices",
            "apiVersion": "2018-06-01",
            "properties": {
                "annotations": [],
                "type": "SharePointOnlineList",
                "typeProperties": {
                    "siteUrl": "https://armyeitaas.sharepoint-mil.us/sites/NETCOM-G3-C4IM/Lists/ADOC%20WATCH%20NETCOM%20SIR%20CY2023/Open%20SIRs.aspx?viewid=4f78f9e9%2Ddabb%2D4db0%2Db6d7%2D8f0666823c04",
                    "tenantId": "fae6d70f-954b-4811-92b6-0530d6f84c43",
                    "servicePrincipalId": "[parameters('ADOC_SIR_SharePoint_Online_List_properties_typeProperties_servicePrincipalId')]",
                    "servicePrincipalKey": {
                        "type": "AzureKeyVaultSecret",
                        "store": {
                            "referenceName": "LS_KeyVault",
                            "type": "LinkedServiceReference"
                        },
                        "secretName": "service-principal-key",
                        "secretVersion": "7756f85cceab467d99ca2899238edd3e"
                    }
                },
                "connectVia": {
                    "referenceName": "AutoResolveIntegrationRuntime",
                    "type": "IntegrationRuntimeReference"
                }
            },
            "dependsOn": []
        },
        {
            "name": "[concat(parameters('factoryName'), '/ADX_POC')]",
            "type": "Microsoft.DataFactory/factories/linkedServices",
            "apiVersion": "2018-06-01",
            "properties": {
                "annotations": [],
                "type": "AzureDataExplorer",
                "typeProperties": {
                    "endpoint": "[parameters('ADX_POC_properties_typeProperties_endpoint')]",
                    "tenant": "[parameters('ADX_POC_properties_typeProperties_tenant')]",
                    "servicePrincipalId": "[parameters('ADX_POC_properties_typeProperties_servicePrincipalId')]",
                    "servicePrincipalKey": {
                        "type": "AzureKeyVaultSecret",
                        "store": {
                            "referenceName": "LS_KeyVault",
                            "type": "LinkedServiceReference"
                        },
                        "secretName": "service-principal-key",
                        "secretVersion": "c3f842af5771409bb05bf97eaf16d445"
                    },
                    "database": "[parameters('ADX_POC_properties_typeProperties_database')]"
                },
                "connectVia": {
                    "referenceName": "AutoResolveIntegrationRuntime",
                    "type": "IntegrationRuntimeReference"
                }
            },
            "dependsOn": []
        },
        {
            "name": "[concat(parameters('factoryName'), '/Archive_ADLSG2')]",
            "type": "Microsoft.DataFactory/factories/linkedServices",
            "apiVersion": "2018-06-01",
            "properties": {
                "annotations": [],
                "type": "AzureBlobFS",
                "typeProperties": {
                    "url": "[parameters('Archive_ADLSG2_properties_typeProperties_url')]",
                    "accountKey": {
                        "type": "SecureString",
                        "value": "[parameters('Archive_ADLSG2_accountKey')]"
                    }
                },
                "connectVia": {
                    "referenceName": "AutoResolveIntegrationRuntime",
                    "type": "IntegrationRuntimeReference"
                }
            },
            "dependsOn": []
        },
        {
            "name": "[concat(parameters('factoryName'), '/GetExcelSheetName')]",
            "type": "Microsoft.DataFactory/factories/linkedServices",
            "apiVersion": "2018-06-01",
            "properties": {
                "annotations": [],
                "type": "AzureFunction",
                "typeProperties": {
                    "functionAppUrl": "[parameters('GetExcelSheetName_properties_typeProperties_functionAppUrl')]",
                    "functionKey": {
                        "type": "SecureString",
                        "value": "[parameters('GetExcelSheetName_functionKey')]"
                    },
                    "authentication": "Anonymous"
                },
                "connectVia": {
                    "referenceName": "AutoResolveIntegrationRuntime",
                    "type": "IntegrationRuntimeReference"
                }
            },
            "dependsOn": []
        },
        {
            "name": "[concat(parameters('factoryName'), '/LS_A365_AzureBlobStorage')]",
            "type": "Microsoft.DataFactory/factories/linkedServices",
            "apiVersion": "2018-06-01",
            "properties": {
                "annotations": [],
                "type": "AzureBlobStorage",
                "typeProperties": {
                    "connectionString": {
                        "type": "AzureKeyVaultSecret",
                        "store": {
                            "referenceName": "LS_KeyVault",
                            "type": "LinkedServiceReference"
                        },
                        "secretName": "[parameters('LS_A365_AzureBlobStorage_properties_typeProperties_connectionString_secretName')]"
                    }
                },
                "connectVia": {
                    "referenceName": "AutoResolveIntegrationRuntime",
                    "type": "IntegrationRuntimeReference"
                }
            },
            "dependsOn": []
        },
        {
            "name": "[concat(parameters('factoryName'), '/LS_AVDLogAnalytics')]",
            "type": "Microsoft.DataFactory/factories/linkedServices",
            "apiVersion": "2018-06-01",
            "properties": {
                "annotations": [],
                "type": "RestService",
                "typeProperties": {
                    "url": "[parameters('LS_AVDLogAnalytics_properties_typeProperties_url')]",
                    "enableServerCertificateValidation": true,
                    "authenticationType": "Anonymous"
                },
                "connectVia": {
                    "referenceName": "AutoResolveIntegrationRuntime",
                    "type": "IntegrationRuntimeReference"
                }
            },
            "dependsOn": []
        },
        {
            "name": "[concat(parameters('factoryName'), '/LS_AppInsights_BishopBot')]",
            "type": "Microsoft.DataFactory/factories/linkedServices",
            "apiVersion": "2018-06-01",
            "properties": {
                "annotations": [],
                "type": "RestService",
                "typeProperties": {
                    "url": "[parameters('LS_AppInsights_BishopBot_properties_typeProperties_url')]",
                    "enableServerCertificateValidation": true,
                    "authenticationType": "Anonymous"
                },
                "connectVia": {
                    "referenceName": "AutoResolveIntegrationRuntime",
                    "type": "IntegrationRuntimeReference"
                }
            },
            "dependsOn": []
        },
        {
            "name": "[concat(parameters('factoryName'), '/LS_AzureArchiveBlobStorage')]",
            "type": "Microsoft.DataFactory/factories/linkedServices",
            "apiVersion": "2018-06-01",
            "properties": {
                "annotations": [],
                "type": "AzureBlobStorage",
                "typeProperties": {
                    "connectionString": "[parameters('LS_AzureArchiveBlobStorage_connectionString')]"
                },
                "connectVia": {
                    "referenceName": "AutoResolveIntegrationRuntime",
                    "type": "IntegrationRuntimeReference"
                }
            },
            "dependsOn": []
        },
        {
            "name": "[concat(parameters('factoryName'), '/LS_AzureBlobStorage')]",
            "type": "Microsoft.DataFactory/factories/linkedServices",
            "apiVersion": "2018-06-01",
            "properties": {
                "annotations": [],
                "type": "AzureBlobStorage",
                "typeProperties": {
                    "connectionString": {
                        "type": "AzureKeyVaultSecret",
                        "store": {
                            "referenceName": "LS_KeyVault",
                            "type": "LinkedServiceReference"
                        },
                        "secretName": "[parameters('LS_AzureBlobStorage_properties_typeProperties_connectionString_secretName')]"
                    }
                }
            },
            "dependsOn": []
        },
        {
            "name": "[concat(parameters('factoryName'), '/LS_DataLake')]",
            "type": "Microsoft.DataFactory/factories/linkedServices",
            "apiVersion": "2018-06-01",
            "properties": {
                "annotations": [],
                "type": "AzureBlobFS",
                "typeProperties": {
                    "url": "[parameters('LS_DataLake_properties_typeProperties_url')]"
                },
                "connectVia": {
                    "referenceName": "AutoResolveIntegrationRuntime",
                    "type": "IntegrationRuntimeReference"
                }
            },
            "dependsOn": []
        },
        {
            "name": "[concat(parameters('factoryName'), '/LS_DataWarehouse')]",
            "type": "Microsoft.DataFactory/factories/linkedServices",
            "apiVersion": "2018-06-01",
            "properties": {
                "annotations": [],
                "type": "AzureSqlDW",
                "typeProperties": {
                    "connectionString": "[parameters('LS_DataWarehouse_connectionString')]",
                    "servicePrincipalId": "[parameters('LS_DataWarehouse_properties_typeProperties_servicePrincipalId')]",
                    "servicePrincipalKey": {
                        "type": "AzureKeyVaultSecret",
                        "store": {
                            "referenceName": "LS_KeyVault",
                            "type": "LinkedServiceReference"
                        },
                        "secretName": "service-principal-key"
                    },
                    "tenant": "[parameters('LS_DataWarehouse_properties_typeProperties_tenant')]"
                },
                "connectVia": {
                    "referenceName": "AutoResolveIntegrationRuntime",
                    "type": "IntegrationRuntimeReference"
                }
            },
            "dependsOn": []
        },
        {
            "name": "[concat(parameters('factoryName'), '/LS_Databricks')]",
            "type": "Microsoft.DataFactory/factories/linkedServices",
            "apiVersion": "2018-06-01",
            "properties": {
                "annotations": [],
                "type": "AzureDatabricks",
                "typeProperties": {
                    "domain": "[parameters('LS_Databricks_properties_typeProperties_domain')]",
                    "authentication": "MSI",
                    "workspaceResourceId": "[parameters('LS_Databricks_properties_typeProperties_workspaceResourceId')]",
                    "existingClusterId": "[parameters('LS_Databricks_properties_typeProperties_existingClusterId')]"
                },
                "connectVia": {
                    "referenceName": "AutoResolveIntegrationRuntime",
                    "type": "IntegrationRuntimeReference"
                }
            },
            "dependsOn": []
        },
        {
            "name": "[concat(parameters('factoryName'), '/LS_Dev_AzureBlobStorage')]",
            "type": "Microsoft.DataFactory/factories/linkedServices",
            "apiVersion": "2018-06-01",
            "properties": {
                "annotations": [],
                "type": "AzureBlobStorage",
                "typeProperties": {
                    "connectionString": {
                        "type": "AzureKeyVaultSecret",
                        "store": {
                            "referenceName": "LS_KeyVault",
                            "type": "LinkedServiceReference"
                        },
                        "secretName": "[parameters('LS_Dev_AzureBlobStorage_properties_typeProperties_connectionString_secretName')]"
                    }
                },
                "connectVia": {
                    "referenceName": "AutoResolveIntegrationRuntime",
                    "type": "IntegrationRuntimeReference"
                }
            },
            "dependsOn": []
        },
        {
            "name": "[concat(parameters('factoryName'), '/LS_DeviceAPI')]",
            "type": "Microsoft.DataFactory/factories/linkedServices",
            "apiVersion": "2018-06-01",
            "properties": {
                "parameters": {
                    "baseUrl": {
                        "type": "String"
                    }
                },
                "annotations": [],
                "type": "HttpServer",
                "typeProperties": {
                    "url": "[parameters('LS_DeviceAPI_properties_typeProperties_url')]",
                    "enableServerCertificateValidation": true,
                    "authenticationType": "Anonymous"
                },
                "connectVia": {
                    "referenceName": "AutoResolveIntegrationRuntime",
                    "type": "IntegrationRuntimeReference"
                }
            },
            "dependsOn": []
        },
        {
            "name": "[concat(parameters('factoryName'), '/LS_DoDGraphAPI')]",
            "type": "Microsoft.DataFactory/factories/linkedServices",
            "apiVersion": "2018-06-01",
            "properties": {
                "annotations": [],
                "type": "RestService",
                "typeProperties": {
                    "url": "[parameters('LS_DoDGraphAPI_properties_typeProperties_url')]",
                    "enableServerCertificateValidation": true,
                    "authenticationType": "Anonymous"
                },
                "connectVia": {
                    "referenceName": "AutoResolveIntegrationRuntime",
                    "type": "IntegrationRuntimeReference"
                }
            },
            "dependsOn": []
        },
        {
            "name": "[concat(parameters('factoryName'), '/LS_DoDGraphAPI_Csv')]",
            "type": "Microsoft.DataFactory/factories/linkedServices",
            "apiVersion": "2018-06-01",
            "properties": {
                "annotations": [],
                "type": "HttpServer",
                "typeProperties": {
                    "url": "[parameters('LS_DoDGraphAPI_Csv_properties_typeProperties_url')]",
                    "enableServerCertificateValidation": true,
                    "authenticationType": "Anonymous"
                },
                "connectVia": {
                    "referenceName": "AutoResolveIntegrationRuntime",
                    "type": "IntegrationRuntimeReference"
                }
            },
            "dependsOn": []
        },
        {
            "name": "[concat(parameters('factoryName'), '/LS_GraphAPI')]",
            "type": "Microsoft.DataFactory/factories/linkedServices",
            "apiVersion": "2018-06-01",
            "properties": {
                "annotations": [],
                "type": "RestService",
                "typeProperties": {
                    "url": "[parameters('LS_GraphAPI_properties_typeProperties_url')]",
                    "enableServerCertificateValidation": true,
                    "authenticationType": "Anonymous"
                },
                "connectVia": {
                    "referenceName": "AutoResolveIntegrationRuntime",
                    "type": "IntegrationRuntimeReference"
                }
            },
            "dependsOn": []
        },
        {
            "name": "[concat(parameters('factoryName'), '/LS_LogAnalytics')]",
            "type": "Microsoft.DataFactory/factories/linkedServices",
            "apiVersion": "2018-06-01",
            "properties": {
                "annotations": [],
                "type": "RestService",
                "typeProperties": {
                    "url": "[parameters('LS_LogAnalytics_properties_typeProperties_url')]",
                    "enableServerCertificateValidation": true,
                    "authenticationType": "Anonymous"
                },
                "connectVia": {
                    "referenceName": "AutoResolveIntegrationRuntime",
                    "type": "IntegrationRuntimeReference"
                }
            },
            "dependsOn": []
        },
        {
            "name": "[concat(parameters('factoryName'), '/LS_NetworkLogAnalytics')]",
            "type": "Microsoft.DataFactory/factories/linkedServices",
            "apiVersion": "2018-06-01",
            "properties": {
                "annotations": [],
                "type": "RestService",
                "typeProperties": {
                    "url": "[parameters('LS_NetworkLogAnalytics_properties_typeProperties_url')]",
                    "enableServerCertificateValidation": true,
                    "authenticationType": "Anonymous"
                },
                "connectVia": {
                    "referenceName": "AutoResolveIntegrationRuntime",
                    "type": "IntegrationRuntimeReference"
                }
            },
            "dependsOn": []
        },
        {
            "name": "[concat(parameters('factoryName'), '/LS_PowerBi')]",
            "type": "Microsoft.DataFactory/factories/linkedServices",
            "apiVersion": "2018-06-01",
            "properties": {
                "annotations": [],
                "type": "RestService",
                "typeProperties": {
                    "url": "[parameters('LS_PowerBi_properties_typeProperties_url')]",
                    "enableServerCertificateValidation": true,
                    "authenticationType": "Anonymous"
                },
                "connectVia": {
                    "referenceName": "AutoResolveIntegrationRuntime",
                    "type": "IntegrationRuntimeReference"
                }
            },
            "dependsOn": []
        }
    ]
}