{
    "$schema": "http://schema.management.azure.com/schemas/2015-01-01/deploymentTemplate.json#",
    "contentVersion": "1.0.0.0",
    "parameters": {
        "factoryName": {
            "type": "string",
            "metadata": "Data Factory name",
            "defaultValue": "adfeitaasdatateam"
        }
    },
    "variables": {
        "factoryId": "[concat('Microsoft.DataFactory/factories/', parameters('factoryName'))]"
    },
    "resources": [
        {
            "name": "[concat(parameters('factoryName'), '/AVD_Workflow_Trigger')]",
            "type": "Microsoft.DataFactory/factories/triggers",
            "apiVersion": "2018-06-01",
            "properties": {
                "annotations": [
                    "AVD",
                    "Schedule",
                    "1 Day"
                ],
                "runtimeState": "Stopped",
                "pipelines": [
                    {
                        "pipelineReference": {
                            "referenceName": "Begin AVD Log Workflow",
                            "type": "PipelineReference"
                        },
                        "parameters": {}
                    }
                ],
                "type": "ScheduleTrigger",
                "typeProperties": {
                    "recurrence": {
                        "frequency": "Day",
                        "interval": 1,
                        "startTime": "2024-04-19T20:21:00Z",
                        "timeZone": "UTC",
                        "schedule": {
                            "minutes": [
                                0
                            ],
                            "hours": [
                                11
                            ]
                        }
                    }
                }
            },
            "dependsOn": []
        }
    ]
}