{
    "$schema": "http://schema.management.azure.com/schemas/2015-01-01/deploymentTemplate.json#",
    "contentVersion": "1.0.0.0",
    "parameters": {
        "factoryName": {
            "type": "string",
            "metadata": "Data Factory name",
            "defaultValue": "adfeitaasdatateam"
        },
        "MDE_Workflow_Trigger_Daily_except_Saturday_properties_Begin MDE Workflow_parameters_fullLoadFlag": {
            "type": "string",
            "defaultValue": "0"
        },
        "MDE_Workflow_Trigger_Weekly_properties_Begin MDE Workflow_parameters_fullLoadFlag": {
            "type": "string",
            "defaultValue": "1"
        }
    },
    "variables": {
        "factoryId": "[concat('Microsoft.DataFactory/factories/', parameters('factoryName'))]"
    },
    "resources": [
        {
            "name": "[concat(parameters('factoryName'), '/Begin CdeReporting Workflow')]",
            "type": "Microsoft.DataFactory/factories/pipelines",
            "apiVersion": "2018-06-01",
            "properties": {
                "activities": [
                    {
                        "name": "Process CdeReporting Data Warehouse",
                        "type": "ExecutePipeline",
                        "dependsOn": [
                            {
                                "activity": "Audit - Start Workflow",
                                "dependencyConditions": [
                                    "Succeeded"
                                ]
                            }
                        ],
                        "policy": {
                            "secureInput": false
                        },
                        "userProperties": [],
                        "typeProperties": {
                            "pipeline": {
                                "referenceName": "Process CdeReporting Data Warehouse",
                                "type": "PipelineReference"
                            },
                            "waitOnCompletion": true,
                            "parameters": {
                                "ParentExecutionKey": {
                                    "value": "@activity('Audit - Start Workflow').output.firstRow.ProcessExecutionKey",
                                    "type": "Expression"
                                }
                            }
                        }
                    },
                    {
                        "name": "Audit - End Workflow - Success",
                        "type": "SqlServerStoredProcedure",
                        "dependsOn": [
                            {
                                "activity": "Process CdeReporting Data Warehouse",
                                "dependencyConditions": [
                                    "Succeeded"
                                ]
                            }
                        ],
                        "policy": {
                            "timeout": "0.00:01:00",
                            "retry": 3,
                            "retryIntervalInSeconds": 30,
                            "secureOutput": false,
                            "secureInput": false
                        },
                        "userProperties": [],
                        "typeProperties": {
                            "storedProcedureName": "[[etlaudit].[usp_UpdateAuditProcessExecution]",
                            "storedProcedureParameters": {
                                "ProcessExecutionKey": {
                                    "value": {
                                        "value": "@activity('Audit - Start Workflow').output.firstRow.ProcessExecutionKey",
                                        "type": "Expression"
                                    },
                                    "type": "Int32"
                                },
                                "SuccessfulProcessingIndicator": {
                                    "value": "Y",
                                    "type": "String"
                                }
                            }
                        },
                        "linkedServiceName": {
                            "referenceName": "LS_SqlServer",
                            "type": "LinkedServiceReference"
                        }
                    },
                    {
                        "name": "Audit - End Workflow - Failure",
                        "type": "SqlServerStoredProcedure",
                        "dependsOn": [
                            {
                                "activity": "Process CdeReporting Data Warehouse",
                                "dependencyConditions": [
                                    "Failed"
                                ]
                            }
                        ],
                        "policy": {
                            "timeout": "0.00:01:00",
                            "retry": 3,
                            "retryIntervalInSeconds": 30,
                            "secureOutput": false,
                            "secureInput": false
                        },
                        "userProperties": [],
                        "typeProperties": {
                            "storedProcedureName": "[[etlaudit].[usp_UpdateAuditProcessExecution]",
                            "storedProcedureParameters": {
                                "ProcessExecutionKey": {
                                    "value": {
                                        "value": "@activity('Audit - Start Workflow').output.firstRow.ProcessExecutionKey",
                                        "type": "Expression"
                                    },
                                    "type": "Int32"
                                },
                                "SuccessfulProcessingIndicator": {
                                    "value": "N",
                                    "type": "String"
                                }
                            }
                        },
                        "linkedServiceName": {
                            "referenceName": "LS_SqlServer",
                            "type": "LinkedServiceReference"
                        }
                    },
                    {
                        "name": "Audit - Start Workflow",
                        "type": "Lookup",
                        "dependsOn": [],
                        "policy": {
                            "timeout": "0.00:01:00",
                            "retry": 3,
                            "retryIntervalInSeconds": 30,
                            "secureOutput": false,
                            "secureInput": false
                        },
                        "userProperties": [],
                        "typeProperties": {
                            "source": {
                                "type": "SqlServerSource",
                                "sqlReaderQuery": {
                                    "value": "@concat(\n'\nDECLARE @ProcessExecutionKey int\n\nEXEC [etlaudit].[usp_InsertAuditProcessExecution]\n  @ProcessName = ''', pipeline().Pipeline ,'''\n, @ProcessExecutionKey = @ProcessExecutionKey OUTPUT;\n\nSELECT @ProcessExecutionKey AS ProcessExecutionKey\n'\n)\n",
                                    "type": "Expression"
                                },
                                "queryTimeout": "02:00:00",
                                "partitionOption": "None"
                            },
                            "dataset": {
                                "referenceName": "Database_SQLServer",
                                "type": "DatasetReference",
                                "parameters": {}
                            },
                            "firstRowOnly": true
                        }
                    }
                ],
                "concurrency": 1,
                "policy": {
                    "elapsedTimeMetric": {
                        "duration": "0.00:30:00"
                    }
                },
                "folder": {
                    "name": "CdeReporting"
                },
                "annotations": [],
                "lastPublishTime": "2021-09-22T15:02:16Z"
            },
            "dependsOn": []
        },
        {
            "name": "[concat(parameters('factoryName'), '/Begin MDE Workflow')]",
            "type": "Microsoft.DataFactory/factories/pipelines",
            "apiVersion": "2018-06-01",
            "properties": {
                "activities": [
                    {
                        "name": "Process MDE Data Warehouse",
                        "type": "ExecutePipeline",
                        "dependsOn": [
                            {
                                "activity": "Audit - Start Workflow",
                                "dependencyConditions": [
                                    "Succeeded"
                                ]
                            }
                        ],
                        "policy": {
                            "secureInput": false
                        },
                        "userProperties": [],
                        "typeProperties": {
                            "pipeline": {
                                "referenceName": "Process MDE Data Warehouse",
                                "type": "PipelineReference"
                            },
                            "waitOnCompletion": true,
                            "parameters": {
                                "ParentExecutionKey": {
                                    "value": "@activity('Audit - Start Workflow').output.firstRow.ProcessExecutionKey",
                                    "type": "Expression"
                                },
                                "fullLoadFlag": {
                                    "value": "@pipeline().parameters.fullLoadFlag",
                                    "type": "Expression"
                                }
                            }
                        }
                    },
                    {
                        "name": "Audit - End Workflow - Success",
                        "type": "SqlServerStoredProcedure",
                        "dependsOn": [
                            {
                                "activity": "Process MDE Data Warehouse",
                                "dependencyConditions": [
                                    "Succeeded"
                                ]
                            }
                        ],
                        "policy": {
                            "timeout": "0.00:01:00",
                            "retry": 3,
                            "retryIntervalInSeconds": 30,
                            "secureOutput": false,
                            "secureInput": false
                        },
                        "userProperties": [],
                        "typeProperties": {
                            "storedProcedureName": "[[etlaudit].[usp_UpdateAuditProcessExecution]",
                            "storedProcedureParameters": {
                                "ProcessExecutionKey": {
                                    "value": {
                                        "value": "@activity('Audit - Start Workflow').output.firstRow.ProcessExecutionKey",
                                        "type": "Expression"
                                    },
                                    "type": "Int32"
                                },
                                "SuccessfulProcessingIndicator": {
                                    "value": "Y",
                                    "type": "String"
                                }
                            }
                        },
                        "linkedServiceName": {
                            "referenceName": "LS_SqlServer",
                            "type": "LinkedServiceReference"
                        }
                    },
                    {
                        "name": "Audit - End Workflow - Failure",
                        "type": "SqlServerStoredProcedure",
                        "dependsOn": [
                            {
                                "activity": "Process MDE Data Warehouse",
                                "dependencyConditions": [
                                    "Failed"
                                ]
                            }
                        ],
                        "policy": {
                            "timeout": "0.00:01:00",
                            "retry": 3,
                            "retryIntervalInSeconds": 30,
                            "secureOutput": false,
                            "secureInput": false
                        },
                        "userProperties": [],
                        "typeProperties": {
                            "storedProcedureName": "[[etlaudit].[usp_UpdateAuditProcessExecution]",
                            "storedProcedureParameters": {
                                "ProcessExecutionKey": {
                                    "value": {
                                        "value": "@activity('Audit - Start Workflow').output.firstRow.ProcessExecutionKey",
                                        "type": "Expression"
                                    },
                                    "type": "Int32"
                                },
                                "SuccessfulProcessingIndicator": {
                                    "value": "N",
                                    "type": "String"
                                }
                            }
                        },
                        "linkedServiceName": {
                            "referenceName": "LS_SqlServer",
                            "type": "LinkedServiceReference"
                        }
                    },
                    {
                        "name": "Audit - Start Workflow",
                        "type": "Lookup",
                        "dependsOn": [],
                        "policy": {
                            "timeout": "0.00:01:00",
                            "retry": 3,
                            "retryIntervalInSeconds": 30,
                            "secureOutput": false,
                            "secureInput": false
                        },
                        "userProperties": [],
                        "typeProperties": {
                            "source": {
                                "type": "SqlServerSource",
                                "sqlReaderQuery": {
                                    "value": "@concat(\n'\nDECLARE @ProcessExecutionKey int\n\nEXEC [etlaudit].[usp_InsertAuditProcessExecution]\n  @ProcessName = ''', pipeline().Pipeline ,'''\n, @ProcessExecutionKey = @ProcessExecutionKey OUTPUT;\n\nSELECT @ProcessExecutionKey AS ProcessExecutionKey\n'\n)\n",
                                    "type": "Expression"
                                },
                                "queryTimeout": "02:00:00",
                                "partitionOption": "None"
                            },
                            "dataset": {
                                "referenceName": "Database_SQLServer",
                                "type": "DatasetReference",
                                "parameters": {}
                            },
                            "firstRowOnly": true
                        }
                    }
                ],
                "concurrency": 1,
                "policy": {
                    "elapsedTimeMetric": {
                        "duration": "0.00:30:00"
                    }
                },
                "parameters": {
                    "fullLoadFlag": {
                        "type": "string",
                        "defaultValue": "0"
                    }
                },
                "folder": {
                    "name": "MDE"
                },
                "annotations": [],
                "lastPublishTime": "2021-09-22T15:02:16Z"
            },
            "dependsOn": []
        },
        {
            "name": "[concat(parameters('factoryName'), '/Begin Policy Workflow')]",
            "type": "Microsoft.DataFactory/factories/pipelines",
            "apiVersion": "2018-06-01",
            "properties": {
                "activities": [
                    {
                        "name": "Process Policy Data Warehouse",
                        "type": "ExecutePipeline",
                        "dependsOn": [
                            {
                                "activity": "Audit - Start Workflow",
                                "dependencyConditions": [
                                    "Succeeded"
                                ]
                            }
                        ],
                        "policy": {
                            "secureInput": false
                        },
                        "userProperties": [],
                        "typeProperties": {
                            "pipeline": {
                                "referenceName": "Process Policy Data Warehouse",
                                "type": "PipelineReference"
                            },
                            "waitOnCompletion": true,
                            "parameters": {
                                "ParentExecutionKey": {
                                    "value": "@activity('Audit - Start Workflow').output.firstRow.ProcessExecutionKey",
                                    "type": "Expression"
                                }
                            }
                        }
                    },
                    {
                        "name": "Audit - End Workflow - Success",
                        "type": "SqlServerStoredProcedure",
                        "dependsOn": [
                            {
                                "activity": "Process Policy Data Warehouse",
                                "dependencyConditions": [
                                    "Succeeded"
                                ]
                            }
                        ],
                        "policy": {
                            "timeout": "0.00:01:00",
                            "retry": 3,
                            "retryIntervalInSeconds": 30,
                            "secureOutput": false,
                            "secureInput": false
                        },
                        "userProperties": [],
                        "typeProperties": {
                            "storedProcedureName": "[[etlaudit].[usp_UpdateAuditProcessExecution]",
                            "storedProcedureParameters": {
                                "ProcessExecutionKey": {
                                    "value": {
                                        "value": "@activity('Audit - Start Workflow').output.firstRow.ProcessExecutionKey",
                                        "type": "Expression"
                                    },
                                    "type": "Int32"
                                },
                                "SuccessfulProcessingIndicator": {
                                    "value": "Y",
                                    "type": "String"
                                }
                            }
                        },
                        "linkedServiceName": {
                            "referenceName": "LS_SqlServer",
                            "type": "LinkedServiceReference"
                        }
                    },
                    {
                        "name": "Audit - End Workflow - Failure",
                        "type": "SqlServerStoredProcedure",
                        "dependsOn": [
                            {
                                "activity": "Process Policy Data Warehouse",
                                "dependencyConditions": [
                                    "Failed"
                                ]
                            }
                        ],
                        "policy": {
                            "timeout": "0.00:01:00",
                            "retry": 3,
                            "retryIntervalInSeconds": 30,
                            "secureOutput": false,
                            "secureInput": false
                        },
                        "userProperties": [],
                        "typeProperties": {
                            "storedProcedureName": "[[etlaudit].[usp_UpdateAuditProcessExecution]",
                            "storedProcedureParameters": {
                                "ProcessExecutionKey": {
                                    "value": {
                                        "value": "@activity('Audit - Start Workflow').output.firstRow.ProcessExecutionKey",
                                        "type": "Expression"
                                    },
                                    "type": "Int32"
                                },
                                "SuccessfulProcessingIndicator": {
                                    "value": "N",
                                    "type": "String"
                                }
                            }
                        },
                        "linkedServiceName": {
                            "referenceName": "LS_SqlServer",
                            "type": "LinkedServiceReference"
                        }
                    },
                    {
                        "name": "Audit - Start Workflow",
                        "type": "Lookup",
                        "dependsOn": [],
                        "policy": {
                            "timeout": "0.00:01:00",
                            "retry": 3,
                            "retryIntervalInSeconds": 30,
                            "secureOutput": false,
                            "secureInput": false
                        },
                        "userProperties": [],
                        "typeProperties": {
                            "source": {
                                "type": "SqlServerSource",
                                "sqlReaderQuery": {
                                    "value": "@concat(\n'\nDECLARE @ProcessExecutionKey int\n\nEXEC [etlaudit].[usp_InsertAuditProcessExecution]\n  @ProcessName = ''', pipeline().Pipeline ,'''\n, @ProcessExecutionKey = @ProcessExecutionKey OUTPUT;\n\nSELECT @ProcessExecutionKey AS ProcessExecutionKey\n'\n)\n",
                                    "type": "Expression"
                                },
                                "queryTimeout": "02:00:00",
                                "partitionOption": "None"
                            },
                            "dataset": {
                                "referenceName": "Database_SQLServer",
                                "type": "DatasetReference",
                                "parameters": {}
                            },
                            "firstRowOnly": true
                        }
                    }
                ],
                "concurrency": 1,
                "policy": {
                    "elapsedTimeMetric": {
                        "duration": "0.00:30:00"
                    }
                },
                "folder": {
                    "name": "Policy"
                },
                "annotations": [],
                "lastPublishTime": "2021-09-22T15:02:16Z"
            },
            "dependsOn": []
        },
        {
            "name": "[concat(parameters('factoryName'), '/Process AVD Log Data Warehouse')]",
            "type": "Microsoft.DataFactory/factories/pipelines",
            "apiVersion": "2018-06-01",
            "properties": {
                "description": "This is the grandfather pipeline which calls pipelines that pulls log files and then populates the data warehouse.\nOnly this pipeline should have a trigger.",
                "activities": [
                    {
                        "name": "Set Process Date",
                        "type": "SetVariable",
                        "dependsOn": [],
                        "policy": {
                            "secureOutput": false,
                            "secureInput": false
                        },
                        "userProperties": [],
                        "typeProperties": {
                            "variableName": "varProcessDate",
                            "value": {
                                "value": "@substring(addDays(utcnow(),-1), 0, 19)\n",
                                "type": "Expression"
                            }
                        }
                    },
                    {
                        "name": "Check AVD Record Count",
                        "type": "ExecutePipeline",
                        "dependsOn": [
                            {
                                "activity": "Set Process Date",
                                "dependencyConditions": [
                                    "Succeeded"
                                ]
                            }
                        ],
                        "policy": {
                            "secureInput": false
                        },
                        "userProperties": [],
                        "typeProperties": {
                            "pipeline": {
                                "referenceName": "Check AVD Record Count",
                                "type": "PipelineReference"
                            },
                            "waitOnCompletion": true,
                            "parameters": {
                                "StartDateTime": {
                                    "value": "@variables('varProcessDate')",
                                    "type": "Expression"
                                },
                                "EndDateTime": {
                                    "value": "@variables('varProcessDate')",
                                    "type": "Expression"
                                },
                                "ParentExecutionKey": {
                                    "value": "@pipeline().parameters.ParentExecutionKey",
                                    "type": "Expression"
                                },
                                "ParentExtractionTimeKey": {
                                    "value": "@pipeline().parameters.ParentExtractionTimeKey",
                                    "type": "Expression"
                                }
                            }
                        }
                    }
                ],
                "policy": {
                    "elapsedTimeMetric": {}
                },
                "parameters": {
                    "ParentExecutionKey": {
                        "type": "string"
                    },
                    "ParentExtractionTimeKey": {
                        "type": "string"
                    },
                    "StartDateTime": {
                        "type": "string"
                    },
                    "EndDateTime": {
                        "type": "string"
                    }
                },
                "variables": {
                    "varProcessDate": {
                        "type": "String"
                    }
                },
                "folder": {
                    "name": "AVD"
                },
                "annotations": [],
                "lastPublishTime": "2024-04-18T19:05:43Z"
            },
            "dependsOn": []
        },
        {
            "name": "[concat(parameters('factoryName'), '/Aternity_Workflow_Trigger')]",
            "type": "Microsoft.DataFactory/factories/triggers",
            "apiVersion": "2018-06-01",
            "properties": {
                "annotations": [
                    "Aternity",
                    "Schedule",
                    "1 Hour"
                ],
                "runtimeState": "Stopped",
                "pipelines": [
                    {
                        "pipelineReference": {
                            "referenceName": "Begin Aternity Workflow",
                            "type": "PipelineReference"
                        },
                        "parameters": {}
                    }
                ],
                "type": "ScheduleTrigger",
                "typeProperties": {
                    "recurrence": {
                        "frequency": "Hour",
                        "interval": 1,
                        "startTime": "2022-06-21T20:44:00Z",
                        "timeZone": "UTC"
                    }
                }
            },
            "dependsOn": []
        },
        {
            "name": "[concat(parameters('factoryName'), '/Conformed_Workflow_Trigger')]",
            "type": "Microsoft.DataFactory/factories/triggers",
            "apiVersion": "2018-06-01",
            "properties": {
                "annotations": [
                    "Conformed",
                    "Schedule",
                    "1 Hour"
                ],
                "runtimeState": "Stopped",
                "pipelines": [
                    {
                        "pipelineReference": {
                            "referenceName": "Begin Conformed Workflow",
                            "type": "PipelineReference"
                        },
                        "parameters": {}
                    }
                ],
                "type": "ScheduleTrigger",
                "typeProperties": {
                    "recurrence": {
                        "frequency": "Hour",
                        "interval": 1,
                        "startTime": "2023-05-04T18:41:00Z",
                        "timeZone": "UTC"
                    }
                }
            },
            "dependsOn": []
        },
        {
            "name": "[concat(parameters('factoryName'), '/DeviceManagement_Workflow_Trigger')]",
            "type": "Microsoft.DataFactory/factories/triggers",
            "apiVersion": "2018-06-01",
            "properties": {
                "annotations": [
                    "DeviceManagement",
                    "Schedule",
                    "1 Day"
                ],
                "runtimeState": "Stopped",
                "pipelines": [
                    {
                        "pipelineReference": {
                            "referenceName": "Begin Device Management Workflow",
                            "type": "PipelineReference"
                        },
                        "parameters": {}
                    }
                ],
                "type": "ScheduleTrigger",
                "typeProperties": {
                    "recurrence": {
                        "frequency": "Day",
                        "interval": 1,
                        "startTime": "2023-01-06T18:54:00Z",
                        "timeZone": "UTC",
                        "schedule": {
                            "minutes": [
                                0
                            ],
                            "hours": [
                                12
                            ]
                        }
                    }
                }
            },
            "dependsOn": []
        },
        {
            "name": "[concat(parameters('factoryName'), '/Device_Workflow_Trigger')]",
            "type": "Microsoft.DataFactory/factories/triggers",
            "apiVersion": "2018-06-01",
            "properties": {
                "annotations": [
                    "Device",
                    "Schedule",
                    "1 Hour"
                ],
                "runtimeState": "Stopped",
                "pipelines": [
                    {
                        "pipelineReference": {
                            "referenceName": "Begin Device Workflow",
                            "type": "PipelineReference"
                        },
                        "parameters": {}
                    }
                ],
                "type": "ScheduleTrigger",
                "typeProperties": {
                    "recurrence": {
                        "frequency": "Hour",
                        "interval": 1,
                        "startTime": "2021-12-29T19:17:00Z",
                        "timeZone": "UTC"
                    }
                }
            },
            "dependsOn": []
        },
        {
            "name": "[concat(parameters('factoryName'), '/Diagnostic_Workflow_Trigger')]",
            "type": "Microsoft.DataFactory/factories/triggers",
            "apiVersion": "2018-06-01",
            "properties": {
                "annotations": [
                    "Diagnostic",
                    "Schedule",
                    "1 Hour"
                ],
                "runtimeState": "Stopped",
                "pipelines": [
                    {
                        "pipelineReference": {
                            "referenceName": "Begin Diagnostic Workflow",
                            "type": "PipelineReference"
                        },
                        "parameters": {}
                    }
                ],
                "type": "ScheduleTrigger",
                "typeProperties": {
                    "recurrence": {
                        "frequency": "Hour",
                        "interval": 1,
                        "startTime": "2022-05-06T20:28:00Z",
                        "timeZone": "UTC"
                    }
                }
            },
            "dependsOn": []
        },
        {
            "name": "[concat(parameters('factoryName'), '/Metric_Workflow_Trigger')]",
            "type": "Microsoft.DataFactory/factories/triggers",
            "apiVersion": "2018-06-01",
            "properties": {
                "annotations": [
                    "Metric",
                    "Schedule",
                    "1 Hour"
                ],
                "runtimeState": "Stopped",
                "pipelines": [
                    {
                        "pipelineReference": {
                            "referenceName": "Begin Metric Workflow",
                            "type": "PipelineReference"
                        },
                        "parameters": {}
                    }
                ],
                "type": "ScheduleTrigger",
                "typeProperties": {
                    "recurrence": {
                        "frequency": "Hour",
                        "interval": 1,
                        "startTime": "2021-12-29T20:45:00Z",
                        "timeZone": "UTC"
                    }
                }
            },
            "dependsOn": []
        },
        {
            "name": "[concat(parameters('factoryName'), '/Security_Workflow_Trigger')]",
            "type": "Microsoft.DataFactory/factories/triggers",
            "apiVersion": "2018-06-01",
            "properties": {
                "annotations": [
                    "Security",
                    "Tumbling",
                    "5 Minutes"
                ],
                "runtimeState": "Stopped",
                "pipeline": {
                    "pipelineReference": {
                        "referenceName": "Begin Security Workflow",
                        "type": "PipelineReference"
                    },
                    "parameters": {}
                },
                "type": "TumblingWindowTrigger",
                "typeProperties": {
                    "frequency": "Minute",
                    "interval": 5,
                    "startTime": "2021-11-18T15:14:00Z",
                    "delay": "00:00:00",
                    "maxConcurrency": 1,
                    "retryPolicy": {
                        "intervalInSeconds": 30
                    },
                    "dependsOn": []
                }
            },
            "dependsOn": []
        },
        {
            "name": "[concat(parameters('factoryName'), '/ServiceNow_Workflow_Trigger')]",
            "type": "Microsoft.DataFactory/factories/triggers",
            "apiVersion": "2018-06-01",
            "properties": {
                "annotations": [
                    "ServiceNow",
                    "Schedule",
                    "1 Hour"
                ],
                "runtimeState": "Stopped",
                "pipelines": [
                    {
                        "pipelineReference": {
                            "referenceName": "Begin ServiceNow Workflow",
                            "type": "PipelineReference"
                        },
                        "parameters": {}
                    }
                ],
                "type": "ScheduleTrigger",
                "typeProperties": {
                    "recurrence": {
                        "frequency": "Minute",
                        "interval": 60,
                        "startTime": "2021-10-11T20:25:00Z",
                        "timeZone": "UTC"
                    }
                }
            },
            "dependsOn": []
        },
        {
            "name": "[concat(parameters('factoryName'), '/Signin_Workflow_Trigger')]",
            "type": "Microsoft.DataFactory/factories/triggers",
            "apiVersion": "2018-06-01",
            "properties": {
                "annotations": [
                    "Signin",
                    "Schedule",
                    "1 Day"
                ],
                "runtimeState": "Stopped",
                "pipelines": [
                    {
                        "pipelineReference": {
                            "referenceName": "Begin Signin Workflow",
                            "type": "PipelineReference"
                        },
                        "parameters": {}
                    }
                ],
                "type": "ScheduleTrigger",
                "typeProperties": {
                    "recurrence": {
                        "frequency": "Day",
                        "interval": 1,
                        "startTime": "2021-11-01T21:28:00Z",
                        "timeZone": "UTC",
                        "schedule": {
                            "minutes": [
                                0
                            ],
                            "hours": [
                                2
                            ]
                        }
                    }
                }
            },
            "dependsOn": []
        },
        {
            "name": "[concat(parameters('factoryName'), '/Begin AVD Log Workflow')]",
            "type": "Microsoft.DataFactory/factories/pipelines",
            "apiVersion": "2018-06-01",
            "properties": {
                "activities": [
                    {
                        "name": "Audit - End Workflow - Success",
                        "type": "SqlServerStoredProcedure",
                        "dependsOn": [
                            {
                                "activity": "Process AVD Log Data Warehouse",
                                "dependencyConditions": [
                                    "Succeeded"
                                ]
                            }
                        ],
                        "policy": {
                            "timeout": "0.00:01:00",
                            "retry": 3,
                            "retryIntervalInSeconds": 30,
                            "secureOutput": false,
                            "secureInput": false
                        },
                        "userProperties": [],
                        "typeProperties": {
                            "storedProcedureName": "[[etlaudit].[usp_UpdateAuditProcessExecution]",
                            "storedProcedureParameters": {
                                "ProcessExecutionKey": {
                                    "value": {
                                        "value": "@activity('Audit - Start Workflow').output.firstRow.ProcessExecutionKey",
                                        "type": "Expression"
                                    },
                                    "type": "Int32"
                                },
                                "SuccessfulProcessingIndicator": {
                                    "value": "Y",
                                    "type": "String"
                                }
                            }
                        },
                        "linkedServiceName": {
                            "referenceName": "LS_SqlServer",
                            "type": "LinkedServiceReference"
                        }
                    },
                    {
                        "name": "Audit - Get Extraction Time Range",
                        "type": "Lookup",
                        "dependsOn": [
                            {
                                "activity": "Audit - Start Workflow",
                                "dependencyConditions": [
                                    "Succeeded"
                                ]
                            }
                        ],
                        "policy": {
                            "timeout": "0.00:01:00",
                            "retry": 3,
                            "retryIntervalInSeconds": 30,
                            "secureOutput": false,
                            "secureInput": false
                        },
                        "userProperties": [],
                        "typeProperties": {
                            "source": {
                                "type": "SqlServerSource",
                                "sqlReaderQuery": {
                                    "value": "@concat(\n'\nDECLARE @ExtractionTimeKey int\nDECLARE @ExtractionStartDatetime DateTime2\nDECLARE @ExtractionStopDatetime DateTime2\n\nEXEC [etlaudit].[usp_InsertAuditExtractionTime]\n  @SourceSystem = ''Begin AVD Log Workflow''\n, @ProcessExecutionKey = ''', activity('Audit - Start Workflow').output.firstRow.ProcessExecutionKey, '''\n, @ExtractionStartDatetime = @ExtractionStartDatetime OUTPUT\n, @ExtractionStopDatetime = @ExtractionStopDatetime OUTPUT\n, @ExtractionTimeKey = @ExtractionTimeKey OUTPUT;\n\nSELECT @ExtractionTimeKey AS ExtractionTimeKey\n , @ExtractionStartDatetime  AS ExtractionStartDatetime\n , @ExtractionStopDatetime AS ExtractionStopDatetime\n'\n)\n",
                                    "type": "Expression"
                                },
                                "queryTimeout": "02:00:00",
                                "partitionOption": "None"
                            },
                            "dataset": {
                                "referenceName": "Database_SQLServer",
                                "type": "DatasetReference",
                                "parameters": {}
                            },
                            "firstRowOnly": true
                        }
                    },
                    {
                        "name": "Audit - End Workflow - Failure",
                        "type": "SqlServerStoredProcedure",
                        "dependsOn": [
                            {
                                "activity": "Process AVD Log Data Warehouse",
                                "dependencyConditions": [
                                    "Failed"
                                ]
                            }
                        ],
                        "policy": {
                            "timeout": "0.00:01:00",
                            "retry": 3,
                            "retryIntervalInSeconds": 30,
                            "secureOutput": false,
                            "secureInput": false
                        },
                        "userProperties": [],
                        "typeProperties": {
                            "storedProcedureName": "[[etlaudit].[usp_UpdateAuditProcessExecution]",
                            "storedProcedureParameters": {
                                "ProcessExecutionKey": {
                                    "value": {
                                        "value": "@activity('Audit - Start Workflow').output.firstRow.ProcessExecutionKey",
                                        "type": "Expression"
                                    },
                                    "type": "Int32"
                                },
                                "SuccessfulProcessingIndicator": {
                                    "value": "N",
                                    "type": "String"
                                }
                            }
                        },
                        "linkedServiceName": {
                            "referenceName": "LS_SqlServer",
                            "type": "LinkedServiceReference"
                        }
                    },
                    {
                        "name": "Audit - Start Workflow",
                        "type": "Lookup",
                        "dependsOn": [],
                        "policy": {
                            "timeout": "0.00:01:00",
                            "retry": 3,
                            "retryIntervalInSeconds": 30,
                            "secureOutput": false,
                            "secureInput": false
                        },
                        "userProperties": [],
                        "typeProperties": {
                            "source": {
                                "type": "SqlServerSource",
                                "sqlReaderQuery": {
                                    "value": "@concat(\n'\nDECLARE @ProcessExecutionKey int\n\nEXEC [etlaudit].[usp_InsertAuditProcessExecution]\n  @ProcessName = ''', pipeline().Pipeline ,'''\n, @ProcessExecutionKey = @ProcessExecutionKey OUTPUT;\n\nSELECT @ProcessExecutionKey AS ProcessExecutionKey\n'\n)\n",
                                    "type": "Expression"
                                },
                                "queryTimeout": "02:00:00",
                                "partitionOption": "None"
                            },
                            "dataset": {
                                "referenceName": "Database_SQLServer",
                                "type": "DatasetReference",
                                "parameters": {}
                            },
                            "firstRowOnly": true
                        }
                    },
                    {
                        "name": "Process AVD Log Data Warehouse",
                        "type": "ExecutePipeline",
                        "dependsOn": [
                            {
                                "activity": "Audit - Get Extraction Time Range",
                                "dependencyConditions": [
                                    "Succeeded"
                                ]
                            }
                        ],
                        "policy": {
                            "secureInput": false
                        },
                        "userProperties": [],
                        "typeProperties": {
                            "pipeline": {
                                "referenceName": "Process AVD Log Data Warehouse",
                                "type": "PipelineReference"
                            },
                            "waitOnCompletion": true,
                            "parameters": {
                                "ParentExecutionKey": {
                                    "value": "@activity('Audit - Start Workflow').output.firstRow.ProcessExecutionKey",
                                    "type": "Expression"
                                },
                                "ParentExtractionTimeKey": {
                                    "value": "@activity('Audit - Get Extraction Time Range').output.firstRow.ExtractionTimeKey",
                                    "type": "Expression"
                                },
                                "StartDateTime": {
                                    "value": "@substring(activity('Audit - Get Extraction Time Range').output.firstRow.ExtractionStartDatetime, 0, 19)",
                                    "type": "Expression"
                                },
                                "EndDateTime": {
                                    "value": "@substring(activity('Audit - Get Extraction Time Range').output.firstRow.ExtractionStopDatetime, 0, 19)",
                                    "type": "Expression"
                                }
                            }
                        }
                    }
                ],
                "concurrency": 1,
                "policy": {
                    "elapsedTimeMetric": {
                        "duration": "0.00:30:00"
                    }
                },
                "folder": {
                    "name": "AVD"
                },
                "annotations": [],
                "lastPublishTime": "2024-04-18T17:53:26Z"
            },
            "dependsOn": [
                "[concat(variables('factoryId'), '/pipelines/Process AVD Log Data Warehouse')]"
            ]
        },
        {
            "name": "[concat(parameters('factoryName'), '/A365_Health_Workflow_Trigger')]",
            "type": "Microsoft.DataFactory/factories/triggers",
            "apiVersion": "2018-06-01",
            "properties": {
                "annotations": [
                    "A365",
                    "Schedule",
                    "3 Hours"
                ],
                "runtimeState": "Stopped",
                "pipelines": [
                    {
                        "pipelineReference": {
                            "referenceName": "Begin A365 Health Workflow",
                            "type": "PipelineReference"
                        },
                        "parameters": {}
                    }
                ],
                "type": "ScheduleTrigger",
                "typeProperties": {
                    "recurrence": {
                        "frequency": "Hour",
                        "interval": 3,
                        "startTime": "2022-06-07T20:44:00Z",
                        "timeZone": "UTC"
                    }
                }
            },
            "dependsOn": []
        },
        {
            "name": "[concat(parameters('factoryName'), '/A365_Workflow_Trigger')]",
            "type": "Microsoft.DataFactory/factories/triggers",
            "apiVersion": "2018-06-01",
            "properties": {
                "annotations": [
                    "A365",
                    "Schedule",
                    "1 Day"
                ],
                "runtimeState": "Stopped",
                "pipelines": [
                    {
                        "pipelineReference": {
                            "referenceName": "Begin A365 Workflow",
                            "type": "PipelineReference"
                        },
                        "parameters": {}
                    }
                ],
                "type": "ScheduleTrigger",
                "typeProperties": {
                    "recurrence": {
                        "frequency": "Day",
                        "interval": 1,
                        "startTime": "2022-06-07T20:45:00Z",
                        "timeZone": "UTC",
                        "schedule": {
                            "minutes": [
                                0
                            ],
                            "hours": [
                                12
                            ]
                        }
                    }
                }
            },
            "dependsOn": []
        },
        {
            "name": "[concat(parameters('factoryName'), '/CdeReporting_Workflow_Trigger')]",
            "type": "Microsoft.DataFactory/factories/triggers",
            "apiVersion": "2018-06-01",
            "properties": {
                "annotations": [
                    "CdeReporting",
                    "Schedule",
                    "1 Day"
                ],
                "runtimeState": "Stopped",
                "pipelines": [
                    {
                        "pipelineReference": {
                            "referenceName": "Begin CdeReporting Workflow",
                            "type": "PipelineReference"
                        },
                        "parameters": {}
                    }
                ],
                "type": "ScheduleTrigger",
                "typeProperties": {
                    "recurrence": {
                        "frequency": "Day",
                        "interval": 1,
                        "startTime": "2021-10-14T14:42:00Z",
                        "timeZone": "UTC",
                        "schedule": {
                            "minutes": [
                                0
                            ],
                            "hours": [
                                6
                            ]
                        }
                    }
                }
            },
            "dependsOn": [
                "[concat(variables('factoryId'), '/pipelines/Begin CdeReporting Workflow')]"
            ]
        },
        {
            "name": "[concat(parameters('factoryName'), '/MDE_Workflow_Trigger_Daily_except_Saturday')]",
            "type": "Microsoft.DataFactory/factories/triggers",
            "apiVersion": "2018-06-01",
            "properties": {
                "annotations": [
                    "MDE",
                    "Schedule",
                    "1 Day"
                ],
                "runtimeState": "Stopped",
                "pipelines": [
                    {
                        "pipelineReference": {
                            "referenceName": "Begin MDE Workflow",
                            "type": "PipelineReference"
                        },
                        "parameters": {
                            "fullLoadFlag": "[parameters('MDE_Workflow_Trigger_Daily_except_Saturday_properties_Begin MDE Workflow_parameters_fullLoadFlag')]"
                        }
                    }
                ],
                "type": "ScheduleTrigger",
                "typeProperties": {
                    "recurrence": {
                        "frequency": "Week",
                        "interval": 1,
                        "startTime": "2021-10-14T14:42:00Z",
                        "timeZone": "UTC",
                        "schedule": {
                            "minutes": [
                                0
                            ],
                            "hours": [
                                11
                            ],
                            "weekDays": [
                                "Sunday",
                                "Monday",
                                "Tuesday",
                                "Wednesday",
                                "Thursday",
                                "Friday"
                            ]
                        }
                    }
                }
            },
            "dependsOn": [
                "[concat(variables('factoryId'), '/pipelines/Begin MDE Workflow')]"
            ]
        },
        {
            "name": "[concat(parameters('factoryName'), '/MDE_Workflow_Trigger_Weekly')]",
            "type": "Microsoft.DataFactory/factories/triggers",
            "apiVersion": "2018-06-01",
            "properties": {
                "annotations": [
                    "MDE",
                    "Schedule",
                    "1 Week"
                ],
                "runtimeState": "Stopped",
                "pipelines": [
                    {
                        "pipelineReference": {
                            "referenceName": "Begin MDE Workflow",
                            "type": "PipelineReference"
                        },
                        "parameters": {
                            "fullLoadFlag": "[parameters('MDE_Workflow_Trigger_Weekly_properties_Begin MDE Workflow_parameters_fullLoadFlag')]"
                        }
                    }
                ],
                "type": "ScheduleTrigger",
                "typeProperties": {
                    "recurrence": {
                        "frequency": "Week",
                        "interval": 1,
                        "startTime": "2024-04-06T14:42:00",
                        "timeZone": "Central Standard Time",
                        "schedule": {
                            "minutes": [
                                0
                            ],
                            "hours": [
                                11
                            ],
                            "weekDays": [
                                "Saturday"
                            ]
                        }
                    }
                }
            },
            "dependsOn": [
                "[concat(variables('factoryId'), '/pipelines/Begin MDE Workflow')]"
            ]
        },
        {
            "name": "[concat(parameters('factoryName'), '/Policy_Workflow_Trigger')]",
            "type": "Microsoft.DataFactory/factories/triggers",
            "apiVersion": "2018-06-01",
            "properties": {
                "annotations": [
                    "Policy",
                    "Schedule",
                    "1 Day"
                ],
                "runtimeState": "Stopped",
                "pipelines": [
                    {
                        "pipelineReference": {
                            "referenceName": "Begin Policy Workflow",
                            "type": "PipelineReference"
                        },
                        "parameters": {}
                    }
                ],
                "type": "ScheduleTrigger",
                "typeProperties": {
                    "recurrence": {
                        "frequency": "Day",
                        "interval": 1,
                        "startTime": "2021-12-29T19:15:00Z",
                        "timeZone": "UTC",
                        "schedule": {
                            "minutes": [
                                0
                            ],
                            "hours": [
                                9
                            ]
                        }
                    }
                }
            },
            "dependsOn": [
                "[concat(variables('factoryId'), '/pipelines/Begin Policy Workflow')]"
            ]
        }
    ]
}