{
    "$schema": "http://schema.management.azure.com/schemas/2015-01-01/deploymentTemplate.json#",
    "contentVersion": "1.0.0.0",
    "parameters": {
        "factoryName": {
            "type": "string",
            "metadata": "Data Factory name",
            "defaultValue": "adfeitaasdatateam"
        },
        "LS_SqlServer_connectionString": {
            "type": "secureString",
            "metadata": "Secure string for 'connectionString' of 'LS_SqlServer'",
            "defaultValue": "Integrated Security=False;Encrypt=True;Connection Timeout=30;Data Source=sqlservereitaasdatateam.database.usgovcloudapi.net;Initial Catalog=ETLAudit"
        },
        "LS_SqlServer_properties_typeProperties_servicePrincipalId": {
            "type": "string",
            "defaultValue": "f170da9d-224c-4127-87b4-c52b5446dabe"
        },
        "LS_SqlServer_properties_typeProperties_tenant": {
            "type": "string",
            "defaultValue": "fae6d70f-954b-4811-92b6-0530d6f84c43"
        },
        "LS_azuresentinelgov_properties_typeProperties_url": {
            "type": "string",
            "defaultValue": "https://api.loganalytics.us/v1/workspaces/0a14f0f9-0bde-4f48-ad41-8b44cd5fee9d"
        }
    },
    "variables": {
        "factoryId": "[concat('Microsoft.DataFactory/factories/', parameters('factoryName'))]"
    },
    "resources": [
        {
            "name": "[concat(parameters('factoryName'), '/LS_SqlServer')]",
            "type": "Microsoft.DataFactory/factories/linkedServices",
            "apiVersion": "2018-06-01",
            "properties": {
                "annotations": [],
                "type": "AzureSqlDatabase",
                "typeProperties": {
                    "connectionString": "[parameters('LS_SqlServer_connectionString')]",
                    "servicePrincipalId": "[parameters('LS_SqlServer_properties_typeProperties_servicePrincipalId')]",
                    "servicePrincipalKey": {
                        "type": "AzureKeyVaultSecret",
                        "store": {
                            "referenceName": "LS_KeyVault",
                            "type": "LinkedServiceReference"
                        },
                        "secretName": "service-principal-key"
                    },
                    "tenant": "[parameters('LS_SqlServer_properties_typeProperties_tenant')]",
                    "azureCloudType": "AzureUSGovernment"
                },
                "connectVia": {
                    "referenceName": "AutoResolveIntegrationRuntime",
                    "type": "IntegrationRuntimeReference"
                }
            },
            "dependsOn": []
        },
        {
            "name": "[concat(parameters('factoryName'), '/LS_azuresentinelgov')]",
            "type": "Microsoft.DataFactory/factories/linkedServices",
            "apiVersion": "2018-06-01",
            "properties": {
                "annotations": [],
                "type": "RestService",
                "typeProperties": {
                    "url": "[parameters('LS_azuresentinelgov_properties_typeProperties_url')]",
                    "enableServerCertificateValidation": true,
                    "authenticationType": "Anonymous"
                },
                "connectVia": {
                    "referenceName": "AutoResolveIntegrationRuntime",
                    "type": "IntegrationRuntimeReference"
                }
            },
            "dependsOn": []
        },
        {
            "name": "[concat(parameters('factoryName'), '/Begin A365 LicensingDashboard')]",
            "type": "Microsoft.DataFactory/factories/pipelines",
            "apiVersion": "2018-06-01",
            "properties": {
                "activities": [
                    {
                        "name": "Execute a365LicensingDashboard",
                        "type": "SqlServerStoredProcedure",
                        "dependsOn": [],
                        "policy": {
                            "timeout": "0.01:00:00",
                            "retry": 3,
                            "retryIntervalInSeconds": 30,
                            "secureOutput": false,
                            "secureInput": false
                        },
                        "userProperties": [],
                        "typeProperties": {
                            "storedProcedureName": "[[a365].[usp_populateStage2DW_a365LicensingDashboard]"
                        },
                        "linkedServiceName": {
                            "referenceName": "LS_DataWarehouse",
                            "type": "LinkedServiceReference"
                        }
                    }
                ],
                "policy": {
                    "elapsedTimeMetric": {}
                },
                "folder": {
                    "name": "A365"
                },
                "annotations": []
            },
            "dependsOn": []
        },
        {
            "name": "[concat(parameters('factoryName'), '/Begin Clean Databricks Temp Dir')]",
            "type": "Microsoft.DataFactory/factories/pipelines",
            "apiVersion": "2018-06-01",
            "properties": {
                "activities": [
                    {
                        "name": "Clean_tempDirs",
                        "description": "",
                        "type": "DatabricksNotebook",
                        "dependsOn": [],
                        "policy": {
                            "timeout": "0.01:00:00",
                            "retry": 3,
                            "retryIntervalInSeconds": 30,
                            "secureOutput": false,
                            "secureInput": false
                        },
                        "userProperties": [],
                        "typeProperties": {
                            "notebookPath": "/Maintenance/Clean_tempDirs"
                        },
                        "linkedServiceName": {
                            "referenceName": "LS_Databricks",
                            "type": "LinkedServiceReference"
                        }
                    }
                ],
                "concurrency": 1,
                "policy": {
                    "elapsedTimeMetric": {
                        "duration": "0.00:30:00"
                    }
                },
                "folder": {
                    "name": "Maintenance"
                },
                "annotations": []
            },
            "dependsOn": []
        },
        {
            "name": "[concat(parameters('factoryName'), '/Begin Databricks Update Statistics')]",
            "type": "Microsoft.DataFactory/factories/pipelines",
            "apiVersion": "2018-06-01",
            "properties": {
                "activities": [
                    {
                        "name": "Calculate Databricks Statistics",
                        "description": "",
                        "type": "DatabricksNotebook",
                        "dependsOn": [],
                        "policy": {
                            "timeout": "0.03:00:00",
                            "retry": 3,
                            "retryIntervalInSeconds": 30,
                            "secureOutput": false,
                            "secureInput": false
                        },
                        "userProperties": [],
                        "typeProperties": {
                            "notebookPath": "/Maintenance/Calculate_Statistics"
                        },
                        "linkedServiceName": {
                            "referenceName": "LS_Databricks",
                            "type": "LinkedServiceReference"
                        }
                    }
                ],
                "concurrency": 1,
                "policy": {
                    "elapsedTimeMetric": {
                        "duration": "0.00:30:00"
                    }
                },
                "folder": {
                    "name": "Maintenance"
                },
                "annotations": []
            },
            "dependsOn": []
        },
        {
            "name": "[concat(parameters('factoryName'), '/Begin Purge of Databricks Tables')]",
            "type": "Microsoft.DataFactory/factories/pipelines",
            "apiVersion": "2018-06-01",
            "properties": {
                "activities": [
                    {
                        "name": "Execute Purge Databricks Tables Notebook",
                        "type": "DatabricksNotebook",
                        "dependsOn": [],
                        "policy": {
                            "timeout": "0.06:00:00",
                            "retry": 0,
                            "retryIntervalInSeconds": 30,
                            "secureOutput": false,
                            "secureInput": false
                        },
                        "userProperties": [],
                        "typeProperties": {
                            "notebookPath": "/Maintenance/Purge_DeltaLakeTables",
                            "baseParameters": {
                                "DaysToRetain": {
                                    "value": "@pipeline().parameters.DaysToRetain",
                                    "type": "Expression"
                                }
                            }
                        },
                        "linkedServiceName": {
                            "referenceName": "LS_Databricks",
                            "type": "LinkedServiceReference"
                        }
                    }
                ],
                "concurrency": 1,
                "policy": {
                    "elapsedTimeMetric": {
                        "duration": "0.00:30:00"
                    }
                },
                "parameters": {
                    "DaysToRetain": {
                        "type": "string",
                        "defaultValue": "2"
                    }
                },
                "folder": {
                    "name": "Maintenance"
                },
                "annotations": []
            },
            "dependsOn": []
        },
        {
            "name": "[concat(parameters('factoryName'), '/Begin QA Workflow')]",
            "type": "Microsoft.DataFactory/factories/pipelines",
            "apiVersion": "2018-06-01",
            "properties": {
                "activities": [
                    {
                        "name": "usp_getFactData",
                        "type": "SqlServerStoredProcedure",
                        "dependsOn": [],
                        "policy": {
                            "timeout": "0.00:45:00",
                            "retry": 0,
                            "retryIntervalInSeconds": 30,
                            "secureOutput": false,
                            "secureInput": false
                        },
                        "userProperties": [],
                        "typeProperties": {
                            "storedProcedureName": "[[qa].[usp_getFactData]"
                        },
                        "linkedServiceName": {
                            "referenceName": "LS_DataWarehouse",
                            "type": "LinkedServiceReference"
                        }
                    },
                    {
                        "name": "usp_getSchemaData",
                        "type": "SqlServerStoredProcedure",
                        "dependsOn": [],
                        "policy": {
                            "timeout": "0.00:45:00",
                            "retry": 0,
                            "retryIntervalInSeconds": 30,
                            "secureOutput": false,
                            "secureInput": false
                        },
                        "userProperties": [],
                        "typeProperties": {
                            "storedProcedureName": "[[qa].[usp_getSchemaData]"
                        },
                        "linkedServiceName": {
                            "referenceName": "LS_DataWarehouse",
                            "type": "LinkedServiceReference"
                        }
                    },
                    {
                        "name": "usp_getTableData",
                        "type": "SqlServerStoredProcedure",
                        "dependsOn": [],
                        "policy": {
                            "timeout": "0.00:45:00",
                            "retry": 0,
                            "retryIntervalInSeconds": 30,
                            "secureOutput": false,
                            "secureInput": false
                        },
                        "userProperties": [],
                        "typeProperties": {
                            "storedProcedureName": "[[qa].[usp_getTableData]"
                        },
                        "linkedServiceName": {
                            "referenceName": "LS_DataWarehouse",
                            "type": "LinkedServiceReference"
                        }
                    },
                    {
                        "name": "usp_getDuplicateDataDBO",
                        "type": "SqlServerStoredProcedure",
                        "dependsOn": [
                            {
                                "activity": "Truncate Stage QA Duplicate Data",
                                "dependencyConditions": [
                                    "Succeeded"
                                ]
                            }
                        ],
                        "policy": {
                            "timeout": "0.00:59:00",
                            "retry": 0,
                            "retryIntervalInSeconds": 30,
                            "secureOutput": false,
                            "secureInput": false
                        },
                        "userProperties": [],
                        "typeProperties": {
                            "storedProcedureName": "[[qa].[usp_getDuplicateDataDBO]"
                        },
                        "linkedServiceName": {
                            "referenceName": "LS_DataWarehouse",
                            "type": "LinkedServiceReference"
                        }
                    },
                    {
                        "name": "Execute databricksFileData Notebook",
                        "type": "DatabricksNotebook",
                        "dependsOn": [],
                        "policy": {
                            "timeout": "0.00:55:00",
                            "retry": 0,
                            "retryIntervalInSeconds": 30,
                            "secureOutput": false,
                            "secureInput": false
                        },
                        "userProperties": [],
                        "typeProperties": {
                            "notebookPath": "/QA/QA_databricksFileData"
                        },
                        "linkedServiceName": {
                            "referenceName": "LS_Databricks",
                            "type": "LinkedServiceReference"
                        }
                    },
                    {
                        "name": "Execute databricksSchemaData Notebook",
                        "type": "DatabricksNotebook",
                        "dependsOn": [],
                        "policy": {
                            "timeout": "0.00:55:00",
                            "retry": 0,
                            "retryIntervalInSeconds": 30,
                            "secureOutput": false,
                            "secureInput": false
                        },
                        "userProperties": [],
                        "typeProperties": {
                            "notebookPath": "/QA/QA_databricksSchemaData"
                        },
                        "linkedServiceName": {
                            "referenceName": "LS_Databricks",
                            "type": "LinkedServiceReference"
                        }
                    },
                    {
                        "name": "usp_getDuplicateDataAM",
                        "type": "SqlServerStoredProcedure",
                        "dependsOn": [
                            {
                                "activity": "Truncate Stage QA Duplicate Data",
                                "dependencyConditions": [
                                    "Succeeded"
                                ]
                            }
                        ],
                        "policy": {
                            "timeout": "0.00:59:00",
                            "retry": 0,
                            "retryIntervalInSeconds": 30,
                            "secureOutput": false,
                            "secureInput": false
                        },
                        "userProperties": [],
                        "typeProperties": {
                            "storedProcedureName": "[[qa].[usp_getDuplicateDataAM]"
                        },
                        "linkedServiceName": {
                            "referenceName": "LS_DataWarehouse",
                            "type": "LinkedServiceReference"
                        }
                    },
                    {
                        "name": "usp_getDuplicateDataNZ",
                        "type": "SqlServerStoredProcedure",
                        "dependsOn": [
                            {
                                "activity": "Truncate Stage QA Duplicate Data",
                                "dependencyConditions": [
                                    "Succeeded"
                                ]
                            }
                        ],
                        "policy": {
                            "timeout": "0.00:59:00",
                            "retry": 0,
                            "retryIntervalInSeconds": 30,
                            "secureOutput": false,
                            "secureInput": false
                        },
                        "userProperties": [],
                        "typeProperties": {
                            "storedProcedureName": "[[qa].[usp_getDuplicateDataNZ]"
                        },
                        "linkedServiceName": {
                            "referenceName": "LS_DataWarehouse",
                            "type": "LinkedServiceReference"
                        }
                    },
                    {
                        "name": "Truncate Stage QA Duplicate Data",
                        "type": "Script",
                        "dependsOn": [
                            {
                                "activity": "Set Days Back for Duplicate Check",
                                "dependencyConditions": [
                                    "Succeeded"
                                ]
                            }
                        ],
                        "policy": {
                            "timeout": "0.12:00:00",
                            "retry": 0,
                            "retryIntervalInSeconds": 30,
                            "secureOutput": false,
                            "secureInput": false
                        },
                        "userProperties": [],
                        "linkedServiceName": {
                            "referenceName": "LS_DataWarehouse",
                            "type": "LinkedServiceReference"
                        },
                        "typeProperties": {
                            "scripts": [
                                {
                                    "type": "Query",
                                    "text": "TRUNCATE TABLE qa.duplicateData;\nDELETE from qa.latestTableUpdates where Source = 'databricks';"
                                }
                            ],
                            "scriptBlockExecutionTimeout": "02:00:00"
                        }
                    },
                    {
                        "name": "Set Days Back for Duplicate Check",
                        "type": "SetVariable",
                        "dependsOn": [],
                        "policy": {
                            "secureOutput": false,
                            "secureInput": false
                        },
                        "userProperties": [],
                        "typeProperties": {
                            "variableName": "daysBack",
                            "value": "1"
                        }
                    },
                    {
                        "name": "usp_loadLatestTableUpdates",
                        "type": "SqlServerStoredProcedure",
                        "dependsOn": [],
                        "policy": {
                            "timeout": "0.00:45:00",
                            "retry": 0,
                            "retryIntervalInSeconds": 30,
                            "secureOutput": false,
                            "secureInput": false
                        },
                        "userProperties": [],
                        "typeProperties": {
                            "storedProcedureName": "[[qa].[usp_loadLatestTableUpdates]"
                        },
                        "linkedServiceName": {
                            "referenceName": "LS_DataWarehouse",
                            "type": "LinkedServiceReference"
                        }
                    },
                    {
                        "name": "Execute databricksTableData Notebook",
                        "type": "DatabricksNotebook",
                        "dependsOn": [],
                        "policy": {
                            "timeout": "0.00:55:00",
                            "retry": 0,
                            "retryIntervalInSeconds": 30,
                            "secureOutput": false,
                            "secureInput": false
                        },
                        "userProperties": [],
                        "typeProperties": {
                            "notebookPath": "/QA/QA_databricksTableData"
                        },
                        "linkedServiceName": {
                            "referenceName": "LS_Databricks",
                            "type": "LinkedServiceReference"
                        }
                    }
                ],
                "concurrency": 1,
                "policy": {
                    "elapsedTimeMetric": {
                        "duration": "0.01:00:00"
                    }
                },
                "variables": {
                    "daysBack": {
                        "type": "String"
                    }
                },
                "folder": {
                    "name": "QA"
                },
                "annotations": [],
                "lastPublishTime": "2021-09-22T15:02:16Z"
            },
            "dependsOn": []
        },
        {
            "name": "[concat(parameters('factoryName'), '/Begin Remove Extraneous Blobs - Users')]",
            "type": "Microsoft.DataFactory/factories/pipelines",
            "apiVersion": "2018-06-01",
            "properties": {
                "activities": [
                    {
                        "name": "Remove Extraneous Blobs - Users",
                        "description": "",
                        "type": "DatabricksNotebook",
                        "dependsOn": [],
                        "policy": {
                            "timeout": "0.01:00:00",
                            "retry": 3,
                            "retryIntervalInSeconds": 30,
                            "secureOutput": false,
                            "secureInput": false
                        },
                        "userProperties": [],
                        "typeProperties": {
                            "notebookPath": "/Common/Scripts/Remove_Extraneous_Blobs",
                            "baseParameters": {
                                "ContainerName": "users"
                            }
                        },
                        "linkedServiceName": {
                            "referenceName": "LS_Databricks",
                            "type": "LinkedServiceReference"
                        }
                    }
                ],
                "concurrency": 1,
                "policy": {
                    "elapsedTimeMetric": {
                        "duration": "0.00:30:00"
                    }
                },
                "folder": {
                    "name": "Maintenance"
                },
                "annotations": []
            },
            "dependsOn": []
        },
        {
            "name": "[concat(parameters('factoryName'), '/Begin Restart Databricks Environment')]",
            "type": "Microsoft.DataFactory/factories/pipelines",
            "apiVersion": "2018-06-01",
            "properties": {
                "description": "This Pipeline will make an API call to restart all Databricks clusters and jobs. When you Run this pipeline, it will ask you to enter / modify the parameter 'RunThisPipelineYN'. By default, it is set to no as a precaution to make sure this isn't ran accidentally. Set the value to 'Yes' to run.",
                "activities": [
                    {
                        "name": "Check if RunThisPipelineYN is Yes",
                        "description": "Checks if the parameter 'RunThisPipelineYN' is set to 'Yes'.\nBy default it is set to 'No'. When the trigger calls this pipeline, it passes in 'Yes' as a parameter. \nTo run this manually, change the parameter to 'Yes' when prompted.",
                        "type": "IfCondition",
                        "dependsOn": [],
                        "userProperties": [],
                        "typeProperties": {
                            "expression": {
                                "value": "@equals(toLower(string(pipeline().parameters.RunThisPipelineYN)),'yes')\n \n",
                                "type": "Expression"
                            },
                            "ifTrueActivities": [
                                {
                                    "name": "Restart Databricks Clusters",
                                    "type": "ExecutePipeline",
                                    "dependsOn": [
                                        {
                                            "activity": "Shutdown Databricks Autoloader Jobs",
                                            "dependencyConditions": [
                                                "Succeeded"
                                            ]
                                        }
                                    ],
                                    "policy": {
                                        "secureInput": false
                                    },
                                    "userProperties": [],
                                    "typeProperties": {
                                        "pipeline": {
                                            "referenceName": "Restart Databricks Clusters",
                                            "type": "PipelineReference"
                                        },
                                        "waitOnCompletion": true,
                                        "parameters": {
                                            "RunThisPipelineYN": "Yes"
                                        }
                                    }
                                },
                                {
                                    "name": "Wait 30 seconds",
                                    "description": "Wait for clusters to settle after restart",
                                    "type": "Wait",
                                    "dependsOn": [
                                        {
                                            "activity": "Restart Databricks Clusters",
                                            "dependencyConditions": [
                                                "Succeeded"
                                            ]
                                        }
                                    ],
                                    "userProperties": [],
                                    "typeProperties": {
                                        "waitTimeInSeconds": 180
                                    }
                                },
                                {
                                    "name": "Start Databricks Autoloader Jobs",
                                    "type": "ExecutePipeline",
                                    "dependsOn": [
                                        {
                                            "activity": "Wait 30 seconds",
                                            "dependencyConditions": [
                                                "Succeeded"
                                            ]
                                        }
                                    ],
                                    "policy": {
                                        "secureInput": false
                                    },
                                    "userProperties": [],
                                    "typeProperties": {
                                        "pipeline": {
                                            "referenceName": "Start Databricks Autoloader Jobs",
                                            "type": "PipelineReference"
                                        },
                                        "waitOnCompletion": true,
                                        "parameters": {
                                            "RunThisPipelineYN": "Yes"
                                        }
                                    }
                                },
                                {
                                    "name": "Shutdown Databricks Autoloader Jobs",
                                    "type": "ExecutePipeline",
                                    "dependsOn": [],
                                    "policy": {
                                        "secureInput": false
                                    },
                                    "userProperties": [],
                                    "typeProperties": {
                                        "pipeline": {
                                            "referenceName": "Shutdown Databricks Autoloader Jobs",
                                            "type": "PipelineReference"
                                        },
                                        "waitOnCompletion": true,
                                        "parameters": {
                                            "RunThisPipelineYN": "Yes"
                                        }
                                    }
                                }
                            ]
                        }
                    }
                ],
                "concurrency": 1,
                "policy": {
                    "elapsedTimeMetric": {
                        "duration": "0.00:30:00"
                    }
                },
                "parameters": {
                    "RunThisPipelineYN": {
                        "type": "string",
                        "defaultValue": "No"
                    }
                },
                "folder": {
                    "name": "Maintenance/Restart Databricks Environment"
                },
                "annotations": [],
                "lastPublishTime": "2022-02-17T23:21:46Z"
            },
            "dependsOn": []
        },
        {
            "name": "[concat(parameters('factoryName'), '/Begin SQL Update Statistics')]",
            "type": "Microsoft.DataFactory/factories/pipelines",
            "apiVersion": "2018-06-01",
            "properties": {
                "activities": [
                    {
                        "name": "SQL Update Statistics",
                        "type": "SqlServerStoredProcedure",
                        "dependsOn": [
                            {
                                "activity": "SQL Index Defragmentation",
                                "dependencyConditions": [
                                    "Succeeded"
                                ]
                            }
                        ],
                        "policy": {
                            "timeout": "0.04:00:00",
                            "retry": 3,
                            "retryIntervalInSeconds": 30,
                            "secureOutput": false,
                            "secureInput": false
                        },
                        "userProperties": [],
                        "typeProperties": {
                            "storedProcedureName": "[[etlaudit].[usp_updateStats]"
                        },
                        "linkedServiceName": {
                            "referenceName": "LS_SqlServer",
                            "type": "LinkedServiceReference"
                        }
                    },
                    {
                        "name": "SQL Index Defragmentation",
                        "type": "SqlServerStoredProcedure",
                        "dependsOn": [],
                        "policy": {
                            "timeout": "0.04:00:00",
                            "retry": 3,
                            "retryIntervalInSeconds": 30,
                            "secureOutput": false,
                            "secureInput": false
                        },
                        "userProperties": [],
                        "typeProperties": {
                            "storedProcedureName": "[[dbo].[usp_AdaptiveIndexDefrag]",
                            "storedProcedureParameters": {
                                "abortAfterwait": {
                                    "value": null,
                                    "type": "Boolean"
                                },
                                "dataCompression": {
                                    "value": "'PAGE'",
                                    "type": "String"
                                },
                                "dbScope": {
                                    "value": "'ETLAudit'",
                                    "type": "String"
                                },
                                "dealLOB": {
                                    "value": "false",
                                    "type": "Boolean"
                                },
                                "dealMaxPartition": {
                                    "value": null,
                                    "type": "Boolean"
                                },
                                "dealROWG": {
                                    "value": "false",
                                    "type": "Boolean"
                                },
                                "debugMode": {
                                    "value": "true",
                                    "type": "Boolean"
                                },
                                "defragDelay": {
                                    "value": "'00:00:00'",
                                    "type": "String"
                                },
                                "defragOrderColumn": {
                                    "value": "'range_scan_count'",
                                    "type": "String"
                                },
                                "defragSortOrder": {
                                    "value": "'DESC'",
                                    "type": "String"
                                },
                                "disableNCIX": {
                                    "value": "false",
                                    "type": "Boolean"
                                },
                                "Exec_Print": {
                                    "value": "true",
                                    "type": "Boolean"
                                },
                                "fillfactor": {
                                    "value": "false",
                                    "type": "Boolean"
                                },
                                "forceRescan": {
                                    "value": "true",
                                    "type": "Boolean"
                                },
                                "getBlobfrag": {
                                    "value": "false",
                                    "type": "Boolean"
                                },
                                "ignoreDropObj": {
                                    "value": "false",
                                    "type": "Boolean"
                                },
                                "ix_statsnorecompute": {
                                    "value": "false",
                                    "type": "Boolean"
                                },
                                "ixtypeOption": {
                                    "value": null,
                                    "type": "Boolean"
                                },
                                "maxDopRestriction": {
                                    "value": null,
                                    "type": "Byte"
                                },
                                "maxPageCount": {
                                    "value": null,
                                    "type": "Int32"
                                },
                                "minFragmentation": {
                                    "value": "1",
                                    "type": "Double"
                                },
                                "minPageCount": {
                                    "value": "8",
                                    "type": "Int32"
                                },
                                "offlinelocktimeout": {
                                    "value": "-1",
                                    "type": "Int32"
                                },
                                "onlinelocktimeout": {
                                    "value": "5",
                                    "type": "Int32"
                                },
                                "onlineRebuild": {
                                    "value": "false",
                                    "type": "Boolean"
                                },
                                "outputResults": {
                                    "value": "true",
                                    "type": "Boolean"
                                },
                                "persistStatsSample": {
                                    "value": null,
                                    "type": "Boolean"
                                },
                                "printCmds": {
                                    "value": "true",
                                    "type": "Boolean"
                                },
                                "rebuildThreshold": {
                                    "value": "3",
                                    "type": "Double"
                                },
                                "rebuildThreshold_cs": {
                                    "value": "10.0",
                                    "type": "Double"
                                },
                                "resumableRebuild": {
                                    "value": null,
                                    "type": "Boolean"
                                },
                                "scanMode": {
                                    "value": "'LIMITED'",
                                    "type": "String"
                                },
                                "sortInTempDB": {
                                    "value": "true",
                                    "type": "Boolean"
                                },
                                "statsIncremental": {
                                    "value": null,
                                    "type": "Boolean"
                                },
                                "statsMinRows": {
                                    "value": null,
                                    "type": "Int64"
                                },
                                "statsSample": {
                                    "value": null,
                                    "type": "String"
                                },
                                "statsThreshold": {
                                    "value": null,
                                    "type": "Double"
                                },
                                "tblName": {
                                    "value": null,
                                    "type": "String"
                                },
                                "timeLimit": {
                                    "value": "180",
                                    "type": "Int32"
                                },
                                "updateStats": {
                                    "value": "true",
                                    "type": "Boolean"
                                },
                                "updateStatsWhere": {
                                    "value": "true",
                                    "type": "Boolean"
                                }
                            }
                        },
                        "linkedServiceName": {
                            "referenceName": "LS_SqlServer",
                            "type": "LinkedServiceReference"
                        }
                    }
                ],
                "concurrency": 1,
                "policy": {
                    "elapsedTimeMetric": {
                        "duration": "0.00:30:00"
                    }
                },
                "folder": {
                    "name": "Maintenance"
                },
                "annotations": []
            },
            "dependsOn": [
                "[concat(variables('factoryId'), '/linkedServices/LS_SqlServer')]"
            ]
        },
        {
            "name": "[concat(parameters('factoryName'), '/Begin Shutdown All Environments')]",
            "type": "Microsoft.DataFactory/factories/pipelines",
            "apiVersion": "2018-06-01",
            "properties": {
                "description": "This Pipeline will make an API call to start all CDE Processes in its environment. When you Run this pipeline, it will ask you to enter / modify the parameter 'RunThisPipelineYN'. By default, it is set to no as a precaution to make sure this isn't ran accidentally. Set the value to 'Yes' to run.",
                "activities": [
                    {
                        "name": "Check if not Prod Environment",
                        "type": "IfCondition",
                        "dependsOn": [],
                        "userProperties": [],
                        "typeProperties": {
                            "expression": {
                                "value": "@or(\nnot(equals('prod-cde-elt-datafactory',pipeline().DataFactory)),\nequals(toLower(string(pipeline().parameters.RunThisPipelineYN)),'yes')\n)",
                                "type": "Expression"
                            },
                            "ifTrueActivities": [
                                {
                                    "name": "Shutdown Datafactory Environment",
                                    "type": "ExecutePipeline",
                                    "dependsOn": [],
                                    "policy": {
                                        "secureInput": false
                                    },
                                    "userProperties": [],
                                    "typeProperties": {
                                        "pipeline": {
                                            "referenceName": "Shutdown Datafactory Environment",
                                            "type": "PipelineReference"
                                        },
                                        "waitOnCompletion": true,
                                        "parameters": {
                                            "RunThisPipelineYN": "Yes"
                                        }
                                    }
                                },
                                {
                                    "name": "Shutdown Databricks Environment",
                                    "type": "ExecutePipeline",
                                    "dependsOn": [],
                                    "policy": {
                                        "secureInput": false
                                    },
                                    "userProperties": [],
                                    "typeProperties": {
                                        "pipeline": {
                                            "referenceName": "Shutdown Databricks Environment",
                                            "type": "PipelineReference"
                                        },
                                        "waitOnCompletion": true,
                                        "parameters": {
                                            "RunThisPipelineYN": "Yes"
                                        }
                                    }
                                },
                                {
                                    "name": "Shutdown Synapse Environment",
                                    "type": "ExecutePipeline",
                                    "dependsOn": [],
                                    "policy": {
                                        "secureInput": false
                                    },
                                    "userProperties": [],
                                    "typeProperties": {
                                        "pipeline": {
                                            "referenceName": "Shutdown Synapse Environment",
                                            "type": "PipelineReference"
                                        },
                                        "waitOnCompletion": true,
                                        "parameters": {
                                            "RunThisPipelineYN": "Yes"
                                        }
                                    }
                                }
                            ]
                        }
                    }
                ],
                "concurrency": 1,
                "policy": {
                    "elapsedTimeMetric": {
                        "duration": "0.00:10:00"
                    }
                },
                "parameters": {
                    "RunThisPipelineYN": {
                        "type": "string",
                        "defaultValue": "No"
                    }
                },
                "folder": {
                    "name": "Maintenance/Shutdown Environment"
                },
                "annotations": [],
                "lastPublishTime": "2022-02-17T23:21:46Z"
            },
            "dependsOn": []
        },
        {
            "name": "[concat(parameters('factoryName'), '/Begin Start All Environments')]",
            "type": "Microsoft.DataFactory/factories/pipelines",
            "apiVersion": "2018-06-01",
            "properties": {
                "description": "This Pipeline will make an API call to start all CDE Processes in its environment. When you Run this pipeline, it will ask you to enter / modify the parameter 'RunThisPipelineYN'. By default, it is set to no as a precaution to make sure this isn't ran accidentally. Set the value to 'Yes' to run.",
                "activities": [
                    {
                        "name": "Check if Dev or Auto Environment",
                        "type": "IfCondition",
                        "dependsOn": [
                            {
                                "activity": "Set IsDevRun Variable",
                                "dependencyConditions": [
                                    "Succeeded"
                                ]
                            },
                            {
                                "activity": "Set IsAutoRun Variable",
                                "dependencyConditions": [
                                    "Succeeded"
                                ]
                            }
                        ],
                        "userProperties": [],
                        "typeProperties": {
                            "expression": {
                                "value": "@or(\n    equals(toLower(string(pipeline().parameters.RunThisPipelineYN)),'yes'),\n    or(\n        equals(variables('IsAutoRun'), true), \n        equals(variables('IsDevRun'), true)\n    )\n)",
                                "type": "Expression"
                            },
                            "ifTrueActivities": [
                                {
                                    "name": "Start Datafactory Environment",
                                    "type": "ExecutePipeline",
                                    "dependsOn": [],
                                    "policy": {
                                        "secureInput": false
                                    },
                                    "userProperties": [],
                                    "typeProperties": {
                                        "pipeline": {
                                            "referenceName": "Start Datafactory Environment",
                                            "type": "PipelineReference"
                                        },
                                        "waitOnCompletion": true,
                                        "parameters": {
                                            "RunThisPipelineYN": "Yes"
                                        }
                                    }
                                },
                                {
                                    "name": "Start Databricks Environment",
                                    "type": "ExecutePipeline",
                                    "dependsOn": [],
                                    "policy": {
                                        "secureInput": false
                                    },
                                    "userProperties": [],
                                    "typeProperties": {
                                        "pipeline": {
                                            "referenceName": "Start Databricks Environment",
                                            "type": "PipelineReference"
                                        },
                                        "waitOnCompletion": true,
                                        "parameters": {
                                            "RunThisPipelineYN": "Yes"
                                        }
                                    }
                                },
                                {
                                    "name": "Start Synapse Environment",
                                    "type": "ExecutePipeline",
                                    "dependsOn": [],
                                    "policy": {
                                        "secureInput": false
                                    },
                                    "userProperties": [],
                                    "typeProperties": {
                                        "pipeline": {
                                            "referenceName": "Start Synapse Environment",
                                            "type": "PipelineReference"
                                        },
                                        "waitOnCompletion": true,
                                        "parameters": {
                                            "RunThisPipelineYN": "Yes"
                                        }
                                    }
                                }
                            ]
                        }
                    },
                    {
                        "name": "Set IsDevRun Variable",
                        "type": "SetVariable",
                        "dependsOn": [],
                        "policy": {
                            "secureOutput": false,
                            "secureInput": false
                        },
                        "userProperties": [],
                        "typeProperties": {
                            "variableName": "IsDevRun",
                            "value": {
                                "value": "@and(\n    equals('dev-cde-elt-datafactory',pipeline().DataFactory), \n    equals('Start_Environment_Trigger_Dev',pipeline().TriggerName)\n)",
                                "type": "Expression"
                            }
                        }
                    },
                    {
                        "name": "Set IsAutoRun Variable",
                        "type": "SetVariable",
                        "dependsOn": [],
                        "policy": {
                            "secureOutput": false,
                            "secureInput": false
                        },
                        "userProperties": [],
                        "typeProperties": {
                            "variableName": "IsAutoRun",
                            "value": {
                                "value": "@and(\n    equals('cde-elt-datafactory',pipeline().DataFactory), \n    equals('Start_Environment_Trigger_AutoSbx',pipeline().TriggerName)\n)",
                                "type": "Expression"
                            }
                        }
                    }
                ],
                "concurrency": 1,
                "policy": {
                    "elapsedTimeMetric": {
                        "duration": "0.00:10:00"
                    }
                },
                "parameters": {
                    "RunThisPipelineYN": {
                        "type": "string",
                        "defaultValue": "No"
                    }
                },
                "variables": {
                    "IsDevRun": {
                        "type": "Boolean",
                        "defaultValue": false
                    },
                    "IsAutoRun": {
                        "type": "Boolean",
                        "defaultValue": false
                    }
                },
                "folder": {
                    "name": "Maintenance/Start Environment"
                },
                "annotations": [],
                "lastPublishTime": "2022-02-17T23:21:46Z"
            },
            "dependsOn": []
        },
        {
            "name": "[concat(parameters('factoryName'), '/Begin Synapse Update Statistics')]",
            "type": "Microsoft.DataFactory/factories/pipelines",
            "apiVersion": "2018-06-01",
            "properties": {
                "activities": [
                    {
                        "name": "Synapse Update Statistics",
                        "type": "SqlServerStoredProcedure",
                        "dependsOn": [],
                        "policy": {
                            "timeout": "0.04:00:00",
                            "retry": 3,
                            "retryIntervalInSeconds": 30,
                            "secureOutput": false,
                            "secureInput": false
                        },
                        "userProperties": [],
                        "typeProperties": {
                            "storedProcedureName": "[[etl].[usp_updateStats]"
                        },
                        "linkedServiceName": {
                            "referenceName": "LS_DataWarehouse",
                            "type": "LinkedServiceReference"
                        }
                    }
                ],
                "concurrency": 1,
                "policy": {
                    "elapsedTimeMetric": {
                        "duration": "0.01:00:00"
                    }
                },
                "folder": {
                    "name": "Maintenance"
                },
                "annotations": []
            },
            "dependsOn": []
        },
        {
            "name": "[concat(parameters('factoryName'), '/Load Signin DW upSignInFct PDJ')]",
            "type": "Microsoft.DataFactory/factories/pipelines",
            "apiVersion": "2018-06-01",
            "properties": {
                "activities": [
                    {
                        "name": "Load DW upSignInFct",
                        "type": "DatabricksNotebook",
                        "dependsOn": [],
                        "policy": {
                            "timeout": "0.04:00:00",
                            "retry": 3,
                            "retryIntervalInSeconds": 30,
                            "secureOutput": false,
                            "secureInput": false
                        },
                        "userProperties": [],
                        "typeProperties": {
                            "notebookPath": "/Signin/Load_Data_Warehouse_Stage/Load_DW_upSignInFct",
                            "baseParameters": {
                                "StartDateTime": {
                                    "value": "@pipeline().parameters.StartDateTime",
                                    "type": "Expression"
                                },
                                "EndDateTime": {
                                    "value": "@pipeline().parameters.EndDateTime",
                                    "type": "Expression"
                                }
                            }
                        },
                        "linkedServiceName": {
                            "referenceName": "LS_Databricks",
                            "type": "LinkedServiceReference"
                        }
                    }
                ],
                "policy": {
                    "elapsedTimeMetric": {}
                },
                "parameters": {
                    "StartDateTime": {
                        "type": "string"
                    },
                    "EndDateTime": {
                        "type": "string"
                    }
                },
                "folder": {
                    "name": "Maintenance/Post Deployment Jobs/Sprint 28 - upSigninFct Backfill - Databricks/Child Pipelines"
                },
                "annotations": [],
                "lastPublishTime": "2021-09-22T17:47:56Z"
            },
            "dependsOn": []
        },
        {
            "name": "[concat(parameters('factoryName'), '/Load Signin upSignInFct From signInLogs PDJ')]",
            "type": "Microsoft.DataFactory/factories/pipelines",
            "apiVersion": "2018-06-01",
            "properties": {
                "activities": [
                    {
                        "name": "Load upSignInFct From signInLogs",
                        "type": "DatabricksNotebook",
                        "dependsOn": [],
                        "policy": {
                            "timeout": "0.04:00:00",
                            "retry": 3,
                            "retryIntervalInSeconds": 30,
                            "secureOutput": false,
                            "secureInput": false
                        },
                        "userProperties": [],
                        "typeProperties": {
                            "notebookPath": {
                                "value": "/Signin/Load_Delta_Lake_Stage/Load_Facts/UpSignIn_Facts/Load_upSignInFct_signInLogs",
                                "type": "Expression"
                            },
                            "baseParameters": {
                                "StartDateTime": {
                                    "value": "@pipeline().parameters.StartDateTime",
                                    "type": "Expression"
                                },
                                "EndDateTime": {
                                    "value": "@pipeline().parameters.EndDateTime",
                                    "type": "Expression"
                                }
                            }
                        },
                        "linkedServiceName": {
                            "referenceName": "LS_Databricks",
                            "type": "LinkedServiceReference"
                        }
                    }
                ],
                "policy": {
                    "elapsedTimeMetric": {}
                },
                "parameters": {
                    "StartDateTime": {
                        "type": "string"
                    },
                    "EndDateTime": {
                        "type": "string"
                    }
                },
                "folder": {
                    "name": "Maintenance/Post Deployment Jobs/Sprint 28 - upSigninFct Backfill - Databricks/Child Pipelines"
                },
                "annotations": [],
                "lastPublishTime": "2021-09-22T20:12:52Z"
            },
            "dependsOn": []
        },
        {
            "name": "[concat(parameters('factoryName'), '/Load Signin upSignInFct from DW Stage PDJ')]",
            "type": "Microsoft.DataFactory/factories/pipelines",
            "apiVersion": "2018-06-01",
            "properties": {
                "activities": [
                    {
                        "name": "Load upSignInFct from DW Stage",
                        "description": "",
                        "type": "SqlServerStoredProcedure",
                        "dependsOn": [],
                        "policy": {
                            "timeout": "0.04:00:00",
                            "retry": 3,
                            "retryIntervalInSeconds": 30,
                            "secureOutput": false,
                            "secureInput": false
                        },
                        "userProperties": [
                            {
                                "name": "AdminPasswordSecretName",
                                "value": "abc"
                            }
                        ],
                        "typeProperties": {
                            "storedProcedureName": "[[etl].[usp_populateStage2DW_upSignInFct]"
                        },
                        "linkedServiceName": {
                            "referenceName": "LS_DataWarehouse",
                            "type": "LinkedServiceReference"
                        }
                    }
                ],
                "policy": {
                    "elapsedTimeMetric": {}
                },
                "folder": {
                    "name": "Maintenance/Post Deployment Jobs/Sprint 28 - upSigninFct Backfill - Databricks/Child Pipelines"
                },
                "annotations": [],
                "lastPublishTime": "2021-09-22T19:36:23Z"
            },
            "dependsOn": []
        },
        {
            "name": "[concat(parameters('factoryName'), '/Process Data Dictionary Warehouse')]",
            "type": "Microsoft.DataFactory/factories/pipelines",
            "apiVersion": "2018-06-01",
            "properties": {
                "activities": [
                    {
                        "name": "Load Metadata Catalog",
                        "type": "SqlServerStoredProcedure",
                        "dependsOn": [],
                        "policy": {
                            "timeout": "0.01:00:00",
                            "retry": 3,
                            "retryIntervalInSeconds": 30,
                            "secureOutput": false,
                            "secureInput": false
                        },
                        "userProperties": [],
                        "typeProperties": {
                            "storedProcedureName": "[[datadictionary].[usp_populateMetadataCatalog_DailyLoad]"
                        },
                        "linkedServiceName": {
                            "referenceName": "LS_DataWarehouse",
                            "type": "LinkedServiceReference"
                        }
                    },
                    {
                        "name": "Compare Metadata Catalog",
                        "type": "SqlServerStoredProcedure",
                        "dependsOn": [
                            {
                                "activity": "Load Metadata Catalog",
                                "dependencyConditions": [
                                    "Succeeded"
                                ]
                            }
                        ],
                        "policy": {
                            "timeout": "0.01:00:00",
                            "retry": 3,
                            "retryIntervalInSeconds": 30,
                            "secureOutput": false,
                            "secureInput": false
                        },
                        "userProperties": [],
                        "typeProperties": {
                            "storedProcedureName": "[[datadictionary].[usp_populateMetadataCatalog_DailyCompare]"
                        },
                        "linkedServiceName": {
                            "referenceName": "LS_DataWarehouse",
                            "type": "LinkedServiceReference"
                        }
                    }
                ],
                "policy": {
                    "elapsedTimeMetric": {}
                },
                "variables": {
                    "varContainerName": {
                        "type": "String",
                        "defaultValue": "adoc-rfc-archive"
                    },
                    "varSourceName": {
                        "type": "String",
                        "defaultValue": "adoc"
                    },
                    "varFolderPath": {
                        "type": "String"
                    }
                },
                "folder": {
                    "name": "Data Dictionary Pii/Process Data Warehouse"
                },
                "annotations": []
            },
            "dependsOn": []
        },
        {
            "name": "[concat(parameters('factoryName'), '/Pull A365 BishopBot FaqCategories')]",
            "type": "Microsoft.DataFactory/factories/pipelines",
            "apiVersion": "2018-06-01",
            "properties": {
                "activities": [
                    {
                        "name": "Pull BishopBot FaqCategories",
                        "type": "DatabricksNotebook",
                        "dependsOn": [],
                        "policy": {
                            "timeout": "0.00:20:00",
                            "retry": 3,
                            "retryIntervalInSeconds": 30,
                            "secureOutput": false,
                            "secureInput": false
                        },
                        "userProperties": [],
                        "typeProperties": {
                            "notebookPath": "/A365/Pull_Data/Pull_BishopBot_FAQ_Categories_Data",
                            "baseParameters": {
                                "StartDateTime": {
                                    "value": "@pipeline().parameters.StartDateTime",
                                    "type": "Expression"
                                },
                                "EndDateTime": {
                                    "value": "@pipeline().parameters.EndDateTime",
                                    "type": "Expression"
                                }
                            }
                        },
                        "linkedServiceName": {
                            "referenceName": "LS_Databricks",
                            "type": "LinkedServiceReference"
                        }
                    }
                ],
                "policy": {
                    "elapsedTimeMetric": {}
                },
                "parameters": {
                    "ParentExecutionKey": {
                        "type": "string"
                    },
                    "ParentExtractionTimeKey": {
                        "type": "string"
                    },
                    "StartDateTime": {
                        "type": "string"
                    },
                    "EndDateTime": {
                        "type": "string"
                    }
                },
                "folder": {
                    "name": "A365/Process Data Warehouse/Pull Data"
                },
                "annotations": [],
                "lastPublishTime": "2021-09-22T16:17:51Z"
            },
            "dependsOn": []
        },
        {
            "name": "[concat(parameters('factoryName'), '/Pull A365 BishopBot Faqs')]",
            "type": "Microsoft.DataFactory/factories/pipelines",
            "apiVersion": "2018-06-01",
            "properties": {
                "activities": [
                    {
                        "name": "Pull BishopBot Faqs",
                        "type": "DatabricksNotebook",
                        "dependsOn": [],
                        "policy": {
                            "timeout": "0.00:20:00",
                            "retry": 3,
                            "retryIntervalInSeconds": 30,
                            "secureOutput": false,
                            "secureInput": false
                        },
                        "userProperties": [],
                        "typeProperties": {
                            "notebookPath": "/A365/Pull_Data/Pull_BishopBot_FAQs_Data",
                            "baseParameters": {
                                "StartDateTime": {
                                    "value": "@pipeline().parameters.StartDateTime",
                                    "type": "Expression"
                                },
                                "EndDateTime": {
                                    "value": "@pipeline().parameters.EndDateTime",
                                    "type": "Expression"
                                }
                            }
                        },
                        "linkedServiceName": {
                            "referenceName": "LS_Databricks",
                            "type": "LinkedServiceReference"
                        }
                    }
                ],
                "policy": {
                    "elapsedTimeMetric": {}
                },
                "parameters": {
                    "ParentExecutionKey": {
                        "type": "string"
                    },
                    "ParentExtractionTimeKey": {
                        "type": "string"
                    },
                    "StartDateTime": {
                        "type": "string"
                    },
                    "EndDateTime": {
                        "type": "string"
                    }
                },
                "folder": {
                    "name": "A365/Process Data Warehouse/Pull Data"
                },
                "annotations": [],
                "lastPublishTime": "2021-09-22T16:17:51Z"
            },
            "dependsOn": []
        },
        {
            "name": "[concat(parameters('factoryName'), '/Pull A365 BishopBot Questions')]",
            "type": "Microsoft.DataFactory/factories/pipelines",
            "apiVersion": "2018-06-01",
            "properties": {
                "activities": [
                    {
                        "name": "Pull BishopBot Questions",
                        "type": "DatabricksNotebook",
                        "dependsOn": [],
                        "policy": {
                            "timeout": "0.00:20:00",
                            "retry": 3,
                            "retryIntervalInSeconds": 30,
                            "secureOutput": false,
                            "secureInput": false
                        },
                        "userProperties": [],
                        "typeProperties": {
                            "notebookPath": "/A365/Pull_Data/Pull_BishopBot_Questions_Data",
                            "baseParameters": {
                                "StartDateTime": {
                                    "value": "@pipeline().parameters.StartDateTime",
                                    "type": "Expression"
                                },
                                "EndDateTime": {
                                    "value": "@pipeline().parameters.EndDateTime",
                                    "type": "Expression"
                                }
                            }
                        },
                        "linkedServiceName": {
                            "referenceName": "LS_Databricks",
                            "type": "LinkedServiceReference"
                        }
                    }
                ],
                "policy": {
                    "elapsedTimeMetric": {}
                },
                "parameters": {
                    "ParentExecutionKey": {
                        "type": "string"
                    },
                    "ParentExtractionTimeKey": {
                        "type": "string"
                    },
                    "StartDateTime": {
                        "type": "string"
                    },
                    "EndDateTime": {
                        "type": "string"
                    }
                },
                "folder": {
                    "name": "A365/Process Data Warehouse/Pull Data"
                },
                "annotations": [],
                "lastPublishTime": "2021-09-22T16:17:51Z"
            },
            "dependsOn": []
        }
    ]
}