{
    "$schema": "http://schema.management.azure.com/schemas/2015-01-01/deploymentTemplate.json#",
    "contentVersion": "1.0.0.0",
    "parameters": {
        "factoryName": {
            "type": "string",
            "metadata": "Data Factory name",
            "defaultValue": "adfeitaasdatateam"
        },
        "Purge_Databricks_Tables_Trigger_properties_Begin Purge of Databricks Tables_parameters_DaysToRetain": {
            "type": "string",
            "defaultValue": "2"
        },
        "RCCC_PowerBI_Refresh_properties_Refresh Power BI_parameters_DataflowNamePrefix": {
            "type": "string",
            "defaultValue": "RCC-C Reporting"
        },
        "RCCC_PowerBI_Refresh_properties_Refresh Power BI_parameters_DatasetNamePrefix": {
            "type": "string",
            "defaultValue": "RCC-C Executive Dashboard"
        },
        "Restart_Databricks_Environment_Trigger_properties_Begin Restart Databricks Environment_parameters_RunThisPipelineYN": {
            "type": "string",
            "defaultValue": "Yes"
        },
        "Shutdown_Environment_Trigger_properties_Begin Shutdown All Environments_parameters_RunThisPipelineYN": {
            "type": "string",
            "defaultValue": "No"
        }
    },
    "variables": {
        "factoryId": "[concat('Microsoft.DataFactory/factories/', parameters('factoryName'))]"
    },
    "resources": [
        {
            "name": "[concat(parameters('factoryName'), '/Truncate Conformed DW Stage Tables')]",
            "type": "Microsoft.DataFactory/factories/pipelines",
            "apiVersion": "2018-06-01",
            "properties": {
                "activities": [
                    {
                        "name": "Truncate Conformed DW Stage Tables",
                        "type": "SqlServerStoredProcedure",
                        "dependsOn": [
                            {
                                "activity": "Audit - Start Process",
                                "dependencyConditions": [
                                    "Succeeded"
                                ]
                            }
                        ],
                        "policy": {
                            "timeout": "0.00:20:00",
                            "retry": 3,
                            "retryIntervalInSeconds": 30,
                            "secureOutput": false,
                            "secureInput": false
                        },
                        "userProperties": [],
                        "typeProperties": {
                            "storedProcedureName": "[[etl].[usp_truncateStageConformed]"
                        },
                        "linkedServiceName": {
                            "referenceName": "LS_DataWarehouse",
                            "type": "LinkedServiceReference"
                        }
                    },
                    {
                        "name": "Audit - Start Process",
                        "type": "Lookup",
                        "dependsOn": [],
                        "policy": {
                            "timeout": "0.00:01:00",
                            "retry": 3,
                            "retryIntervalInSeconds": 30,
                            "secureOutput": false,
                            "secureInput": false
                        },
                        "userProperties": [],
                        "typeProperties": {
                            "source": {
                                "type": "SqlServerSource",
                                "sqlReaderQuery": {
                                    "value": "@concat(\n'\nDECLARE @ProcessExecutionKey int\n\nEXEC [etlaudit].[usp_InsertAuditProcessExecution]\n  @ProcessName = ''', pipeline().Pipeline ,'''\n, @ParentProcessExecutionKey = ''', pipeline().parameters.ParentExecutionKey, '''\n, @ExecutionStartDatetime = ''', pipeline().parameters.StartDateTime, '''\n, @ExecutionStopDatetime = ''', pipeline().parameters.EndDateTime, '''\n, @ExtractionTimeKey = ''', pipeline().parameters.ParentExtractionTimeKey, '''\n, @ProcessExecutionKey = @ProcessExecutionKey OUTPUT;\n\nSELECT @ProcessExecutionKey AS ProcessExecutionKey\n'\n)\n",
                                    "type": "Expression"
                                },
                                "queryTimeout": "02:00:00",
                                "partitionOption": "None"
                            },
                            "dataset": {
                                "referenceName": "Database_SQLServer",
                                "type": "DatasetReference",
                                "parameters": {}
                            },
                            "firstRowOnly": true
                        }
                    },
                    {
                        "name": "Audit - End Process - Success",
                        "type": "SqlServerStoredProcedure",
                        "dependsOn": [
                            {
                                "activity": "Truncate Conformed DW Stage Tables",
                                "dependencyConditions": [
                                    "Succeeded"
                                ]
                            }
                        ],
                        "policy": {
                            "timeout": "0.00:01:00",
                            "retry": 3,
                            "retryIntervalInSeconds": 30,
                            "secureOutput": false,
                            "secureInput": false
                        },
                        "userProperties": [],
                        "typeProperties": {
                            "storedProcedureName": "[[etlaudit].[usp_UpdateAuditProcessExecution]",
                            "storedProcedureParameters": {
                                "ProcessExecutionKey": {
                                    "value": {
                                        "value": "@activity('Audit - Start Process').output.firstRow.ProcessExecutionKey",
                                        "type": "Expression"
                                    },
                                    "type": "Int32"
                                },
                                "SuccessfulProcessingIndicator": {
                                    "value": "Y",
                                    "type": "String"
                                }
                            }
                        },
                        "linkedServiceName": {
                            "referenceName": "LS_SqlServer",
                            "type": "LinkedServiceReference"
                        }
                    },
                    {
                        "name": "Audit - End Process - Failure",
                        "type": "SqlServerStoredProcedure",
                        "dependsOn": [
                            {
                                "activity": "Truncate Conformed DW Stage Tables",
                                "dependencyConditions": [
                                    "Failed"
                                ]
                            }
                        ],
                        "policy": {
                            "timeout": "0.00:01:00",
                            "retry": 3,
                            "retryIntervalInSeconds": 30,
                            "secureOutput": false,
                            "secureInput": false
                        },
                        "userProperties": [],
                        "typeProperties": {
                            "storedProcedureName": "[[etlaudit].[usp_UpdateAuditProcessExecution]",
                            "storedProcedureParameters": {
                                "ProcessExecutionKey": {
                                    "value": {
                                        "value": "@activity('Audit - Start Process').output.firstRow.ProcessExecutionKey",
                                        "type": "Expression"
                                    },
                                    "type": "Int32"
                                },
                                "SuccessfulProcessingIndicator": {
                                    "value": "N",
                                    "type": "String"
                                }
                            }
                        },
                        "linkedServiceName": {
                            "referenceName": "LS_SqlServer",
                            "type": "LinkedServiceReference"
                        }
                    }
                ],
                "policy": {
                    "elapsedTimeMetric": {}
                },
                "parameters": {
                    "StartDateTime": {
                        "type": "string"
                    },
                    "EndDateTime": {
                        "type": "string"
                    },
                    "ParentExecutionKey": {
                        "type": "string"
                    },
                    "ParentExtractionTimeKey": {
                        "type": "string"
                    }
                },
                "folder": {
                    "name": "Conformed/Process Data Warehouse"
                },
                "annotations": [],
                "lastPublishTime": "2021-09-23T16:49:03Z"
            },
            "dependsOn": []
        },
        {
            "name": "[concat(parameters('factoryName'), '/Truncate Device DW Stage Tables')]",
            "type": "Microsoft.DataFactory/factories/pipelines",
            "apiVersion": "2018-06-01",
            "properties": {
                "activities": [
                    {
                        "name": "Truncate Device DW Stage Tables",
                        "type": "SqlServerStoredProcedure",
                        "dependsOn": [
                            {
                                "activity": "Audit - Start Process",
                                "dependencyConditions": [
                                    "Succeeded"
                                ]
                            }
                        ],
                        "policy": {
                            "timeout": "0.00:20:00",
                            "retry": 3,
                            "retryIntervalInSeconds": 30,
                            "secureOutput": false,
                            "secureInput": false
                        },
                        "userProperties": [],
                        "typeProperties": {
                            "storedProcedureName": "[[etl].[usp_truncateStageDevice]"
                        },
                        "linkedServiceName": {
                            "referenceName": "LS_DataWarehouse",
                            "type": "LinkedServiceReference"
                        }
                    },
                    {
                        "name": "Audit - Start Process",
                        "type": "Lookup",
                        "dependsOn": [],
                        "policy": {
                            "timeout": "0.00:01:00",
                            "retry": 3,
                            "retryIntervalInSeconds": 30,
                            "secureOutput": false,
                            "secureInput": false
                        },
                        "userProperties": [],
                        "typeProperties": {
                            "source": {
                                "type": "SqlServerSource",
                                "sqlReaderQuery": {
                                    "value": "@concat(\n'\nDECLARE @ProcessExecutionKey int\n\nEXEC [etlaudit].[usp_InsertAuditProcessExecution]\n  @ProcessName = ''', pipeline().Pipeline ,'''\n, @ParentProcessExecutionKey = ''', pipeline().parameters.ParentExecutionKey, '''\n, @ExecutionStartDatetime = ''', pipeline().parameters.StartDateTime, '''\n, @ExecutionStopDatetime = ''', pipeline().parameters.EndDateTime, '''\n, @ExtractionTimeKey = ''', pipeline().parameters.ParentExtractionTimeKey, '''\n, @ProcessExecutionKey = @ProcessExecutionKey OUTPUT;\n\nSELECT @ProcessExecutionKey AS ProcessExecutionKey\n'\n)\n",
                                    "type": "Expression"
                                },
                                "queryTimeout": "02:00:00",
                                "partitionOption": "None"
                            },
                            "dataset": {
                                "referenceName": "Database_SQLServer",
                                "type": "DatasetReference",
                                "parameters": {}
                            },
                            "firstRowOnly": true
                        }
                    },
                    {
                        "name": "Audit - End Process - Success",
                        "type": "SqlServerStoredProcedure",
                        "dependsOn": [
                            {
                                "activity": "Truncate Device DW Stage Tables",
                                "dependencyConditions": [
                                    "Succeeded"
                                ]
                            }
                        ],
                        "policy": {
                            "timeout": "0.00:01:00",
                            "retry": 3,
                            "retryIntervalInSeconds": 30,
                            "secureOutput": false,
                            "secureInput": false
                        },
                        "userProperties": [],
                        "typeProperties": {
                            "storedProcedureName": "[[etlaudit].[usp_UpdateAuditProcessExecution]",
                            "storedProcedureParameters": {
                                "ProcessExecutionKey": {
                                    "value": {
                                        "value": "@activity('Audit - Start Process').output.firstRow.ProcessExecutionKey",
                                        "type": "Expression"
                                    },
                                    "type": "Int32"
                                },
                                "SuccessfulProcessingIndicator": {
                                    "value": "Y",
                                    "type": "String"
                                }
                            }
                        },
                        "linkedServiceName": {
                            "referenceName": "LS_SqlServer",
                            "type": "LinkedServiceReference"
                        }
                    },
                    {
                        "name": "Audit - End Process - Failure",
                        "type": "SqlServerStoredProcedure",
                        "dependsOn": [
                            {
                                "activity": "Truncate Device DW Stage Tables",
                                "dependencyConditions": [
                                    "Failed"
                                ]
                            }
                        ],
                        "policy": {
                            "timeout": "0.00:01:00",
                            "retry": 3,
                            "retryIntervalInSeconds": 30,
                            "secureOutput": false,
                            "secureInput": false
                        },
                        "userProperties": [],
                        "typeProperties": {
                            "storedProcedureName": "[[etlaudit].[usp_UpdateAuditProcessExecution]",
                            "storedProcedureParameters": {
                                "ProcessExecutionKey": {
                                    "value": {
                                        "value": "@activity('Audit - Start Process').output.firstRow.ProcessExecutionKey",
                                        "type": "Expression"
                                    },
                                    "type": "Int32"
                                },
                                "SuccessfulProcessingIndicator": {
                                    "value": "N",
                                    "type": "String"
                                }
                            }
                        },
                        "linkedServiceName": {
                            "referenceName": "LS_SqlServer",
                            "type": "LinkedServiceReference"
                        }
                    }
                ],
                "policy": {
                    "elapsedTimeMetric": {}
                },
                "parameters": {
                    "StartDateTime": {
                        "type": "string"
                    },
                    "EndDateTime": {
                        "type": "string"
                    },
                    "ParentExecutionKey": {
                        "type": "string"
                    },
                    "ParentExtractionTimeKey": {
                        "type": "string"
                    }
                },
                "folder": {
                    "name": "Device/Process Data Warehouse"
                },
                "annotations": [],
                "lastPublishTime": "2021-09-23T16:49:03Z"
            },
            "dependsOn": []
        },
        {
            "name": "[concat(parameters('factoryName'), '/Truncate Device Management DW Stage Tables')]",
            "type": "Microsoft.DataFactory/factories/pipelines",
            "apiVersion": "2018-06-01",
            "properties": {
                "activities": [
                    {
                        "name": "Truncate Device Management DW Stage Tables",
                        "type": "SqlServerStoredProcedure",
                        "dependsOn": [
                            {
                                "activity": "Audit - Start Process",
                                "dependencyConditions": [
                                    "Succeeded"
                                ]
                            }
                        ],
                        "policy": {
                            "timeout": "0.00:20:00",
                            "retry": 3,
                            "retryIntervalInSeconds": 30,
                            "secureOutput": false,
                            "secureInput": false
                        },
                        "userProperties": [],
                        "typeProperties": {
                            "storedProcedureName": "[[etl].[usp_truncateStageDeviceManagement]"
                        },
                        "linkedServiceName": {
                            "referenceName": "LS_DataWarehouse",
                            "type": "LinkedServiceReference"
                        }
                    },
                    {
                        "name": "Audit - Start Process",
                        "type": "Lookup",
                        "dependsOn": [],
                        "policy": {
                            "timeout": "0.00:01:00",
                            "retry": 3,
                            "retryIntervalInSeconds": 30,
                            "secureOutput": false,
                            "secureInput": false
                        },
                        "userProperties": [],
                        "typeProperties": {
                            "source": {
                                "type": "SqlServerSource",
                                "sqlReaderQuery": {
                                    "value": "@concat(\n'\nDECLARE @ProcessExecutionKey int\n\nEXEC [etlaudit].[usp_InsertAuditProcessExecution]\n  @ProcessName = ''', pipeline().Pipeline ,'''\n, @ParentProcessExecutionKey = ''', pipeline().parameters.ParentExecutionKey, '''\n, @ExecutionStartDatetime = ''', pipeline().parameters.StartDateTime, '''\n, @ExecutionStopDatetime = ''', pipeline().parameters.EndDateTime, '''\n, @ExtractionTimeKey = ''', pipeline().parameters.ParentExtractionTimeKey, '''\n, @ProcessExecutionKey = @ProcessExecutionKey OUTPUT;\n\nSELECT @ProcessExecutionKey AS ProcessExecutionKey\n'\n)\n",
                                    "type": "Expression"
                                },
                                "queryTimeout": "02:00:00",
                                "partitionOption": "None"
                            },
                            "dataset": {
                                "referenceName": "Database_SQLServer",
                                "type": "DatasetReference",
                                "parameters": {}
                            },
                            "firstRowOnly": true
                        }
                    },
                    {
                        "name": "Audit - End Process - Success",
                        "type": "SqlServerStoredProcedure",
                        "dependsOn": [
                            {
                                "activity": "Truncate Device Management DW Stage Tables",
                                "dependencyConditions": [
                                    "Succeeded"
                                ]
                            }
                        ],
                        "policy": {
                            "timeout": "0.00:01:00",
                            "retry": 3,
                            "retryIntervalInSeconds": 30,
                            "secureOutput": false,
                            "secureInput": false
                        },
                        "userProperties": [],
                        "typeProperties": {
                            "storedProcedureName": "[[etlaudit].[usp_UpdateAuditProcessExecution]",
                            "storedProcedureParameters": {
                                "ProcessExecutionKey": {
                                    "value": {
                                        "value": "@activity('Audit - Start Process').output.firstRow.ProcessExecutionKey",
                                        "type": "Expression"
                                    },
                                    "type": "Int32"
                                },
                                "SuccessfulProcessingIndicator": {
                                    "value": "Y",
                                    "type": "String"
                                }
                            }
                        },
                        "linkedServiceName": {
                            "referenceName": "LS_SqlServer",
                            "type": "LinkedServiceReference"
                        }
                    },
                    {
                        "name": "Audit - End Process - Failure",
                        "type": "SqlServerStoredProcedure",
                        "dependsOn": [
                            {
                                "activity": "Truncate Device Management DW Stage Tables",
                                "dependencyConditions": [
                                    "Failed"
                                ]
                            }
                        ],
                        "policy": {
                            "timeout": "0.00:01:00",
                            "retry": 3,
                            "retryIntervalInSeconds": 30,
                            "secureOutput": false,
                            "secureInput": false
                        },
                        "userProperties": [],
                        "typeProperties": {
                            "storedProcedureName": "[[etlaudit].[usp_UpdateAuditProcessExecution]",
                            "storedProcedureParameters": {
                                "ProcessExecutionKey": {
                                    "value": {
                                        "value": "@activity('Audit - Start Process').output.firstRow.ProcessExecutionKey",
                                        "type": "Expression"
                                    },
                                    "type": "Int32"
                                },
                                "SuccessfulProcessingIndicator": {
                                    "value": "N",
                                    "type": "String"
                                }
                            }
                        },
                        "linkedServiceName": {
                            "referenceName": "LS_SqlServer",
                            "type": "LinkedServiceReference"
                        }
                    }
                ],
                "policy": {
                    "elapsedTimeMetric": {}
                },
                "parameters": {
                    "StartDateTime": {
                        "type": "string"
                    },
                    "EndDateTime": {
                        "type": "string"
                    },
                    "ParentExecutionKey": {
                        "type": "string"
                    },
                    "ParentExtractionTimeKey": {
                        "type": "string"
                    }
                },
                "folder": {
                    "name": "Device/Process Data Warehouse"
                },
                "annotations": [],
                "lastPublishTime": "2021-09-23T16:49:03Z"
            },
            "dependsOn": []
        },
        {
            "name": "[concat(parameters('factoryName'), '/Truncate Diagnostic DW Stage Tables')]",
            "type": "Microsoft.DataFactory/factories/pipelines",
            "apiVersion": "2018-06-01",
            "properties": {
                "activities": [
                    {
                        "name": "Truncate Diagnostic DW Stage Tables",
                        "type": "SqlServerStoredProcedure",
                        "dependsOn": [
                            {
                                "activity": "Audit - Start Process",
                                "dependencyConditions": [
                                    "Succeeded"
                                ]
                            }
                        ],
                        "policy": {
                            "timeout": "0.00:20:00",
                            "retry": 3,
                            "retryIntervalInSeconds": 30,
                            "secureOutput": false,
                            "secureInput": false
                        },
                        "userProperties": [],
                        "typeProperties": {
                            "storedProcedureName": "[[etl].[usp_truncateStageDiagnostic]"
                        },
                        "linkedServiceName": {
                            "referenceName": "LS_DataWarehouse",
                            "type": "LinkedServiceReference"
                        }
                    },
                    {
                        "name": "Audit - Start Process",
                        "type": "Lookup",
                        "dependsOn": [],
                        "policy": {
                            "timeout": "0.00:01:00",
                            "retry": 3,
                            "retryIntervalInSeconds": 30,
                            "secureOutput": false,
                            "secureInput": false
                        },
                        "userProperties": [],
                        "typeProperties": {
                            "source": {
                                "type": "SqlServerSource",
                                "sqlReaderQuery": {
                                    "value": "@concat(\n'\nDECLARE @ProcessExecutionKey int\n\nEXEC [etlaudit].[usp_InsertAuditProcessExecution]\n  @ProcessName = ''', pipeline().Pipeline ,'''\n, @ParentProcessExecutionKey = ''', pipeline().parameters.ParentExecutionKey, '''\n, @ExecutionStartDatetime = ''', pipeline().parameters.StartDateTime, '''\n, @ExecutionStopDatetime = ''', pipeline().parameters.EndDateTime, '''\n, @ExtractionTimeKey = ''', pipeline().parameters.ParentExtractionTimeKey, '''\n, @ProcessExecutionKey = @ProcessExecutionKey OUTPUT;\n\nSELECT @ProcessExecutionKey AS ProcessExecutionKey\n'\n)\n",
                                    "type": "Expression"
                                },
                                "queryTimeout": "02:00:00",
                                "partitionOption": "None"
                            },
                            "dataset": {
                                "referenceName": "Database_SQLServer",
                                "type": "DatasetReference",
                                "parameters": {}
                            },
                            "firstRowOnly": true
                        }
                    },
                    {
                        "name": "Audit - End Process - Success",
                        "type": "SqlServerStoredProcedure",
                        "dependsOn": [
                            {
                                "activity": "Truncate Diagnostic DW Stage Tables",
                                "dependencyConditions": [
                                    "Succeeded"
                                ]
                            }
                        ],
                        "policy": {
                            "timeout": "0.00:01:00",
                            "retry": 3,
                            "retryIntervalInSeconds": 30,
                            "secureOutput": false,
                            "secureInput": false
                        },
                        "userProperties": [],
                        "typeProperties": {
                            "storedProcedureName": "[[etlaudit].[usp_UpdateAuditProcessExecution]",
                            "storedProcedureParameters": {
                                "ProcessExecutionKey": {
                                    "value": {
                                        "value": "@activity('Audit - Start Process').output.firstRow.ProcessExecutionKey",
                                        "type": "Expression"
                                    },
                                    "type": "Int32"
                                },
                                "SuccessfulProcessingIndicator": {
                                    "value": "Y",
                                    "type": "String"
                                }
                            }
                        },
                        "linkedServiceName": {
                            "referenceName": "LS_SqlServer",
                            "type": "LinkedServiceReference"
                        }
                    },
                    {
                        "name": "Audit - End Process - Failure",
                        "type": "SqlServerStoredProcedure",
                        "dependsOn": [
                            {
                                "activity": "Truncate Diagnostic DW Stage Tables",
                                "dependencyConditions": [
                                    "Failed"
                                ]
                            }
                        ],
                        "policy": {
                            "timeout": "0.00:01:00",
                            "retry": 3,
                            "retryIntervalInSeconds": 30,
                            "secureOutput": false,
                            "secureInput": false
                        },
                        "userProperties": [],
                        "typeProperties": {
                            "storedProcedureName": "[[etlaudit].[usp_UpdateAuditProcessExecution]",
                            "storedProcedureParameters": {
                                "ProcessExecutionKey": {
                                    "value": {
                                        "value": "@activity('Audit - Start Process').output.firstRow.ProcessExecutionKey",
                                        "type": "Expression"
                                    },
                                    "type": "Int32"
                                },
                                "SuccessfulProcessingIndicator": {
                                    "value": "N",
                                    "type": "String"
                                }
                            }
                        },
                        "linkedServiceName": {
                            "referenceName": "LS_SqlServer",
                            "type": "LinkedServiceReference"
                        }
                    }
                ],
                "policy": {
                    "elapsedTimeMetric": {}
                },
                "parameters": {
                    "StartDateTime": {
                        "type": "string"
                    },
                    "EndDateTime": {
                        "type": "string"
                    },
                    "ParentExecutionKey": {
                        "type": "string"
                    },
                    "ParentExtractionTimeKey": {
                        "type": "string"
                    }
                },
                "folder": {
                    "name": "Diagnostic/Process Data Warehouse"
                },
                "annotations": [],
                "lastPublishTime": "2021-09-23T16:49:03Z"
            },
            "dependsOn": []
        },
        {
            "name": "[concat(parameters('factoryName'), '/Truncate MDE DW Stage Tables')]",
            "type": "Microsoft.DataFactory/factories/pipelines",
            "apiVersion": "2018-06-01",
            "properties": {
                "activities": [
                    {
                        "name": "Truncate MDE DW Stage Tables",
                        "type": "SqlServerStoredProcedure",
                        "dependsOn": [
                            {
                                "activity": "Audit - Start Process",
                                "dependencyConditions": [
                                    "Succeeded"
                                ]
                            }
                        ],
                        "policy": {
                            "timeout": "0.00:20:00",
                            "retry": 3,
                            "retryIntervalInSeconds": 30,
                            "secureOutput": false,
                            "secureInput": false
                        },
                        "userProperties": [],
                        "typeProperties": {
                            "storedProcedureName": "[[mde].[usp_truncateStageMDE]"
                        },
                        "linkedServiceName": {
                            "referenceName": "LS_DataWarehouse",
                            "type": "LinkedServiceReference"
                        }
                    },
                    {
                        "name": "Audit - Start Process",
                        "type": "Lookup",
                        "dependsOn": [],
                        "policy": {
                            "timeout": "0.00:01:00",
                            "retry": 3,
                            "retryIntervalInSeconds": 30,
                            "secureOutput": false,
                            "secureInput": false
                        },
                        "userProperties": [],
                        "typeProperties": {
                            "source": {
                                "type": "SqlServerSource",
                                "sqlReaderQuery": {
                                    "value": "@concat(\n'\nDECLARE @ProcessExecutionKey int\n\nEXEC [etlaudit].[usp_InsertAuditProcessExecution]\n  @ProcessName = ''', pipeline().Pipeline ,'''\n, @ParentProcessExecutionKey = ''', pipeline().parameters.ParentExecutionKey, '''\n, @ExecutionStartDatetime = ''', pipeline().parameters.StartDateTime, '''\n, @ExecutionStopDatetime = ''', pipeline().parameters.EndDateTime, '''\n, @ExtractionTimeKey = ''', pipeline().parameters.ParentExtractionTimeKey, '''\n, @ProcessExecutionKey = @ProcessExecutionKey OUTPUT;\n\nSELECT @ProcessExecutionKey AS ProcessExecutionKey\n'\n)\n",
                                    "type": "Expression"
                                },
                                "queryTimeout": "02:00:00",
                                "partitionOption": "None"
                            },
                            "dataset": {
                                "referenceName": "Database_SQLServer",
                                "type": "DatasetReference",
                                "parameters": {}
                            },
                            "firstRowOnly": true
                        }
                    },
                    {
                        "name": "Audit - End Process - Success",
                        "type": "SqlServerStoredProcedure",
                        "dependsOn": [
                            {
                                "activity": "Truncate MDE DW Stage Tables",
                                "dependencyConditions": [
                                    "Succeeded"
                                ]
                            }
                        ],
                        "policy": {
                            "timeout": "0.00:01:00",
                            "retry": 3,
                            "retryIntervalInSeconds": 30,
                            "secureOutput": false,
                            "secureInput": false
                        },
                        "userProperties": [],
                        "typeProperties": {
                            "storedProcedureName": "[[etlaudit].[usp_UpdateAuditProcessExecution]",
                            "storedProcedureParameters": {
                                "ProcessExecutionKey": {
                                    "value": {
                                        "value": "@activity('Audit - Start Process').output.firstRow.ProcessExecutionKey",
                                        "type": "Expression"
                                    },
                                    "type": "Int32"
                                },
                                "SuccessfulProcessingIndicator": {
                                    "value": "Y",
                                    "type": "String"
                                }
                            }
                        },
                        "linkedServiceName": {
                            "referenceName": "LS_SqlServer",
                            "type": "LinkedServiceReference"
                        }
                    },
                    {
                        "name": "Audit - End Process - Failure",
                        "type": "SqlServerStoredProcedure",
                        "dependsOn": [
                            {
                                "activity": "Truncate MDE DW Stage Tables",
                                "dependencyConditions": [
                                    "Failed"
                                ]
                            }
                        ],
                        "policy": {
                            "timeout": "0.00:01:00",
                            "retry": 3,
                            "retryIntervalInSeconds": 30,
                            "secureOutput": false,
                            "secureInput": false
                        },
                        "userProperties": [],
                        "typeProperties": {
                            "storedProcedureName": "[[etlaudit].[usp_UpdateAuditProcessExecution]",
                            "storedProcedureParameters": {
                                "ProcessExecutionKey": {
                                    "value": {
                                        "value": "@activity('Audit - Start Process').output.firstRow.ProcessExecutionKey",
                                        "type": "Expression"
                                    },
                                    "type": "Int32"
                                },
                                "SuccessfulProcessingIndicator": {
                                    "value": "N",
                                    "type": "String"
                                }
                            }
                        },
                        "linkedServiceName": {
                            "referenceName": "LS_SqlServer",
                            "type": "LinkedServiceReference"
                        }
                    }
                ],
                "policy": {
                    "elapsedTimeMetric": {}
                },
                "parameters": {
                    "StartDateTime": {
                        "type": "string"
                    },
                    "EndDateTime": {
                        "type": "string"
                    },
                    "ParentExecutionKey": {
                        "type": "string"
                    },
                    "ParentExtractionTimeKey": {
                        "type": "string"
                    }
                },
                "folder": {
                    "name": "MDE/Process Data Warehouse"
                },
                "annotations": [],
                "lastPublishTime": "2021-09-23T16:49:03Z"
            },
            "dependsOn": []
        },
        {
            "name": "[concat(parameters('factoryName'), '/Truncate Metric DW Stage Tables')]",
            "type": "Microsoft.DataFactory/factories/pipelines",
            "apiVersion": "2018-06-01",
            "properties": {
                "activities": [
                    {
                        "name": "Truncate Device DW Stage Tables",
                        "type": "SqlServerStoredProcedure",
                        "dependsOn": [
                            {
                                "activity": "Audit - Start Process",
                                "dependencyConditions": [
                                    "Succeeded"
                                ]
                            }
                        ],
                        "policy": {
                            "timeout": "0.00:20:00",
                            "retry": 3,
                            "retryIntervalInSeconds": 30,
                            "secureOutput": false,
                            "secureInput": false
                        },
                        "userProperties": [],
                        "typeProperties": {
                            "storedProcedureName": "[[etl].[usp_truncateStageMetric]"
                        },
                        "linkedServiceName": {
                            "referenceName": "LS_DataWarehouse",
                            "type": "LinkedServiceReference"
                        }
                    },
                    {
                        "name": "Audit - Start Process",
                        "type": "Lookup",
                        "dependsOn": [],
                        "policy": {
                            "timeout": "0.00:01:00",
                            "retry": 3,
                            "retryIntervalInSeconds": 30,
                            "secureOutput": false,
                            "secureInput": false
                        },
                        "userProperties": [],
                        "typeProperties": {
                            "source": {
                                "type": "SqlServerSource",
                                "sqlReaderQuery": {
                                    "value": "@concat(\n'\nDECLARE @ProcessExecutionKey int\n\nEXEC [etlaudit].[usp_InsertAuditProcessExecution]\n  @ProcessName = ''', pipeline().Pipeline ,'''\n, @ParentProcessExecutionKey = ''', pipeline().parameters.ParentExecutionKey, '''\n, @ExecutionStartDatetime = ''', pipeline().parameters.StartDateTime, '''\n, @ExecutionStopDatetime = ''', pipeline().parameters.EndDateTime, '''\n, @ExtractionTimeKey = ''', pipeline().parameters.ParentExtractionTimeKey, '''\n, @ProcessExecutionKey = @ProcessExecutionKey OUTPUT;\n\nSELECT @ProcessExecutionKey AS ProcessExecutionKey\n'\n)\n",
                                    "type": "Expression"
                                },
                                "queryTimeout": "02:00:00",
                                "partitionOption": "None"
                            },
                            "dataset": {
                                "referenceName": "Database_SQLServer",
                                "type": "DatasetReference",
                                "parameters": {}
                            },
                            "firstRowOnly": true
                        }
                    },
                    {
                        "name": "Audit - End Process - Success",
                        "type": "SqlServerStoredProcedure",
                        "dependsOn": [
                            {
                                "activity": "Truncate Device DW Stage Tables",
                                "dependencyConditions": [
                                    "Succeeded"
                                ]
                            }
                        ],
                        "policy": {
                            "timeout": "0.00:01:00",
                            "retry": 3,
                            "retryIntervalInSeconds": 30,
                            "secureOutput": false,
                            "secureInput": false
                        },
                        "userProperties": [],
                        "typeProperties": {
                            "storedProcedureName": "[[etlaudit].[usp_UpdateAuditProcessExecution]",
                            "storedProcedureParameters": {
                                "ProcessExecutionKey": {
                                    "value": {
                                        "value": "@activity('Audit - Start Process').output.firstRow.ProcessExecutionKey",
                                        "type": "Expression"
                                    },
                                    "type": "Int32"
                                },
                                "SuccessfulProcessingIndicator": {
                                    "value": "Y",
                                    "type": "String"
                                }
                            }
                        },
                        "linkedServiceName": {
                            "referenceName": "LS_SqlServer",
                            "type": "LinkedServiceReference"
                        }
                    },
                    {
                        "name": "Audit - End Process - Failure",
                        "type": "SqlServerStoredProcedure",
                        "dependsOn": [
                            {
                                "activity": "Truncate Device DW Stage Tables",
                                "dependencyConditions": [
                                    "Failed"
                                ]
                            }
                        ],
                        "policy": {
                            "timeout": "0.00:01:00",
                            "retry": 3,
                            "retryIntervalInSeconds": 30,
                            "secureOutput": false,
                            "secureInput": false
                        },
                        "userProperties": [],
                        "typeProperties": {
                            "storedProcedureName": "[[etlaudit].[usp_UpdateAuditProcessExecution]",
                            "storedProcedureParameters": {
                                "ProcessExecutionKey": {
                                    "value": {
                                        "value": "@activity('Audit - Start Process').output.firstRow.ProcessExecutionKey",
                                        "type": "Expression"
                                    },
                                    "type": "Int32"
                                },
                                "SuccessfulProcessingIndicator": {
                                    "value": "N",
                                    "type": "String"
                                }
                            }
                        },
                        "linkedServiceName": {
                            "referenceName": "LS_SqlServer",
                            "type": "LinkedServiceReference"
                        }
                    }
                ],
                "policy": {
                    "elapsedTimeMetric": {}
                },
                "parameters": {
                    "StartDateTime": {
                        "type": "string"
                    },
                    "EndDateTime": {
                        "type": "string"
                    },
                    "ParentExecutionKey": {
                        "type": "string"
                    },
                    "ParentExtractionTimeKey": {
                        "type": "string"
                    }
                },
                "folder": {
                    "name": "Metric/Process Data Warehouse"
                },
                "annotations": [],
                "lastPublishTime": "2021-09-23T16:49:03Z"
            },
            "dependsOn": []
        },
        {
            "name": "[concat(parameters('factoryName'), '/Truncate Policy DW Stage Tables')]",
            "type": "Microsoft.DataFactory/factories/pipelines",
            "apiVersion": "2018-06-01",
            "properties": {
                "activities": [
                    {
                        "name": "Truncate DW Stage Tables",
                        "type": "SqlServerStoredProcedure",
                        "dependsOn": [
                            {
                                "activity": "Audit - Start Process",
                                "dependencyConditions": [
                                    "Succeeded"
                                ]
                            }
                        ],
                        "policy": {
                            "timeout": "7.00:00:00",
                            "retry": 3,
                            "retryIntervalInSeconds": 30,
                            "secureOutput": false,
                            "secureInput": false
                        },
                        "userProperties": [],
                        "typeProperties": {
                            "storedProcedureName": "[[etl].[usp_truncateStagePolicy]"
                        },
                        "linkedServiceName": {
                            "referenceName": "LS_DataWarehouse",
                            "type": "LinkedServiceReference"
                        }
                    },
                    {
                        "name": "Audit - Start Process",
                        "type": "Lookup",
                        "dependsOn": [],
                        "policy": {
                            "timeout": "0.00:01:00",
                            "retry": 3,
                            "retryIntervalInSeconds": 30,
                            "secureOutput": false,
                            "secureInput": false
                        },
                        "userProperties": [],
                        "typeProperties": {
                            "source": {
                                "type": "SqlServerSource",
                                "sqlReaderQuery": {
                                    "value": "@concat(\n'\nDECLARE @ProcessExecutionKey int\n\nEXEC [etlaudit].[usp_InsertAuditProcessExecution]\n  @ProcessName = ''', pipeline().Pipeline ,'''\n, @ParentProcessExecutionKey = ''', pipeline().parameters.ParentExecutionKey, '''\n, @ExecutionStartDatetime = ''', pipeline().parameters.StartDateTime, '''\n, @ExecutionStopDatetime = ''', pipeline().parameters.EndDateTime, '''\n, @ExtractionTimeKey = ''', pipeline().parameters.ParentExtractionTimeKey, '''\n, @ProcessExecutionKey = @ProcessExecutionKey OUTPUT;\n\nSELECT @ProcessExecutionKey AS ProcessExecutionKey\n'\n)\n",
                                    "type": "Expression"
                                },
                                "queryTimeout": "02:00:00",
                                "partitionOption": "None"
                            },
                            "dataset": {
                                "referenceName": "Database_SQLServer",
                                "type": "DatasetReference",
                                "parameters": {}
                            },
                            "firstRowOnly": true
                        }
                    },
                    {
                        "name": "Audit - End Process - Success",
                        "type": "SqlServerStoredProcedure",
                        "dependsOn": [
                            {
                                "activity": "Truncate DW Stage Tables",
                                "dependencyConditions": [
                                    "Succeeded"
                                ]
                            }
                        ],
                        "policy": {
                            "timeout": "0.00:01:00",
                            "retry": 3,
                            "retryIntervalInSeconds": 30,
                            "secureOutput": false,
                            "secureInput": false
                        },
                        "userProperties": [],
                        "typeProperties": {
                            "storedProcedureName": "[[etlaudit].[usp_UpdateAuditProcessExecution]",
                            "storedProcedureParameters": {
                                "ProcessExecutionKey": {
                                    "value": {
                                        "value": "@activity('Audit - Start Process').output.firstRow.ProcessExecutionKey",
                                        "type": "Expression"
                                    },
                                    "type": "Int32"
                                },
                                "SuccessfulProcessingIndicator": {
                                    "value": "Y",
                                    "type": "String"
                                }
                            }
                        },
                        "linkedServiceName": {
                            "referenceName": "LS_SqlServer",
                            "type": "LinkedServiceReference"
                        }
                    },
                    {
                        "name": "Audit - End Process - Failure",
                        "type": "SqlServerStoredProcedure",
                        "dependsOn": [
                            {
                                "activity": "Truncate DW Stage Tables",
                                "dependencyConditions": [
                                    "Failed"
                                ]
                            }
                        ],
                        "policy": {
                            "timeout": "0.00:01:00",
                            "retry": 3,
                            "retryIntervalInSeconds": 30,
                            "secureOutput": false,
                            "secureInput": false
                        },
                        "userProperties": [],
                        "typeProperties": {
                            "storedProcedureName": "[[etlaudit].[usp_UpdateAuditProcessExecution]",
                            "storedProcedureParameters": {
                                "ProcessExecutionKey": {
                                    "value": {
                                        "value": "@activity('Audit - Start Process').output.firstRow.ProcessExecutionKey",
                                        "type": "Expression"
                                    },
                                    "type": "Int32"
                                },
                                "SuccessfulProcessingIndicator": {
                                    "value": "N",
                                    "type": "String"
                                }
                            }
                        },
                        "linkedServiceName": {
                            "referenceName": "LS_SqlServer",
                            "type": "LinkedServiceReference"
                        }
                    }
                ],
                "policy": {
                    "elapsedTimeMetric": {}
                },
                "parameters": {
                    "StartDateTime": {
                        "type": "string"
                    },
                    "EndDateTime": {
                        "type": "string"
                    },
                    "ParentExecutionKey": {
                        "type": "string"
                    },
                    "ParentExtractionTimeKey": {
                        "type": "string"
                    }
                },
                "folder": {
                    "name": "Policy/Process Data Warehouse"
                },
                "annotations": [],
                "lastPublishTime": "2021-09-23T16:49:03Z"
            },
            "dependsOn": []
        },
        {
            "name": "[concat(parameters('factoryName'), '/Truncate Security DW Stage Tables')]",
            "type": "Microsoft.DataFactory/factories/pipelines",
            "apiVersion": "2018-06-01",
            "properties": {
                "activities": [
                    {
                        "name": "Truncate Security DW Stage Tables",
                        "type": "SqlServerStoredProcedure",
                        "dependsOn": [
                            {
                                "activity": "Audit - Start Process",
                                "dependencyConditions": [
                                    "Succeeded"
                                ]
                            }
                        ],
                        "policy": {
                            "timeout": "0.00:20:00",
                            "retry": 3,
                            "retryIntervalInSeconds": 30,
                            "secureOutput": false,
                            "secureInput": false
                        },
                        "userProperties": [],
                        "typeProperties": {
                            "storedProcedureName": "[[etl].[usp_truncateStageSecurity]"
                        },
                        "linkedServiceName": {
                            "referenceName": "LS_DataWarehouse",
                            "type": "LinkedServiceReference"
                        }
                    },
                    {
                        "name": "Audit - Start Process",
                        "type": "Lookup",
                        "dependsOn": [],
                        "policy": {
                            "timeout": "0.00:01:00",
                            "retry": 3,
                            "retryIntervalInSeconds": 30,
                            "secureOutput": false,
                            "secureInput": false
                        },
                        "userProperties": [],
                        "typeProperties": {
                            "source": {
                                "type": "SqlServerSource",
                                "sqlReaderQuery": {
                                    "value": "@concat(\n'\nDECLARE @ProcessExecutionKey int\n\nEXEC [etlaudit].[usp_InsertAuditProcessExecution]\n  @ProcessName = ''', pipeline().Pipeline ,'''\n, @ParentProcessExecutionKey = ''', pipeline().parameters.ParentExecutionKey, '''\n, @ExecutionStartDatetime = ''', pipeline().parameters.StartDateTime, '''\n, @ExecutionStopDatetime = ''', pipeline().parameters.EndDateTime, '''\n, @ExtractionTimeKey = ''', pipeline().parameters.ParentExtractionTimeKey, '''\n, @ProcessExecutionKey = @ProcessExecutionKey OUTPUT;\n\nSELECT @ProcessExecutionKey AS ProcessExecutionKey\n'\n)\n",
                                    "type": "Expression"
                                },
                                "queryTimeout": "02:00:00",
                                "partitionOption": "None"
                            },
                            "dataset": {
                                "referenceName": "Database_SQLServer",
                                "type": "DatasetReference",
                                "parameters": {}
                            },
                            "firstRowOnly": true
                        }
                    },
                    {
                        "name": "Audit - End Process - Success",
                        "type": "SqlServerStoredProcedure",
                        "dependsOn": [
                            {
                                "activity": "Truncate Security DW Stage Tables",
                                "dependencyConditions": [
                                    "Succeeded"
                                ]
                            }
                        ],
                        "policy": {
                            "timeout": "0.00:01:00",
                            "retry": 3,
                            "retryIntervalInSeconds": 30,
                            "secureOutput": false,
                            "secureInput": false
                        },
                        "userProperties": [],
                        "typeProperties": {
                            "storedProcedureName": "[[etlaudit].[usp_UpdateAuditProcessExecution]",
                            "storedProcedureParameters": {
                                "ProcessExecutionKey": {
                                    "value": {
                                        "value": "@activity('Audit - Start Process').output.firstRow.ProcessExecutionKey",
                                        "type": "Expression"
                                    },
                                    "type": "Int32"
                                },
                                "SuccessfulProcessingIndicator": {
                                    "value": "Y",
                                    "type": "String"
                                }
                            }
                        },
                        "linkedServiceName": {
                            "referenceName": "LS_SqlServer",
                            "type": "LinkedServiceReference"
                        }
                    },
                    {
                        "name": "Audit - End Process - Failure",
                        "type": "SqlServerStoredProcedure",
                        "dependsOn": [
                            {
                                "activity": "Truncate Security DW Stage Tables",
                                "dependencyConditions": [
                                    "Failed"
                                ]
                            }
                        ],
                        "policy": {
                            "timeout": "0.00:01:00",
                            "retry": 3,
                            "retryIntervalInSeconds": 30,
                            "secureOutput": false,
                            "secureInput": false
                        },
                        "userProperties": [],
                        "typeProperties": {
                            "storedProcedureName": "[[etlaudit].[usp_UpdateAuditProcessExecution]",
                            "storedProcedureParameters": {
                                "ProcessExecutionKey": {
                                    "value": {
                                        "value": "@activity('Audit - Start Process').output.firstRow.ProcessExecutionKey",
                                        "type": "Expression"
                                    },
                                    "type": "Int32"
                                },
                                "SuccessfulProcessingIndicator": {
                                    "value": "N",
                                    "type": "String"
                                }
                            }
                        },
                        "linkedServiceName": {
                            "referenceName": "LS_SqlServer",
                            "type": "LinkedServiceReference"
                        }
                    }
                ],
                "policy": {
                    "elapsedTimeMetric": {}
                },
                "parameters": {
                    "StartDateTime": {
                        "type": "string"
                    },
                    "EndDateTime": {
                        "type": "string"
                    },
                    "ParentExecutionKey": {
                        "type": "string"
                    },
                    "ParentExtractionTimeKey": {
                        "type": "string"
                    }
                },
                "folder": {
                    "name": "Security/Process Data Warehouse"
                },
                "annotations": [],
                "lastPublishTime": "2021-09-23T16:49:03Z"
            },
            "dependsOn": []
        },
        {
            "name": "[concat(parameters('factoryName'), '/Truncate ServiceNow DW Stage Tables')]",
            "type": "Microsoft.DataFactory/factories/pipelines",
            "apiVersion": "2018-06-01",
            "properties": {
                "activities": [
                    {
                        "name": "Truncate DW Stage Tables",
                        "type": "SqlServerStoredProcedure",
                        "dependsOn": [
                            {
                                "activity": "Audit - Start Process",
                                "dependencyConditions": [
                                    "Succeeded"
                                ]
                            }
                        ],
                        "policy": {
                            "timeout": "7.00:00:00",
                            "retry": 3,
                            "retryIntervalInSeconds": 30,
                            "secureOutput": false,
                            "secureInput": false
                        },
                        "userProperties": [],
                        "typeProperties": {
                            "storedProcedureName": "[[etl].[usp_truncateStageServiceNow]"
                        },
                        "linkedServiceName": {
                            "referenceName": "LS_DataWarehouse",
                            "type": "LinkedServiceReference"
                        }
                    },
                    {
                        "name": "Audit - Start Process",
                        "type": "Lookup",
                        "dependsOn": [],
                        "policy": {
                            "timeout": "0.00:01:00",
                            "retry": 3,
                            "retryIntervalInSeconds": 30,
                            "secureOutput": false,
                            "secureInput": false
                        },
                        "userProperties": [],
                        "typeProperties": {
                            "source": {
                                "type": "SqlServerSource",
                                "sqlReaderQuery": {
                                    "value": "@concat(\n'\nDECLARE @ProcessExecutionKey int\n\nEXEC [etlaudit].[usp_InsertAuditProcessExecution]\n  @ProcessName = ''', pipeline().Pipeline ,'''\n, @ParentProcessExecutionKey = ''', pipeline().parameters.ParentExecutionKey, '''\n, @ExecutionStartDatetime = ''', pipeline().parameters.StartDateTime, '''\n, @ExecutionStopDatetime = ''', pipeline().parameters.EndDateTime, '''\n, @ExtractionTimeKey = ''', pipeline().parameters.ParentExtractionTimeKey, '''\n, @ProcessExecutionKey = @ProcessExecutionKey OUTPUT;\n\nSELECT @ProcessExecutionKey AS ProcessExecutionKey\n'\n)\n",
                                    "type": "Expression"
                                },
                                "queryTimeout": "02:00:00",
                                "partitionOption": "None"
                            },
                            "dataset": {
                                "referenceName": "Database_SQLServer",
                                "type": "DatasetReference",
                                "parameters": {}
                            },
                            "firstRowOnly": true
                        }
                    },
                    {
                        "name": "Audit - End Process - Success",
                        "type": "SqlServerStoredProcedure",
                        "dependsOn": [
                            {
                                "activity": "Truncate DW Stage Tables",
                                "dependencyConditions": [
                                    "Succeeded"
                                ]
                            }
                        ],
                        "policy": {
                            "timeout": "0.00:01:00",
                            "retry": 3,
                            "retryIntervalInSeconds": 30,
                            "secureOutput": false,
                            "secureInput": false
                        },
                        "userProperties": [],
                        "typeProperties": {
                            "storedProcedureName": "[[etlaudit].[usp_UpdateAuditProcessExecution]",
                            "storedProcedureParameters": {
                                "ProcessExecutionKey": {
                                    "value": {
                                        "value": "@activity('Audit - Start Process').output.firstRow.ProcessExecutionKey",
                                        "type": "Expression"
                                    },
                                    "type": "Int32"
                                },
                                "SuccessfulProcessingIndicator": {
                                    "value": "Y",
                                    "type": "String"
                                }
                            }
                        },
                        "linkedServiceName": {
                            "referenceName": "LS_SqlServer",
                            "type": "LinkedServiceReference"
                        }
                    },
                    {
                        "name": "Audit - End Process - Failure",
                        "type": "SqlServerStoredProcedure",
                        "dependsOn": [
                            {
                                "activity": "Truncate DW Stage Tables",
                                "dependencyConditions": [
                                    "Failed"
                                ]
                            }
                        ],
                        "policy": {
                            "timeout": "0.00:01:00",
                            "retry": 3,
                            "retryIntervalInSeconds": 30,
                            "secureOutput": false,
                            "secureInput": false
                        },
                        "userProperties": [],
                        "typeProperties": {
                            "storedProcedureName": "[[etlaudit].[usp_UpdateAuditProcessExecution]",
                            "storedProcedureParameters": {
                                "ProcessExecutionKey": {
                                    "value": {
                                        "value": "@activity('Audit - Start Process').output.firstRow.ProcessExecutionKey",
                                        "type": "Expression"
                                    },
                                    "type": "Int32"
                                },
                                "SuccessfulProcessingIndicator": {
                                    "value": "N",
                                    "type": "String"
                                }
                            }
                        },
                        "linkedServiceName": {
                            "referenceName": "LS_SqlServer",
                            "type": "LinkedServiceReference"
                        }
                    }
                ],
                "policy": {
                    "elapsedTimeMetric": {}
                },
                "parameters": {
                    "StartDateTime": {
                        "type": "string"
                    },
                    "EndDateTime": {
                        "type": "string"
                    },
                    "ParentExecutionKey": {
                        "type": "string"
                    },
                    "ParentExtractionTimeKey": {
                        "type": "string"
                    }
                },
                "folder": {
                    "name": "ServiceNow/Process Data Warehouse"
                },
                "annotations": [],
                "lastPublishTime": "2021-09-27T18:50:58Z"
            },
            "dependsOn": []
        },
        {
            "name": "[concat(parameters('factoryName'), '/Truncate Signin DW Stage Tables')]",
            "type": "Microsoft.DataFactory/factories/pipelines",
            "apiVersion": "2018-06-01",
            "properties": {
                "activities": [
                    {
                        "name": "Truncate DW Stage Tables",
                        "type": "SqlServerStoredProcedure",
                        "dependsOn": [
                            {
                                "activity": "Audit - Start Process",
                                "dependencyConditions": [
                                    "Succeeded"
                                ]
                            }
                        ],
                        "policy": {
                            "timeout": "7.00:00:00",
                            "retry": 3,
                            "retryIntervalInSeconds": 30,
                            "secureOutput": false,
                            "secureInput": false
                        },
                        "userProperties": [],
                        "typeProperties": {
                            "storedProcedureName": "[[etl].[usp_truncateStageSignIn]"
                        },
                        "linkedServiceName": {
                            "referenceName": "LS_DataWarehouse",
                            "type": "LinkedServiceReference"
                        }
                    },
                    {
                        "name": "Audit - Start Process",
                        "type": "Lookup",
                        "dependsOn": [],
                        "policy": {
                            "timeout": "0.00:01:00",
                            "retry": 3,
                            "retryIntervalInSeconds": 30,
                            "secureOutput": false,
                            "secureInput": false
                        },
                        "userProperties": [],
                        "typeProperties": {
                            "source": {
                                "type": "SqlServerSource",
                                "sqlReaderQuery": {
                                    "value": "@concat(\n'\nDECLARE @ProcessExecutionKey int\n\nEXEC [etlaudit].[usp_InsertAuditProcessExecution]\n  @ProcessName = ''', pipeline().Pipeline ,'''\n, @ParentProcessExecutionKey = ''', pipeline().parameters.ParentExecutionKey, '''\n, @ExecutionStartDatetime = ''', pipeline().parameters.StartDateTime, '''\n, @ExecutionStopDatetime = ''', pipeline().parameters.EndDateTime, '''\n, @ExtractionTimeKey = ''', pipeline().parameters.ParentExtractionTimeKey, '''\n, @ProcessExecutionKey = @ProcessExecutionKey OUTPUT;\n\nSELECT @ProcessExecutionKey AS ProcessExecutionKey\n'\n)\n",
                                    "type": "Expression"
                                },
                                "queryTimeout": "02:00:00",
                                "partitionOption": "None"
                            },
                            "dataset": {
                                "referenceName": "Database_SQLServer",
                                "type": "DatasetReference",
                                "parameters": {}
                            },
                            "firstRowOnly": true
                        }
                    },
                    {
                        "name": "Audit - End Process - Success",
                        "type": "SqlServerStoredProcedure",
                        "dependsOn": [
                            {
                                "activity": "Truncate DW Stage Tables",
                                "dependencyConditions": [
                                    "Succeeded"
                                ]
                            }
                        ],
                        "policy": {
                            "timeout": "0.00:01:00",
                            "retry": 3,
                            "retryIntervalInSeconds": 30,
                            "secureOutput": false,
                            "secureInput": false
                        },
                        "userProperties": [],
                        "typeProperties": {
                            "storedProcedureName": "[[etlaudit].[usp_UpdateAuditProcessExecution]",
                            "storedProcedureParameters": {
                                "ProcessExecutionKey": {
                                    "value": {
                                        "value": "@activity('Audit - Start Process').output.firstRow.ProcessExecutionKey",
                                        "type": "Expression"
                                    },
                                    "type": "Int32"
                                },
                                "SuccessfulProcessingIndicator": {
                                    "value": "Y",
                                    "type": "String"
                                }
                            }
                        },
                        "linkedServiceName": {
                            "referenceName": "LS_SqlServer",
                            "type": "LinkedServiceReference"
                        }
                    },
                    {
                        "name": "Audit - End Process - Failure",
                        "type": "SqlServerStoredProcedure",
                        "dependsOn": [
                            {
                                "activity": "Truncate DW Stage Tables",
                                "dependencyConditions": [
                                    "Failed"
                                ]
                            }
                        ],
                        "policy": {
                            "timeout": "0.00:01:00",
                            "retry": 3,
                            "retryIntervalInSeconds": 30,
                            "secureOutput": false,
                            "secureInput": false
                        },
                        "userProperties": [],
                        "typeProperties": {
                            "storedProcedureName": "[[etlaudit].[usp_UpdateAuditProcessExecution]",
                            "storedProcedureParameters": {
                                "ProcessExecutionKey": {
                                    "value": {
                                        "value": "@activity('Audit - Start Process').output.firstRow.ProcessExecutionKey",
                                        "type": "Expression"
                                    },
                                    "type": "Int32"
                                },
                                "SuccessfulProcessingIndicator": {
                                    "value": "N",
                                    "type": "String"
                                }
                            }
                        },
                        "linkedServiceName": {
                            "referenceName": "LS_SqlServer",
                            "type": "LinkedServiceReference"
                        }
                    }
                ],
                "policy": {
                    "elapsedTimeMetric": {}
                },
                "parameters": {
                    "StartDateTime": {
                        "type": "string"
                    },
                    "EndDateTime": {
                        "type": "string"
                    },
                    "ParentExecutionKey": {
                        "type": "string"
                    },
                    "ParentExtractionTimeKey": {
                        "type": "string"
                    }
                },
                "folder": {
                    "name": "Signin/Process Data Warehouse"
                },
                "annotations": [],
                "lastPublishTime": "2021-09-23T16:49:03Z"
            },
            "dependsOn": []
        },
        {
            "name": "[concat(parameters('factoryName'), '/A365_LicensingDashboard')]",
            "type": "Microsoft.DataFactory/factories/triggers",
            "apiVersion": "2018-06-01",
            "properties": {
                "annotations": [
                    "A365 LicensingDashboard",
                    "Schedule",
                    "1 Month"
                ],
                "runtimeState": "Stopped",
                "pipelines": [
                    {
                        "pipelineReference": {
                            "referenceName": "Begin A365 LicensingDashboard",
                            "type": "PipelineReference"
                        },
                        "parameters": {}
                    }
                ],
                "type": "ScheduleTrigger",
                "typeProperties": {
                    "recurrence": {
                        "frequency": "Month",
                        "interval": 1,
                        "startTime": "2022-10-20T14:57:00Z",
                        "timeZone": "UTC",
                        "schedule": {
                            "minutes": [
                                0
                            ],
                            "hours": [
                                11
                            ],
                            "monthDays": [
                                1
                            ]
                        }
                    }
                }
            },
            "dependsOn": []
        },
        {
            "name": "[concat(parameters('factoryName'), '/Clean_Databricks_Temp_Dir_Trigger')]",
            "type": "Microsoft.DataFactory/factories/triggers",
            "apiVersion": "2018-06-01",
            "properties": {
                "annotations": [
                    "Maintenance",
                    "Schedule",
                    "1 Day"
                ],
                "runtimeState": "Stopped",
                "pipelines": [
                    {
                        "pipelineReference": {
                            "referenceName": "Begin Clean Databricks Temp Dir",
                            "type": "PipelineReference"
                        },
                        "parameters": {}
                    }
                ],
                "type": "ScheduleTrigger",
                "typeProperties": {
                    "recurrence": {
                        "frequency": "Day",
                        "interval": 1,
                        "startTime": "2022-01-18T20:18:00Z",
                        "timeZone": "UTC",
                        "schedule": {
                            "hours": [
                                10
                            ]
                        }
                    }
                }
            },
            "dependsOn": []
        },
        {
            "name": "[concat(parameters('factoryName'), '/Databricks_Update_Statistics_Trigger')]",
            "type": "Microsoft.DataFactory/factories/triggers",
            "apiVersion": "2018-06-01",
            "properties": {
                "annotations": [
                    "Maintenance",
                    "Schedule",
                    "1 Day"
                ],
                "runtimeState": "Stopped",
                "pipelines": [
                    {
                        "pipelineReference": {
                            "referenceName": "Begin Databricks Update Statistics",
                            "type": "PipelineReference"
                        },
                        "parameters": {}
                    }
                ],
                "type": "ScheduleTrigger",
                "typeProperties": {
                    "recurrence": {
                        "frequency": "Day",
                        "interval": 1,
                        "startTime": "2022-02-25T20:46:00Z",
                        "timeZone": "UTC",
                        "schedule": {
                            "minutes": [
                                0
                            ],
                            "hours": [
                                7
                            ]
                        }
                    }
                }
            },
            "dependsOn": []
        },
        {
            "name": "[concat(parameters('factoryName'), '/Purge_Databricks_Tables_Trigger')]",
            "type": "Microsoft.DataFactory/factories/triggers",
            "apiVersion": "2018-06-01",
            "properties": {
                "annotations": [
                    "Maintenance",
                    "Schedule",
                    "1 Day"
                ],
                "runtimeState": "Stopped",
                "pipelines": [
                    {
                        "pipelineReference": {
                            "referenceName": "Begin Purge of Databricks Tables",
                            "type": "PipelineReference"
                        },
                        "parameters": {
                            "DaysToRetain": "[parameters('Purge_Databricks_Tables_Trigger_properties_Begin Purge of Databricks Tables_parameters_DaysToRetain')]"
                        }
                    }
                ],
                "type": "ScheduleTrigger",
                "typeProperties": {
                    "recurrence": {
                        "frequency": "Day",
                        "interval": 1,
                        "startTime": "2022-04-12T21:30:00Z",
                        "timeZone": "UTC",
                        "schedule": {
                            "minutes": [
                                0
                            ],
                            "hours": [
                                5
                            ]
                        }
                    }
                }
            },
            "dependsOn": []
        },
        {
            "name": "[concat(parameters('factoryName'), '/QA_Workflow_Trigger')]",
            "type": "Microsoft.DataFactory/factories/triggers",
            "apiVersion": "2018-06-01",
            "properties": {
                "annotations": [
                    "QA",
                    "Schedule",
                    "1 Day"
                ],
                "runtimeState": "Stopped",
                "pipelines": [
                    {
                        "pipelineReference": {
                            "referenceName": "Begin QA Workflow",
                            "type": "PipelineReference"
                        },
                        "parameters": {}
                    }
                ],
                "type": "ScheduleTrigger",
                "typeProperties": {
                    "recurrence": {
                        "frequency": "Day",
                        "interval": 1,
                        "startTime": "2022-01-10T20:40:00Z",
                        "timeZone": "UTC",
                        "schedule": {
                            "minutes": [
                                0
                            ],
                            "hours": [
                                14
                            ]
                        }
                    }
                }
            },
            "dependsOn": []
        },
        {
            "name": "[concat(parameters('factoryName'), '/RCCC_PowerBI_Refresh')]",
            "type": "Microsoft.DataFactory/factories/triggers",
            "apiVersion": "2018-06-01",
            "properties": {
                "description": "Refresh RCC-C Data in PowerBI",
                "annotations": [
                    "RCCC",
                    "Schedule"
                ],
                "runtimeState": "Stopped",
                "pipelines": [
                    {
                        "pipelineReference": {
                            "referenceName": "Refresh Power BI",
                            "type": "PipelineReference"
                        },
                        "parameters": {
                            "DataflowNamePrefix": "[parameters('RCCC_PowerBI_Refresh_properties_Refresh Power BI_parameters_DataflowNamePrefix')]",
                            "DatasetNamePrefix": "[parameters('RCCC_PowerBI_Refresh_properties_Refresh Power BI_parameters_DatasetNamePrefix')]"
                        }
                    }
                ],
                "type": "ScheduleTrigger",
                "typeProperties": {
                    "recurrence": {
                        "frequency": "Day",
                        "interval": 1,
                        "startTime": "2022-12-14T10:00:00",
                        "timeZone": "Eastern Standard Time"
                    }
                }
            },
            "dependsOn": []
        },
        {
            "name": "[concat(parameters('factoryName'), '/Remove_Extraneous_Blob_Users_Trigger')]",
            "type": "Microsoft.DataFactory/factories/triggers",
            "apiVersion": "2018-06-01",
            "properties": {
                "annotations": [
                    "Maintenance",
                    "Schedule",
                    "1 Day"
                ],
                "runtimeState": "Stopped",
                "pipelines": [
                    {
                        "pipelineReference": {
                            "referenceName": "Begin Remove Extraneous Blobs - Users",
                            "type": "PipelineReference"
                        },
                        "parameters": {}
                    }
                ],
                "type": "ScheduleTrigger",
                "typeProperties": {
                    "recurrence": {
                        "frequency": "Day",
                        "interval": 1,
                        "startTime": "2022-02-25T20:43:00Z",
                        "timeZone": "UTC"
                    }
                }
            },
            "dependsOn": []
        },
        {
            "name": "[concat(parameters('factoryName'), '/Restart_Databricks_Environment_Trigger')]",
            "type": "Microsoft.DataFactory/factories/triggers",
            "apiVersion": "2018-06-01",
            "properties": {
                "annotations": [
                    "Maintenance",
                    "Schedule",
                    "1 Week"
                ],
                "runtimeState": "Stopped",
                "pipelines": [
                    {
                        "pipelineReference": {
                            "referenceName": "Begin Restart Databricks Environment",
                            "type": "PipelineReference"
                        },
                        "parameters": {
                            "RunThisPipelineYN": "[parameters('Restart_Databricks_Environment_Trigger_properties_Begin Restart Databricks Environment_parameters_RunThisPipelineYN')]"
                        }
                    }
                ],
                "type": "ScheduleTrigger",
                "typeProperties": {
                    "recurrence": {
                        "frequency": "Week",
                        "interval": 1,
                        "startTime": "2022-09-29T13:50:00Z",
                        "timeZone": "UTC",
                        "schedule": {
                            "minutes": [
                                4
                            ],
                            "hours": [
                                17
                            ],
                            "weekDays": [
                                "Saturday",
                                "Tuesday"
                            ]
                        }
                    }
                }
            },
            "dependsOn": []
        },
        {
            "name": "[concat(parameters('factoryName'), '/SQL_Update_Statistics_Trigger')]",
            "type": "Microsoft.DataFactory/factories/triggers",
            "apiVersion": "2018-06-01",
            "properties": {
                "annotations": [
                    "Maintenance",
                    "Schedule",
                    "1 Day"
                ],
                "runtimeState": "Stopped",
                "pipelines": [
                    {
                        "pipelineReference": {
                            "referenceName": "Begin SQL Update Statistics",
                            "type": "PipelineReference"
                        },
                        "parameters": {}
                    }
                ],
                "type": "ScheduleTrigger",
                "typeProperties": {
                    "recurrence": {
                        "frequency": "Day",
                        "interval": 1,
                        "startTime": "2021-11-10T19:44:00Z",
                        "timeZone": "UTC",
                        "schedule": {
                            "minutes": [
                                0
                            ],
                            "hours": [
                                5
                            ]
                        }
                    }
                }
            },
            "dependsOn": []
        },
        {
            "name": "[concat(parameters('factoryName'), '/Shutdown_Environment_Trigger')]",
            "type": "Microsoft.DataFactory/factories/triggers",
            "apiVersion": "2018-06-01",
            "properties": {
                "description": "This job is schedule to run every day @7PM EST and shuts down Synapse, Databricks clusters, and Databricks jobs.",
                "annotations": [
                    "Maintenance",
                    "Schedule",
                    "1 Day"
                ],
                "runtimeState": "Stopped",
                "pipelines": [
                    {
                        "pipelineReference": {
                            "referenceName": "Begin Shutdown All Environments",
                            "type": "PipelineReference"
                        },
                        "parameters": {
                            "RunThisPipelineYN": "[parameters('Shutdown_Environment_Trigger_properties_Begin Shutdown All Environments_parameters_RunThisPipelineYN')]"
                        }
                    }
                ],
                "type": "ScheduleTrigger",
                "typeProperties": {
                    "recurrence": {
                        "frequency": "Day",
                        "interval": 1,
                        "startTime": "2021-09-13T16:30:00Z",
                        "timeZone": "UTC",
                        "schedule": {
                            "minutes": [
                                0
                            ],
                            "hours": [
                                23
                            ]
                        }
                    }
                }
            },
            "dependsOn": []
        }
    ]
}