{
    "$schema": "http://schema.management.azure.com/schemas/2015-01-01/deploymentTemplate.json#",
    "contentVersion": "1.0.0.0",
    "parameters": {
        "factoryName": {
            "type": "string",
            "metadata": "Data Factory name",
            "defaultValue": "adfeitaasdatateam"
        },
        "Archive_ADLSG2_accountKey": {
            "type": "secureString",
            "metadata": "Secure string for 'accountKey' of 'Archive_ADLSG2'"
        },
        "GetExcelSheetName_functionKey": {
            "type": "secureString",
            "metadata": "Secure string for 'functionKey' of 'GetExcelSheetName'"
        },
        "LS_AzureArchiveBlobStorage_connectionString": {
            "type": "secureString",
            "metadata": "Secure string for 'connectionString' of 'LS_AzureArchiveBlobStorage'"
        },
        "LS_DataWarehouse_connectionString": {
            "type": "secureString",
            "metadata": "Secure string for 'connectionString' of 'LS_DataWarehouse'",
            "defaultValue": "Integrated Security=False;Encrypt=True;Connection Timeout=30;Data Source=synwseitaasdatateam.sql.azuresynapse.usgovcloudapi.net;Initial Catalog=synwsdbdatateam"
        },
        "LS_SqlServer_connectionString": {
            "type": "secureString",
            "metadata": "Secure string for 'connectionString' of 'LS_SqlServer'",
            "defaultValue": "Integrated Security=False;Encrypt=True;Connection Timeout=30;Data Source=sqlservereitaasdatateam.database.usgovcloudapi.net;Initial Catalog=ETLAudit"
        },
        "ADOC_SIR_SharePoint_Online_List_properties_typeProperties_servicePrincipalId": {
            "type": "string",
            "defaultValue": "f170da9d-224c-4127-87b4-c52b5446dabe"
        },
        "ADX_POC_properties_typeProperties_endpoint": {
            "type": "string",
            "defaultValue": "https://darpan-demo-adx.usgovvirginia.kusto.usgovcloudapi.net"
        },
        "ADX_POC_properties_typeProperties_tenant": {
            "type": "string",
            "defaultValue": "fae6d70f-954b-4811-92b6-0530d6f84c43"
        },
        "ADX_POC_properties_typeProperties_servicePrincipalId": {
            "type": "string",
            "defaultValue": "f170da9d-224c-4127-87b4-c52b5446dabe"
        },
        "ADX_POC_properties_typeProperties_database": {
            "type": "string",
            "defaultValue": "demo-adx-database"
        },
        "Archive_ADLSG2_properties_typeProperties_url": {
            "type": "string",
            "defaultValue": "https://saeitaasdatateamarch.dfs.core.usgovcloudapi.net/"
        },
        "GetExcelSheetName_properties_typeProperties_functionAppUrl": {
            "type": "string",
            "defaultValue": "https://getexcelsheetname.azurewebsites.us"
        },
        "LS_A365_AzureBlobStorage_properties_typeProperties_connectionString_secretName": {
            "type": "string",
            "defaultValue": "blob-storage-a365-connection-string"
        },
        "LS_AVDLogAnalytics_properties_typeProperties_url": {
            "type": "string",
            "defaultValue": "https://api.loganalytics.us/v1/workspaces/cd6ae788-85d5-4f98-9f6c-663af6875954/"
        },
        "LS_AppInsights_BishopBot_properties_typeProperties_url": {
            "type": "string",
            "defaultValue": "https://api.applicationinsights.us/v1/apps/a43095e0-1da8-4ca9-b6dc-789f39b1e659/"
        },
        "LS_AzureBlobStorage_properties_typeProperties_connectionString_secretName": {
            "type": "string",
            "defaultValue": "blob-storage-connection-string"
        },
        "LS_DataLake_properties_typeProperties_url": {
            "type": "string",
            "defaultValue": "https://dleitaasdatateam.dfs.core.usgovcloudapi.net"
        },
        "LS_DataWarehouse_properties_typeProperties_servicePrincipalId": {
            "type": "string",
            "defaultValue": "f170da9d-224c-4127-87b4-c52b5446dabe"
        },
        "LS_DataWarehouse_properties_typeProperties_tenant": {
            "type": "string",
            "defaultValue": "fae6d70f-954b-4811-92b6-0530d6f84c43"
        },
        "LS_Databricks_properties_typeProperties_domain": {
            "type": "string",
            "defaultValue": "https://adb-8103539900501678.2.databricks.azure.us"
        },
        "LS_Databricks_properties_typeProperties_workspaceResourceId": {
            "type": "string",
            "defaultValue": "/subscriptions/96ec76b3-d172-42ca-9360-ae675bbd5961/resourceGroups/cde-sandbox/providers/Microsoft.Databricks/workspaces/adbeitaasdatateam"
        },
        "LS_Databricks_properties_typeProperties_existingClusterId": {
            "type": "string",
            "defaultValue": "0511-202203-jnuoggyj"
        },
        "LS_Dev_AzureBlobStorage_properties_typeProperties_connectionString_secretName": {
            "type": "string",
            "defaultValue": "dev-blob-storage-connection-string"
        },
        "LS_DeviceAPI_properties_typeProperties_url": {
            "type": "string",
            "defaultValue": "@{linkedService().baseUrl}"
        },
        "LS_DoDGraphAPI_properties_typeProperties_url": {
            "type": "string",
            "defaultValue": "https://dod-graph.microsoft.us/"
        },
        "LS_DoDGraphAPI_Csv_properties_typeProperties_url": {
            "type": "string",
            "defaultValue": "https://dod-graph.microsoft.us/"
        },
        "LS_GraphAPI_properties_typeProperties_url": {
            "type": "string",
            "defaultValue": "https://graph.microsoft.us/"
        },
        "LS_KeyVault_properties_typeProperties_baseUrl": {
            "type": "string",
            "defaultValue": "https://kveitaasdatateam.vault.usgovcloudapi.net/"
        },
        "LS_LogAnalytics_properties_typeProperties_url": {
            "type": "string",
            "defaultValue": "https://api.loganalytics.us/v1/workspaces/0757d021-c2cf-48af-98ef-1d62609b6b65/"
        },
        "LS_ManagementAPI_properties_typeProperties_url": {
            "type": "string",
            "defaultValue": "https://management.usgovcloudapi.net/"
        },
        "LS_NetworkLogAnalytics_properties_typeProperties_url": {
            "type": "string",
            "defaultValue": "https://api.loganalytics.us/v1/workspaces/ebbb60cb-efa7-42da-b80c-f776d7a67f69/"
        },
        "LS_PowerBi_properties_typeProperties_url": {
            "type": "string",
            "defaultValue": "https://api.mil.powerbigov.us/v1.0/myorg/groups/"
        },
        "LS_SentinelLogAnalytics_properties_typeProperties_url": {
            "type": "string",
            "defaultValue": "https://api.loganalytics.us/v1/workspaces/0757d021-c2cf-48af-98ef-1d62609b6b65/"
        },
        "LS_SqlServer_properties_typeProperties_servicePrincipalId": {
            "type": "string",
            "defaultValue": "f170da9d-224c-4127-87b4-c52b5446dabe"
        },
        "LS_SqlServer_properties_typeProperties_tenant": {
            "type": "string",
            "defaultValue": "fae6d70f-954b-4811-92b6-0530d6f84c43"
        },
        "LS_azuresentinelgov_properties_typeProperties_url": {
            "type": "string",
            "defaultValue": "https://api.loganalytics.us/v1/workspaces/0a14f0f9-0bde-4f48-ad41-8b44cd5fee9d"
        },
        "A365_ActiveUser_Trigger_properties_Begin A365 ActiveUserLicense Workflow_parameters_FileName": {
            "type": "string",
            "defaultValue": "@triggerBody().fileName"
        },
        "A365_ActiveUser_Trigger_properties_Begin A365 ActiveUserLicense Workflow_parameters_FolderPath": {
            "type": "string",
            "defaultValue": "@triggerBody().folderPath"
        },
        "A365_ActiveUser_Trigger_properties_typeProperties_scope": {
            "type": "string",
            "defaultValue": "/subscriptions/96ec76b3-d172-42ca-9360-ae675bbd5961/resourceGroups/cde-sandbox/providers/Microsoft.Storage/storageAccounts/svaeitaasdatateama365"
        },
        "A365_OfficeActivations_Trigger_properties_Begin A365 OfficeActivation Workflow_parameters_FileName": {
            "type": "string",
            "defaultValue": "@triggerBody().fileName"
        },
        "A365_OfficeActivations_Trigger_properties_Begin A365 OfficeActivation Workflow_parameters_FolderPath": {
            "type": "string",
            "defaultValue": "@triggerBody().folderPath"
        },
        "A365_OfficeActivations_Trigger_properties_typeProperties_scope": {
            "type": "string",
            "defaultValue": "/subscriptions/96ec76b3-d172-42ca-9360-ae675bbd5961/resourceGroups/cde-sandbox/providers/Microsoft.Storage/storageAccounts/svaeitaasdatateama365"
        },
        "ADOC_RFC_Active_Trigger_properties_Begin ADOC RFC Active Workflow_parameters_FileName": {
            "type": "string",
            "defaultValue": "@triggerBody().fileName"
        },
        "ADOC_RFC_Active_Trigger_properties_Begin ADOC RFC Active Workflow_parameters_FolderPath": {
            "type": "string",
            "defaultValue": "@triggerBody().folderPath"
        },
        "ADOC_RFC_Active_Trigger_properties_typeProperties_scope": {
            "type": "string",
            "defaultValue": "/subscriptions/96ec76b3-d172-42ca-9360-ae675bbd5961/resourceGroups/cde-sandbox/providers/Microsoft.Storage/storageAccounts/saeitaasdatateam"
        },
        "ADOC_RFC_Archive_Trigger_properties_Begin ADOC RFC Archive Workflow_parameters_FileName": {
            "type": "string",
            "defaultValue": "@triggerBody().fileName"
        },
        "ADOC_RFC_Archive_Trigger_properties_Begin ADOC RFC Archive Workflow_parameters_FolderPath": {
            "type": "string",
            "defaultValue": "@triggerBody().folderPath"
        },
        "ADOC_RFC_Archive_Trigger_properties_typeProperties_scope": {
            "type": "string",
            "defaultValue": "/subscriptions/96ec76b3-d172-42ca-9360-ae675bbd5961/resourceGroups/cde-sandbox/providers/Microsoft.Storage/storageAccounts/saeitaasdatateam"
        },
        "ADOC_SIR_Trigger_properties_Begin ADOC SIR Workflow_parameters_FileName": {
            "type": "string",
            "defaultValue": "@triggerBody().fileName"
        },
        "ADOC_SIR_Trigger_properties_Begin ADOC SIR Workflow_parameters_FolderPath": {
            "type": "string",
            "defaultValue": "@triggerBody().folderPath"
        },
        "ADOC_SIR_Trigger_properties_typeProperties_scope": {
            "type": "string",
            "defaultValue": "/subscriptions/96ec76b3-d172-42ca-9360-ae675bbd5961/resourceGroups/cde-sandbox/providers/Microsoft.Storage/storageAccounts/saeitaasdatateam"
        },
        "MDE_Workflow_Trigger_Daily_except_Saturday_properties_Begin MDE Workflow_parameters_fullLoadFlag": {
            "type": "string",
            "defaultValue": "0"
        },
        "MDE_Workflow_Trigger_Weekly_properties_Begin MDE Workflow_parameters_fullLoadFlag": {
            "type": "string",
            "defaultValue": "1"
        },
        "OrgHierarchy_Event_Trigger_properties_Begin OrgHierarchy Workflow_parameters_folderPath": {
            "type": "string",
            "defaultValue": "@triggerBody().folderPath"
        },
        "OrgHierarchy_Event_Trigger_properties_Begin OrgHierarchy Workflow_parameters_fileName": {
            "type": "string",
            "defaultValue": "@triggerBody().fileName"
        },
        "OrgHierarchy_Event_Trigger_properties_typeProperties_scope": {
            "type": "string",
            "defaultValue": "/subscriptions/96ec76b3-d172-42ca-9360-ae675bbd5961/resourceGroups/cde-sandbox/providers/Microsoft.Storage/storageAccounts/saeitaasdatateam"
        },
        "Purge_Databricks_Tables_Trigger_properties_Begin Purge of Databricks Tables_parameters_DaysToRetain": {
            "type": "string",
            "defaultValue": "2"
        },
        "RCCC_Incident_Trigger_properties_Begin RCC-C Incident Workflow_parameters_FileName": {
            "type": "string",
            "defaultValue": "@triggerBody().fileName"
        },
        "RCCC_Incident_Trigger_properties_Begin RCC-C Incident Workflow_parameters_FolderPath": {
            "type": "string",
            "defaultValue": "@triggerBody().folderPath"
        },
        "RCCC_Incident_Trigger_properties_typeProperties_scope": {
            "type": "string",
            "defaultValue": "/subscriptions/96ec76b3-d172-42ca-9360-ae675bbd5961/resourceGroups/cde-sandbox/providers/Microsoft.Storage/storageAccounts/saeitaasdatateam"
        },
        "RCCC_PowerBI_Refresh_properties_Refresh Power BI_parameters_DataflowNamePrefix": {
            "type": "string",
            "defaultValue": "RCC-C Reporting"
        },
        "RCCC_PowerBI_Refresh_properties_Refresh Power BI_parameters_DatasetNamePrefix": {
            "type": "string",
            "defaultValue": "RCC-C Executive Dashboard"
        },
        "RCCC_Request_Trigger_properties_Begin RCC-C Request Workflow_parameters_FileName": {
            "type": "string",
            "defaultValue": "@triggerBody().fileName"
        },
        "RCCC_Request_Trigger_properties_Begin RCC-C Request Workflow_parameters_FilePath": {
            "type": "string",
            "defaultValue": "@triggerBody().folderPath"
        },
        "RCCC_Request_Trigger_properties_typeProperties_scope": {
            "type": "string",
            "defaultValue": "/subscriptions/96ec76b3-d172-42ca-9360-ae675bbd5961/resourceGroups/cde-sandbox/providers/Microsoft.Storage/storageAccounts/saeitaasdatateam"
        },
        "Restart_Databricks_Environment_Trigger_properties_Begin Restart Databricks Environment_parameters_RunThisPipelineYN": {
            "type": "string",
            "defaultValue": "Yes"
        },
        "STIG_ACAS_Nessus_Trigger_properties_Begin ACAS Nessus Scans Workflow_parameters_FileName": {
            "type": "string",
            "defaultValue": "@triggerBody().fileName"
        },
        "STIG_ACAS_Nessus_Trigger_properties_Begin ACAS Nessus Scans Workflow_parameters_FolderPath": {
            "type": "string",
            "defaultValue": "@triggerBody().folderPath"
        },
        "STIG_ACAS_Nessus_Trigger_properties_typeProperties_scope": {
            "type": "string",
            "defaultValue": "/subscriptions/96ec76b3-d172-42ca-9360-ae675bbd5961/resourceGroups/cde-sandbox/providers/Microsoft.Storage/storageAccounts/saeitaasdatateam"
        },
        "STIG_ACAS_Tenable_Trigger_properties_Begin ACAS Tenable Scans Workflow_parameters_FileName": {
            "type": "string",
            "defaultValue": "@triggerBody().fileName"
        },
        "STIG_ACAS_Tenable_Trigger_properties_Begin ACAS Tenable Scans Workflow_parameters_FolderPath": {
            "type": "string",
            "defaultValue": "@triggerBody().folderPath"
        },
        "STIG_ACAS_Tenable_Trigger_properties_typeProperties_scope": {
            "type": "string",
            "defaultValue": "/subscriptions/96ec76b3-d172-42ca-9360-ae675bbd5961/resourceGroups/cde-sandbox/providers/Microsoft.Storage/storageAccounts/saeitaasdatateam"
        },
        "STIG_Workflow_Trigger_properties_Begin STIG Workflow_parameters_FolderPath": {
            "type": "string",
            "defaultValue": "@triggerBody().folderPath"
        },
        "STIG_Workflow_Trigger_properties_Begin STIG Workflow_parameters_FileName": {
            "type": "string",
            "defaultValue": "@triggerBody().fileName"
        },
        "STIG_Workflow_Trigger_properties_typeProperties_scope": {
            "type": "string",
            "defaultValue": "/subscriptions/96ec76b3-d172-42ca-9360-ae675bbd5961/resourceGroups/cde-sandbox/providers/Microsoft.Storage/storageAccounts/saeitaasdatateam"
        },
        "Shutdown_Environment_Trigger_properties_Begin Shutdown All Environments_parameters_RunThisPipelineYN": {
            "type": "string",
            "defaultValue": "No"
        },
        "Start_Environment_Trigger_AutoSbx_properties_Begin Start All Environments_parameters_RunThisPipelineYN": {
            "type": "string",
            "defaultValue": "No"
        },
        "Start_Environment_Trigger_Dev_properties_Begin Start All Environments_parameters_RunThisPipelineYN": {
            "type": "string",
            "defaultValue": "No"
        },
        "Survey_Workflow_Trigger_properties_Begin Survey Workflow_parameters_fileName": {
            "type": "string",
            "defaultValue": "@triggerBody().fileName"
        },
        "Survey_Workflow_Trigger_properties_Begin Survey Workflow_parameters_folderPath": {
            "type": "string",
            "defaultValue": "@triggerBody().folderPath"
        },
        "Survey_Workflow_Trigger_properties_typeProperties_scope": {
            "type": "string",
            "defaultValue": "/subscriptions/96ec76b3-d172-42ca-9360-ae675bbd5961/resourceGroups/cde-sandbox/providers/Microsoft.Storage/storageAccounts/saeitaasdatateam"
        },
        "dataFactory_properties_globalParameters_Keyvault_Name_value": {
            "type": "string",
            "defaultValue": "kveitaasdatateam"
        },
        "dataFactory_location": {
            "type": "string",
            "defaultValue": "usgovvirginia"
        },
        "dataFactory_identity_type": {
            "type": "string",
            "defaultValue": "SystemAssigned"
        },
        "containerUri": {
            "type": "string",
            "metadata": "URI to storage account containing linked ARM templates"
        },
        "containerSasToken": {
            "type": "string",
            "metadata": "Sas token to storage account containing linked ARM templates"
        }
    },
    "variables": {
        "factoryId": "[concat('Microsoft.DataFactory/factories/', parameters('factoryName'))]"
    },
    "resources": [
        {
            "name": "adfeitaasdatateam_ArmTemplate_0",
            "type": "Microsoft.Resources/deployments",
            "apiVersion": "2018-02-01",
            "properties": {
                "mode": "incremental",
                "templateLink": {
                    "uri": "[concat(parameters('containerUri'), '/ArmTemplate_0.json', parameters('containerSasToken'))]",
                    "contentVersion": "1.0.0.0"
                },
                "parameters": {
                    "factoryName": {
                        "value": "[parameters('factoryName')]"
                    },
                    "dataFactory_properties_globalParameters_Keyvault_Name_value": {
                        "value": "[parameters('dataFactory_properties_globalParameters_Keyvault_Name_value')]"
                    },
                    "dataFactory_location": {
                        "value": "[parameters('dataFactory_location')]"
                    },
                    "dataFactory_identity_type": {
                        "value": "[parameters('dataFactory_identity_type')]"
                    },
                    "LS_KeyVault_properties_typeProperties_baseUrl": {
                        "value": "[parameters('LS_KeyVault_properties_typeProperties_baseUrl')]"
                    },
                    "LS_ManagementAPI_properties_typeProperties_url": {
                        "value": "[parameters('LS_ManagementAPI_properties_typeProperties_url')]"
                    }
                }
            },
            "dependsOn": []
        },
        {
            "name": "adfeitaasdatateam_ArmTemplate_1",
            "type": "Microsoft.Resources/deployments",
            "apiVersion": "2018-02-01",
            "properties": {
                "mode": "incremental",
                "templateLink": {
                    "uri": "[concat(parameters('containerUri'), '/ArmTemplate_1.json', parameters('containerSasToken'))]",
                    "contentVersion": "1.0.0.0"
                },
                "parameters": {
                    "factoryName": {
                        "value": "[parameters('factoryName')]"
                    },
                    "Archive_ADLSG2_accountKey": {
                        "value": "[parameters('Archive_ADLSG2_accountKey')]"
                    },
                    "GetExcelSheetName_functionKey": {
                        "value": "[parameters('GetExcelSheetName_functionKey')]"
                    },
                    "LS_AzureArchiveBlobStorage_connectionString": {
                        "value": "[parameters('LS_AzureArchiveBlobStorage_connectionString')]"
                    },
                    "LS_DataWarehouse_connectionString": {
                        "value": "[parameters('LS_DataWarehouse_connectionString')]"
                    },
                    "ADOC_SIR_SharePoint_Online_List_properties_typeProperties_servicePrincipalId": {
                        "value": "[parameters('ADOC_SIR_SharePoint_Online_List_properties_typeProperties_servicePrincipalId')]"
                    },
                    "ADX_POC_properties_typeProperties_endpoint": {
                        "value": "[parameters('ADX_POC_properties_typeProperties_endpoint')]"
                    },
                    "ADX_POC_properties_typeProperties_tenant": {
                        "value": "[parameters('ADX_POC_properties_typeProperties_tenant')]"
                    },
                    "ADX_POC_properties_typeProperties_servicePrincipalId": {
                        "value": "[parameters('ADX_POC_properties_typeProperties_servicePrincipalId')]"
                    },
                    "ADX_POC_properties_typeProperties_database": {
                        "value": "[parameters('ADX_POC_properties_typeProperties_database')]"
                    },
                    "Archive_ADLSG2_properties_typeProperties_url": {
                        "value": "[parameters('Archive_ADLSG2_properties_typeProperties_url')]"
                    },
                    "GetExcelSheetName_properties_typeProperties_functionAppUrl": {
                        "value": "[parameters('GetExcelSheetName_properties_typeProperties_functionAppUrl')]"
                    },
                    "LS_A365_AzureBlobStorage_properties_typeProperties_connectionString_secretName": {
                        "value": "[parameters('LS_A365_AzureBlobStorage_properties_typeProperties_connectionString_secretName')]"
                    },
                    "LS_AVDLogAnalytics_properties_typeProperties_url": {
                        "value": "[parameters('LS_AVDLogAnalytics_properties_typeProperties_url')]"
                    },
                    "LS_AppInsights_BishopBot_properties_typeProperties_url": {
                        "value": "[parameters('LS_AppInsights_BishopBot_properties_typeProperties_url')]"
                    },
                    "LS_AzureBlobStorage_properties_typeProperties_connectionString_secretName": {
                        "value": "[parameters('LS_AzureBlobStorage_properties_typeProperties_connectionString_secretName')]"
                    },
                    "LS_DataLake_properties_typeProperties_url": {
                        "value": "[parameters('LS_DataLake_properties_typeProperties_url')]"
                    },
                    "LS_DataWarehouse_properties_typeProperties_servicePrincipalId": {
                        "value": "[parameters('LS_DataWarehouse_properties_typeProperties_servicePrincipalId')]"
                    },
                    "LS_DataWarehouse_properties_typeProperties_tenant": {
                        "value": "[parameters('LS_DataWarehouse_properties_typeProperties_tenant')]"
                    },
                    "LS_Databricks_properties_typeProperties_domain": {
                        "value": "[parameters('LS_Databricks_properties_typeProperties_domain')]"
                    },
                    "LS_Databricks_properties_typeProperties_workspaceResourceId": {
                        "value": "[parameters('LS_Databricks_properties_typeProperties_workspaceResourceId')]"
                    },
                    "LS_Databricks_properties_typeProperties_existingClusterId": {
                        "value": "[parameters('LS_Databricks_properties_typeProperties_existingClusterId')]"
                    },
                    "LS_Dev_AzureBlobStorage_properties_typeProperties_connectionString_secretName": {
                        "value": "[parameters('LS_Dev_AzureBlobStorage_properties_typeProperties_connectionString_secretName')]"
                    },
                    "LS_DeviceAPI_properties_typeProperties_url": {
                        "value": "[parameters('LS_DeviceAPI_properties_typeProperties_url')]"
                    },
                    "LS_DoDGraphAPI_properties_typeProperties_url": {
                        "value": "[parameters('LS_DoDGraphAPI_properties_typeProperties_url')]"
                    },
                    "LS_DoDGraphAPI_Csv_properties_typeProperties_url": {
                        "value": "[parameters('LS_DoDGraphAPI_Csv_properties_typeProperties_url')]"
                    },
                    "LS_GraphAPI_properties_typeProperties_url": {
                        "value": "[parameters('LS_GraphAPI_properties_typeProperties_url')]"
                    },
                    "LS_LogAnalytics_properties_typeProperties_url": {
                        "value": "[parameters('LS_LogAnalytics_properties_typeProperties_url')]"
                    },
                    "LS_NetworkLogAnalytics_properties_typeProperties_url": {
                        "value": "[parameters('LS_NetworkLogAnalytics_properties_typeProperties_url')]"
                    },
                    "LS_PowerBi_properties_typeProperties_url": {
                        "value": "[parameters('LS_PowerBi_properties_typeProperties_url')]"
                    }
                }
            },
            "dependsOn": [
                "[resourceId('Microsoft.Resources/deployments', 'adfeitaasdatateam_ArmTemplate_0')]"
            ]
        },
        {
            "name": "adfeitaasdatateam_ArmTemplate_2",
            "type": "Microsoft.Resources/deployments",
            "apiVersion": "2018-02-01",
            "properties": {
                "mode": "incremental",
                "templateLink": {
                    "uri": "[concat(parameters('containerUri'), '/ArmTemplate_2.json', parameters('containerSasToken'))]",
                    "contentVersion": "1.0.0.0"
                },
                "parameters": {
                    "factoryName": {
                        "value": "[parameters('factoryName')]"
                    },
                    "LS_SqlServer_connectionString": {
                        "value": "[parameters('LS_SqlServer_connectionString')]"
                    },
                    "LS_SentinelLogAnalytics_properties_typeProperties_url": {
                        "value": "[parameters('LS_SentinelLogAnalytics_properties_typeProperties_url')]"
                    },
                    "LS_SqlServer_properties_typeProperties_servicePrincipalId": {
                        "value": "[parameters('LS_SqlServer_properties_typeProperties_servicePrincipalId')]"
                    },
                    "LS_SqlServer_properties_typeProperties_tenant": {
                        "value": "[parameters('LS_SqlServer_properties_typeProperties_tenant')]"
                    },
                    "LS_azuresentinelgov_properties_typeProperties_url": {
                        "value": "[parameters('LS_azuresentinelgov_properties_typeProperties_url')]"
                    }
                }
            },
            "dependsOn": [
                "[resourceId('Microsoft.Resources/deployments', 'adfeitaasdatateam_ArmTemplate_1')]"
            ]
        },
        {
            "name": "adfeitaasdatateam_ArmTemplate_3",
            "type": "Microsoft.Resources/deployments",
            "apiVersion": "2018-02-01",
            "properties": {
                "mode": "incremental",
                "templateLink": {
                    "uri": "[concat(parameters('containerUri'), '/ArmTemplate_3.json', parameters('containerSasToken'))]",
                    "contentVersion": "1.0.0.0"
                },
                "parameters": {
                    "factoryName": {
                        "value": "[parameters('factoryName')]"
                    }
                }
            },
            "dependsOn": [
                "[resourceId('Microsoft.Resources/deployments', 'adfeitaasdatateam_ArmTemplate_2')]"
            ]
        },
        {
            "name": "adfeitaasdatateam_ArmTemplate_4",
            "type": "Microsoft.Resources/deployments",
            "apiVersion": "2018-02-01",
            "properties": {
                "mode": "incremental",
                "templateLink": {
                    "uri": "[concat(parameters('containerUri'), '/ArmTemplate_4.json', parameters('containerSasToken'))]",
                    "contentVersion": "1.0.0.0"
                },
                "parameters": {
                    "factoryName": {
                        "value": "[parameters('factoryName')]"
                    }
                }
            },
            "dependsOn": [
                "[resourceId('Microsoft.Resources/deployments', 'adfeitaasdatateam_ArmTemplate_3')]"
            ]
        },
        {
            "name": "adfeitaasdatateam_ArmTemplate_5",
            "type": "Microsoft.Resources/deployments",
            "apiVersion": "2018-02-01",
            "properties": {
                "mode": "incremental",
                "templateLink": {
                    "uri": "[concat(parameters('containerUri'), '/ArmTemplate_5.json', parameters('containerSasToken'))]",
                    "contentVersion": "1.0.0.0"
                },
                "parameters": {
                    "factoryName": {
                        "value": "[parameters('factoryName')]"
                    }
                }
            },
            "dependsOn": [
                "[resourceId('Microsoft.Resources/deployments', 'adfeitaasdatateam_ArmTemplate_4')]"
            ]
        },
        {
            "name": "adfeitaasdatateam_ArmTemplate_6",
            "type": "Microsoft.Resources/deployments",
            "apiVersion": "2018-02-01",
            "properties": {
                "mode": "incremental",
                "templateLink": {
                    "uri": "[concat(parameters('containerUri'), '/ArmTemplate_6.json', parameters('containerSasToken'))]",
                    "contentVersion": "1.0.0.0"
                },
                "parameters": {
                    "factoryName": {
                        "value": "[parameters('factoryName')]"
                    }
                }
            },
            "dependsOn": [
                "[resourceId('Microsoft.Resources/deployments', 'adfeitaasdatateam_ArmTemplate_5')]"
            ]
        },
        {
            "name": "adfeitaasdatateam_ArmTemplate_7",
            "type": "Microsoft.Resources/deployments",
            "apiVersion": "2018-02-01",
            "properties": {
                "mode": "incremental",
                "templateLink": {
                    "uri": "[concat(parameters('containerUri'), '/ArmTemplate_7.json', parameters('containerSasToken'))]",
                    "contentVersion": "1.0.0.0"
                },
                "parameters": {
                    "factoryName": {
                        "value": "[parameters('factoryName')]"
                    }
                }
            },
            "dependsOn": [
                "[resourceId('Microsoft.Resources/deployments', 'adfeitaasdatateam_ArmTemplate_6')]"
            ]
        },
        {
            "name": "adfeitaasdatateam_ArmTemplate_8",
            "type": "Microsoft.Resources/deployments",
            "apiVersion": "2018-02-01",
            "properties": {
                "mode": "incremental",
                "templateLink": {
                    "uri": "[concat(parameters('containerUri'), '/ArmTemplate_8.json', parameters('containerSasToken'))]",
                    "contentVersion": "1.0.0.0"
                },
                "parameters": {
                    "factoryName": {
                        "value": "[parameters('factoryName')]"
                    }
                }
            },
            "dependsOn": [
                "[resourceId('Microsoft.Resources/deployments', 'adfeitaasdatateam_ArmTemplate_7')]"
            ]
        },
        {
            "name": "adfeitaasdatateam_ArmTemplate_9",
            "type": "Microsoft.Resources/deployments",
            "apiVersion": "2018-02-01",
            "properties": {
                "mode": "incremental",
                "templateLink": {
                    "uri": "[concat(parameters('containerUri'), '/ArmTemplate_9.json', parameters('containerSasToken'))]",
                    "contentVersion": "1.0.0.0"
                },
                "parameters": {
                    "factoryName": {
                        "value": "[parameters('factoryName')]"
                    }
                }
            },
            "dependsOn": [
                "[resourceId('Microsoft.Resources/deployments', 'adfeitaasdatateam_ArmTemplate_8')]"
            ]
        },
        {
            "name": "adfeitaasdatateam_ArmTemplate_10",
            "type": "Microsoft.Resources/deployments",
            "apiVersion": "2018-02-01",
            "properties": {
                "mode": "incremental",
                "templateLink": {
                    "uri": "[concat(parameters('containerUri'), '/ArmTemplate_10.json', parameters('containerSasToken'))]",
                    "contentVersion": "1.0.0.0"
                },
                "parameters": {
                    "factoryName": {
                        "value": "[parameters('factoryName')]"
                    }
                }
            },
            "dependsOn": [
                "[resourceId('Microsoft.Resources/deployments', 'adfeitaasdatateam_ArmTemplate_9')]"
            ]
        },
        {
            "name": "adfeitaasdatateam_ArmTemplate_11",
            "type": "Microsoft.Resources/deployments",
            "apiVersion": "2018-02-01",
            "properties": {
                "mode": "incremental",
                "templateLink": {
                    "uri": "[concat(parameters('containerUri'), '/ArmTemplate_11.json', parameters('containerSasToken'))]",
                    "contentVersion": "1.0.0.0"
                },
                "parameters": {
                    "factoryName": {
                        "value": "[parameters('factoryName')]"
                    }
                }
            },
            "dependsOn": [
                "[resourceId('Microsoft.Resources/deployments', 'adfeitaasdatateam_ArmTemplate_10')]"
            ]
        },
        {
            "name": "adfeitaasdatateam_ArmTemplate_12",
            "type": "Microsoft.Resources/deployments",
            "apiVersion": "2018-02-01",
            "properties": {
                "mode": "incremental",
                "templateLink": {
                    "uri": "[concat(parameters('containerUri'), '/ArmTemplate_12.json', parameters('containerSasToken'))]",
                    "contentVersion": "1.0.0.0"
                },
                "parameters": {
                    "factoryName": {
                        "value": "[parameters('factoryName')]"
                    }
                }
            },
            "dependsOn": [
                "[resourceId('Microsoft.Resources/deployments', 'adfeitaasdatateam_ArmTemplate_11')]"
            ]
        },
        {
            "name": "adfeitaasdatateam_ArmTemplate_13",
            "type": "Microsoft.Resources/deployments",
            "apiVersion": "2018-02-01",
            "properties": {
                "mode": "incremental",
                "templateLink": {
                    "uri": "[concat(parameters('containerUri'), '/ArmTemplate_13.json', parameters('containerSasToken'))]",
                    "contentVersion": "1.0.0.0"
                },
                "parameters": {
                    "factoryName": {
                        "value": "[parameters('factoryName')]"
                    }
                }
            },
            "dependsOn": [
                "[resourceId('Microsoft.Resources/deployments', 'adfeitaasdatateam_ArmTemplate_12')]"
            ]
        },
        {
            "name": "adfeitaasdatateam_ArmTemplate_14",
            "type": "Microsoft.Resources/deployments",
            "apiVersion": "2018-02-01",
            "properties": {
                "mode": "incremental",
                "templateLink": {
                    "uri": "[concat(parameters('containerUri'), '/ArmTemplate_14.json', parameters('containerSasToken'))]",
                    "contentVersion": "1.0.0.0"
                },
                "parameters": {
                    "factoryName": {
                        "value": "[parameters('factoryName')]"
                    }
                }
            },
            "dependsOn": [
                "[resourceId('Microsoft.Resources/deployments', 'adfeitaasdatateam_ArmTemplate_13')]"
            ]
        },
        {
            "name": "adfeitaasdatateam_ArmTemplate_15",
            "type": "Microsoft.Resources/deployments",
            "apiVersion": "2018-02-01",
            "properties": {
                "mode": "incremental",
                "templateLink": {
                    "uri": "[concat(parameters('containerUri'), '/ArmTemplate_15.json', parameters('containerSasToken'))]",
                    "contentVersion": "1.0.0.0"
                },
                "parameters": {
                    "factoryName": {
                        "value": "[parameters('factoryName')]"
                    }
                }
            },
            "dependsOn": [
                "[resourceId('Microsoft.Resources/deployments', 'adfeitaasdatateam_ArmTemplate_14')]"
            ]
        },
        {
            "name": "adfeitaasdatateam_ArmTemplate_16",
            "type": "Microsoft.Resources/deployments",
            "apiVersion": "2018-02-01",
            "properties": {
                "mode": "incremental",
                "templateLink": {
                    "uri": "[concat(parameters('containerUri'), '/ArmTemplate_16.json', parameters('containerSasToken'))]",
                    "contentVersion": "1.0.0.0"
                },
                "parameters": {
                    "factoryName": {
                        "value": "[parameters('factoryName')]"
                    }
                }
            },
            "dependsOn": [
                "[resourceId('Microsoft.Resources/deployments', 'adfeitaasdatateam_ArmTemplate_15')]"
            ]
        },
        {
            "name": "adfeitaasdatateam_ArmTemplate_17",
            "type": "Microsoft.Resources/deployments",
            "apiVersion": "2018-02-01",
            "properties": {
                "mode": "incremental",
                "templateLink": {
                    "uri": "[concat(parameters('containerUri'), '/ArmTemplate_17.json', parameters('containerSasToken'))]",
                    "contentVersion": "1.0.0.0"
                },
                "parameters": {
                    "factoryName": {
                        "value": "[parameters('factoryName')]"
                    }
                }
            },
            "dependsOn": [
                "[resourceId('Microsoft.Resources/deployments', 'adfeitaasdatateam_ArmTemplate_16')]"
            ]
        },
        {
            "name": "adfeitaasdatateam_ArmTemplate_18",
            "type": "Microsoft.Resources/deployments",
            "apiVersion": "2018-02-01",
            "properties": {
                "mode": "incremental",
                "templateLink": {
                    "uri": "[concat(parameters('containerUri'), '/ArmTemplate_18.json', parameters('containerSasToken'))]",
                    "contentVersion": "1.0.0.0"
                },
                "parameters": {
                    "factoryName": {
                        "value": "[parameters('factoryName')]"
                    }
                }
            },
            "dependsOn": [
                "[resourceId('Microsoft.Resources/deployments', 'adfeitaasdatateam_ArmTemplate_17')]"
            ]
        },
        {
            "name": "adfeitaasdatateam_ArmTemplate_19",
            "type": "Microsoft.Resources/deployments",
            "apiVersion": "2018-02-01",
            "properties": {
                "mode": "incremental",
                "templateLink": {
                    "uri": "[concat(parameters('containerUri'), '/ArmTemplate_19.json', parameters('containerSasToken'))]",
                    "contentVersion": "1.0.0.0"
                },
                "parameters": {
                    "factoryName": {
                        "value": "[parameters('factoryName')]"
                    }
                }
            },
            "dependsOn": [
                "[resourceId('Microsoft.Resources/deployments', 'adfeitaasdatateam_ArmTemplate_18')]"
            ]
        },
        {
            "name": "adfeitaasdatateam_ArmTemplate_20",
            "type": "Microsoft.Resources/deployments",
            "apiVersion": "2018-02-01",
            "properties": {
                "mode": "incremental",
                "templateLink": {
                    "uri": "[concat(parameters('containerUri'), '/ArmTemplate_20.json', parameters('containerSasToken'))]",
                    "contentVersion": "1.0.0.0"
                },
                "parameters": {
                    "factoryName": {
                        "value": "[parameters('factoryName')]"
                    }
                }
            },
            "dependsOn": [
                "[resourceId('Microsoft.Resources/deployments', 'adfeitaasdatateam_ArmTemplate_19')]"
            ]
        },
        {
            "name": "adfeitaasdatateam_ArmTemplate_21",
            "type": "Microsoft.Resources/deployments",
            "apiVersion": "2018-02-01",
            "properties": {
                "mode": "incremental",
                "templateLink": {
                    "uri": "[concat(parameters('containerUri'), '/ArmTemplate_21.json', parameters('containerSasToken'))]",
                    "contentVersion": "1.0.0.0"
                },
                "parameters": {
                    "factoryName": {
                        "value": "[parameters('factoryName')]"
                    }
                }
            },
            "dependsOn": [
                "[resourceId('Microsoft.Resources/deployments', 'adfeitaasdatateam_ArmTemplate_20')]"
            ]
        },
        {
            "name": "adfeitaasdatateam_ArmTemplate_22",
            "type": "Microsoft.Resources/deployments",
            "apiVersion": "2018-02-01",
            "properties": {
                "mode": "incremental",
                "templateLink": {
                    "uri": "[concat(parameters('containerUri'), '/ArmTemplate_22.json', parameters('containerSasToken'))]",
                    "contentVersion": "1.0.0.0"
                },
                "parameters": {
                    "factoryName": {
                        "value": "[parameters('factoryName')]"
                    }
                }
            },
            "dependsOn": [
                "[resourceId('Microsoft.Resources/deployments', 'adfeitaasdatateam_ArmTemplate_21')]"
            ]
        },
        {
            "name": "adfeitaasdatateam_ArmTemplate_23",
            "type": "Microsoft.Resources/deployments",
            "apiVersion": "2018-02-01",
            "properties": {
                "mode": "incremental",
                "templateLink": {
                    "uri": "[concat(parameters('containerUri'), '/ArmTemplate_23.json', parameters('containerSasToken'))]",
                    "contentVersion": "1.0.0.0"
                },
                "parameters": {
                    "factoryName": {
                        "value": "[parameters('factoryName')]"
                    }
                }
            },
            "dependsOn": [
                "[resourceId('Microsoft.Resources/deployments', 'adfeitaasdatateam_ArmTemplate_22')]"
            ]
        },
        {
            "name": "adfeitaasdatateam_ArmTemplate_24",
            "type": "Microsoft.Resources/deployments",
            "apiVersion": "2018-02-01",
            "properties": {
                "mode": "incremental",
                "templateLink": {
                    "uri": "[concat(parameters('containerUri'), '/ArmTemplate_24.json', parameters('containerSasToken'))]",
                    "contentVersion": "1.0.0.0"
                },
                "parameters": {
                    "factoryName": {
                        "value": "[parameters('factoryName')]"
                    }
                }
            },
            "dependsOn": [
                "[resourceId('Microsoft.Resources/deployments', 'adfeitaasdatateam_ArmTemplate_23')]"
            ]
        },
        {
            "name": "adfeitaasdatateam_ArmTemplate_25",
            "type": "Microsoft.Resources/deployments",
            "apiVersion": "2018-02-01",
            "properties": {
                "mode": "incremental",
                "templateLink": {
                    "uri": "[concat(parameters('containerUri'), '/ArmTemplate_25.json', parameters('containerSasToken'))]",
                    "contentVersion": "1.0.0.0"
                },
                "parameters": {
                    "factoryName": {
                        "value": "[parameters('factoryName')]"
                    }
                }
            },
            "dependsOn": [
                "[resourceId('Microsoft.Resources/deployments', 'adfeitaasdatateam_ArmTemplate_24')]"
            ]
        },
        {
            "name": "adfeitaasdatateam_ArmTemplate_26",
            "type": "Microsoft.Resources/deployments",
            "apiVersion": "2018-02-01",
            "properties": {
                "mode": "incremental",
                "templateLink": {
                    "uri": "[concat(parameters('containerUri'), '/ArmTemplate_26.json', parameters('containerSasToken'))]",
                    "contentVersion": "1.0.0.0"
                },
                "parameters": {
                    "factoryName": {
                        "value": "[parameters('factoryName')]"
                    }
                }
            },
            "dependsOn": [
                "[resourceId('Microsoft.Resources/deployments', 'adfeitaasdatateam_ArmTemplate_25')]"
            ]
        },
        {
            "name": "adfeitaasdatateam_ArmTemplate_27",
            "type": "Microsoft.Resources/deployments",
            "apiVersion": "2018-02-01",
            "properties": {
                "mode": "incremental",
                "templateLink": {
                    "uri": "[concat(parameters('containerUri'), '/ArmTemplate_27.json', parameters('containerSasToken'))]",
                    "contentVersion": "1.0.0.0"
                },
                "parameters": {
                    "factoryName": {
                        "value": "[parameters('factoryName')]"
                    }
                }
            },
            "dependsOn": [
                "[resourceId('Microsoft.Resources/deployments', 'adfeitaasdatateam_ArmTemplate_26')]"
            ]
        },
        {
            "name": "adfeitaasdatateam_ArmTemplate_28",
            "type": "Microsoft.Resources/deployments",
            "apiVersion": "2018-02-01",
            "properties": {
                "mode": "incremental",
                "templateLink": {
                    "uri": "[concat(parameters('containerUri'), '/ArmTemplate_28.json', parameters('containerSasToken'))]",
                    "contentVersion": "1.0.0.0"
                },
                "parameters": {
                    "factoryName": {
                        "value": "[parameters('factoryName')]"
                    }
                }
            },
            "dependsOn": [
                "[resourceId('Microsoft.Resources/deployments', 'adfeitaasdatateam_ArmTemplate_27')]"
            ]
        },
        {
            "name": "adfeitaasdatateam_ArmTemplate_29",
            "type": "Microsoft.Resources/deployments",
            "apiVersion": "2018-02-01",
            "properties": {
                "mode": "incremental",
                "templateLink": {
                    "uri": "[concat(parameters('containerUri'), '/ArmTemplate_29.json', parameters('containerSasToken'))]",
                    "contentVersion": "1.0.0.0"
                },
                "parameters": {
                    "factoryName": {
                        "value": "[parameters('factoryName')]"
                    }
                }
            },
            "dependsOn": [
                "[resourceId('Microsoft.Resources/deployments', 'adfeitaasdatateam_ArmTemplate_28')]"
            ]
        },
        {
            "name": "adfeitaasdatateam_ArmTemplate_30",
            "type": "Microsoft.Resources/deployments",
            "apiVersion": "2018-02-01",
            "properties": {
                "mode": "incremental",
                "templateLink": {
                    "uri": "[concat(parameters('containerUri'), '/ArmTemplate_30.json', parameters('containerSasToken'))]",
                    "contentVersion": "1.0.0.0"
                },
                "parameters": {
                    "factoryName": {
                        "value": "[parameters('factoryName')]"
                    },
                    "Purge_Databricks_Tables_Trigger_properties_Begin Purge of Databricks Tables_parameters_DaysToRetain": {
                        "value": "[parameters('Purge_Databricks_Tables_Trigger_properties_Begin Purge of Databricks Tables_parameters_DaysToRetain')]"
                    },
                    "RCCC_PowerBI_Refresh_properties_Refresh Power BI_parameters_DataflowNamePrefix": {
                        "value": "[parameters('RCCC_PowerBI_Refresh_properties_Refresh Power BI_parameters_DataflowNamePrefix')]"
                    },
                    "RCCC_PowerBI_Refresh_properties_Refresh Power BI_parameters_DatasetNamePrefix": {
                        "value": "[parameters('RCCC_PowerBI_Refresh_properties_Refresh Power BI_parameters_DatasetNamePrefix')]"
                    },
                    "Restart_Databricks_Environment_Trigger_properties_Begin Restart Databricks Environment_parameters_RunThisPipelineYN": {
                        "value": "[parameters('Restart_Databricks_Environment_Trigger_properties_Begin Restart Databricks Environment_parameters_RunThisPipelineYN')]"
                    },
                    "Shutdown_Environment_Trigger_properties_Begin Shutdown All Environments_parameters_RunThisPipelineYN": {
                        "value": "[parameters('Shutdown_Environment_Trigger_properties_Begin Shutdown All Environments_parameters_RunThisPipelineYN')]"
                    }
                }
            },
            "dependsOn": [
                "[resourceId('Microsoft.Resources/deployments', 'adfeitaasdatateam_ArmTemplate_29')]"
            ]
        },
        {
            "name": "adfeitaasdatateam_ArmTemplate_31",
            "type": "Microsoft.Resources/deployments",
            "apiVersion": "2018-02-01",
            "properties": {
                "mode": "incremental",
                "templateLink": {
                    "uri": "[concat(parameters('containerUri'), '/ArmTemplate_31.json', parameters('containerSasToken'))]",
                    "contentVersion": "1.0.0.0"
                },
                "parameters": {
                    "factoryName": {
                        "value": "[parameters('factoryName')]"
                    },
                    "Start_Environment_Trigger_AutoSbx_properties_Begin Start All Environments_parameters_RunThisPipelineYN": {
                        "value": "[parameters('Start_Environment_Trigger_AutoSbx_properties_Begin Start All Environments_parameters_RunThisPipelineYN')]"
                    },
                    "Start_Environment_Trigger_Dev_properties_Begin Start All Environments_parameters_RunThisPipelineYN": {
                        "value": "[parameters('Start_Environment_Trigger_Dev_properties_Begin Start All Environments_parameters_RunThisPipelineYN')]"
                    }
                }
            },
            "dependsOn": [
                "[resourceId('Microsoft.Resources/deployments', 'adfeitaasdatateam_ArmTemplate_30')]"
            ]
        },
        {
            "name": "adfeitaasdatateam_ArmTemplate_32",
            "type": "Microsoft.Resources/deployments",
            "apiVersion": "2018-02-01",
            "properties": {
                "mode": "incremental",
                "templateLink": {
                    "uri": "[concat(parameters('containerUri'), '/ArmTemplate_32.json', parameters('containerSasToken'))]",
                    "contentVersion": "1.0.0.0"
                },
                "parameters": {
                    "factoryName": {
                        "value": "[parameters('factoryName')]"
                    }
                }
            },
            "dependsOn": [
                "[resourceId('Microsoft.Resources/deployments', 'adfeitaasdatateam_ArmTemplate_31')]"
            ]
        },
        {
            "name": "adfeitaasdatateam_ArmTemplate_33",
            "type": "Microsoft.Resources/deployments",
            "apiVersion": "2018-02-01",
            "properties": {
                "mode": "incremental",
                "templateLink": {
                    "uri": "[concat(parameters('containerUri'), '/ArmTemplate_33.json', parameters('containerSasToken'))]",
                    "contentVersion": "1.0.0.0"
                },
                "parameters": {
                    "factoryName": {
                        "value": "[parameters('factoryName')]"
                    }
                }
            },
            "dependsOn": [
                "[resourceId('Microsoft.Resources/deployments', 'adfeitaasdatateam_ArmTemplate_32')]"
            ]
        },
        {
            "name": "adfeitaasdatateam_ArmTemplate_34",
            "type": "Microsoft.Resources/deployments",
            "apiVersion": "2018-02-01",
            "properties": {
                "mode": "incremental",
                "templateLink": {
                    "uri": "[concat(parameters('containerUri'), '/ArmTemplate_34.json', parameters('containerSasToken'))]",
                    "contentVersion": "1.0.0.0"
                },
                "parameters": {
                    "factoryName": {
                        "value": "[parameters('factoryName')]"
                    }
                }
            },
            "dependsOn": [
                "[resourceId('Microsoft.Resources/deployments', 'adfeitaasdatateam_ArmTemplate_33')]"
            ]
        },
        {
            "name": "adfeitaasdatateam_ArmTemplate_35",
            "type": "Microsoft.Resources/deployments",
            "apiVersion": "2018-02-01",
            "properties": {
                "mode": "incremental",
                "templateLink": {
                    "uri": "[concat(parameters('containerUri'), '/ArmTemplate_35.json', parameters('containerSasToken'))]",
                    "contentVersion": "1.0.0.0"
                },
                "parameters": {
                    "factoryName": {
                        "value": "[parameters('factoryName')]"
                    }
                }
            },
            "dependsOn": [
                "[resourceId('Microsoft.Resources/deployments', 'adfeitaasdatateam_ArmTemplate_34')]"
            ]
        },
        {
            "name": "adfeitaasdatateam_ArmTemplate_36",
            "type": "Microsoft.Resources/deployments",
            "apiVersion": "2018-02-01",
            "properties": {
                "mode": "incremental",
                "templateLink": {
                    "uri": "[concat(parameters('containerUri'), '/ArmTemplate_36.json', parameters('containerSasToken'))]",
                    "contentVersion": "1.0.0.0"
                },
                "parameters": {
                    "factoryName": {
                        "value": "[parameters('factoryName')]"
                    },
                    "OrgHierarchy_Event_Trigger_properties_Begin OrgHierarchy Workflow_parameters_folderPath": {
                        "value": "[parameters('OrgHierarchy_Event_Trigger_properties_Begin OrgHierarchy Workflow_parameters_folderPath')]"
                    },
                    "OrgHierarchy_Event_Trigger_properties_Begin OrgHierarchy Workflow_parameters_fileName": {
                        "value": "[parameters('OrgHierarchy_Event_Trigger_properties_Begin OrgHierarchy Workflow_parameters_fileName')]"
                    },
                    "OrgHierarchy_Event_Trigger_properties_typeProperties_scope": {
                        "value": "[parameters('OrgHierarchy_Event_Trigger_properties_typeProperties_scope')]"
                    },
                    "STIG_Workflow_Trigger_properties_Begin STIG Workflow_parameters_FolderPath": {
                        "value": "[parameters('STIG_Workflow_Trigger_properties_Begin STIG Workflow_parameters_FolderPath')]"
                    },
                    "STIG_Workflow_Trigger_properties_Begin STIG Workflow_parameters_FileName": {
                        "value": "[parameters('STIG_Workflow_Trigger_properties_Begin STIG Workflow_parameters_FileName')]"
                    },
                    "STIG_Workflow_Trigger_properties_typeProperties_scope": {
                        "value": "[parameters('STIG_Workflow_Trigger_properties_typeProperties_scope')]"
                    },
                    "Survey_Workflow_Trigger_properties_Begin Survey Workflow_parameters_fileName": {
                        "value": "[parameters('Survey_Workflow_Trigger_properties_Begin Survey Workflow_parameters_fileName')]"
                    },
                    "Survey_Workflow_Trigger_properties_Begin Survey Workflow_parameters_folderPath": {
                        "value": "[parameters('Survey_Workflow_Trigger_properties_Begin Survey Workflow_parameters_folderPath')]"
                    },
                    "Survey_Workflow_Trigger_properties_typeProperties_scope": {
                        "value": "[parameters('Survey_Workflow_Trigger_properties_typeProperties_scope')]"
                    }
                }
            },
            "dependsOn": [
                "[resourceId('Microsoft.Resources/deployments', 'adfeitaasdatateam_ArmTemplate_35')]"
            ]
        },
        {
            "name": "adfeitaasdatateam_ArmTemplate_37",
            "type": "Microsoft.Resources/deployments",
            "apiVersion": "2018-02-01",
            "properties": {
                "mode": "incremental",
                "templateLink": {
                    "uri": "[concat(parameters('containerUri'), '/ArmTemplate_37.json', parameters('containerSasToken'))]",
                    "contentVersion": "1.0.0.0"
                },
                "parameters": {
                    "factoryName": {
                        "value": "[parameters('factoryName')]"
                    },
                    "A365_ActiveUser_Trigger_properties_Begin A365 ActiveUserLicense Workflow_parameters_FileName": {
                        "value": "[parameters('A365_ActiveUser_Trigger_properties_Begin A365 ActiveUserLicense Workflow_parameters_FileName')]"
                    },
                    "A365_ActiveUser_Trigger_properties_Begin A365 ActiveUserLicense Workflow_parameters_FolderPath": {
                        "value": "[parameters('A365_ActiveUser_Trigger_properties_Begin A365 ActiveUserLicense Workflow_parameters_FolderPath')]"
                    },
                    "A365_ActiveUser_Trigger_properties_typeProperties_scope": {
                        "value": "[parameters('A365_ActiveUser_Trigger_properties_typeProperties_scope')]"
                    },
                    "A365_OfficeActivations_Trigger_properties_Begin A365 OfficeActivation Workflow_parameters_FileName": {
                        "value": "[parameters('A365_OfficeActivations_Trigger_properties_Begin A365 OfficeActivation Workflow_parameters_FileName')]"
                    },
                    "A365_OfficeActivations_Trigger_properties_Begin A365 OfficeActivation Workflow_parameters_FolderPath": {
                        "value": "[parameters('A365_OfficeActivations_Trigger_properties_Begin A365 OfficeActivation Workflow_parameters_FolderPath')]"
                    },
                    "A365_OfficeActivations_Trigger_properties_typeProperties_scope": {
                        "value": "[parameters('A365_OfficeActivations_Trigger_properties_typeProperties_scope')]"
                    },
                    "ADOC_RFC_Active_Trigger_properties_Begin ADOC RFC Active Workflow_parameters_FileName": {
                        "value": "[parameters('ADOC_RFC_Active_Trigger_properties_Begin ADOC RFC Active Workflow_parameters_FileName')]"
                    },
                    "ADOC_RFC_Active_Trigger_properties_Begin ADOC RFC Active Workflow_parameters_FolderPath": {
                        "value": "[parameters('ADOC_RFC_Active_Trigger_properties_Begin ADOC RFC Active Workflow_parameters_FolderPath')]"
                    },
                    "ADOC_RFC_Active_Trigger_properties_typeProperties_scope": {
                        "value": "[parameters('ADOC_RFC_Active_Trigger_properties_typeProperties_scope')]"
                    },
                    "ADOC_RFC_Archive_Trigger_properties_Begin ADOC RFC Archive Workflow_parameters_FileName": {
                        "value": "[parameters('ADOC_RFC_Archive_Trigger_properties_Begin ADOC RFC Archive Workflow_parameters_FileName')]"
                    },
                    "ADOC_RFC_Archive_Trigger_properties_Begin ADOC RFC Archive Workflow_parameters_FolderPath": {
                        "value": "[parameters('ADOC_RFC_Archive_Trigger_properties_Begin ADOC RFC Archive Workflow_parameters_FolderPath')]"
                    },
                    "ADOC_RFC_Archive_Trigger_properties_typeProperties_scope": {
                        "value": "[parameters('ADOC_RFC_Archive_Trigger_properties_typeProperties_scope')]"
                    },
                    "ADOC_SIR_Trigger_properties_Begin ADOC SIR Workflow_parameters_FileName": {
                        "value": "[parameters('ADOC_SIR_Trigger_properties_Begin ADOC SIR Workflow_parameters_FileName')]"
                    },
                    "ADOC_SIR_Trigger_properties_Begin ADOC SIR Workflow_parameters_FolderPath": {
                        "value": "[parameters('ADOC_SIR_Trigger_properties_Begin ADOC SIR Workflow_parameters_FolderPath')]"
                    },
                    "ADOC_SIR_Trigger_properties_typeProperties_scope": {
                        "value": "[parameters('ADOC_SIR_Trigger_properties_typeProperties_scope')]"
                    },
                    "RCCC_Incident_Trigger_properties_Begin RCC-C Incident Workflow_parameters_FileName": {
                        "value": "[parameters('RCCC_Incident_Trigger_properties_Begin RCC-C Incident Workflow_parameters_FileName')]"
                    },
                    "RCCC_Incident_Trigger_properties_Begin RCC-C Incident Workflow_parameters_FolderPath": {
                        "value": "[parameters('RCCC_Incident_Trigger_properties_Begin RCC-C Incident Workflow_parameters_FolderPath')]"
                    },
                    "RCCC_Incident_Trigger_properties_typeProperties_scope": {
                        "value": "[parameters('RCCC_Incident_Trigger_properties_typeProperties_scope')]"
                    },
                    "RCCC_Request_Trigger_properties_Begin RCC-C Request Workflow_parameters_FileName": {
                        "value": "[parameters('RCCC_Request_Trigger_properties_Begin RCC-C Request Workflow_parameters_FileName')]"
                    },
                    "RCCC_Request_Trigger_properties_Begin RCC-C Request Workflow_parameters_FilePath": {
                        "value": "[parameters('RCCC_Request_Trigger_properties_Begin RCC-C Request Workflow_parameters_FilePath')]"
                    },
                    "RCCC_Request_Trigger_properties_typeProperties_scope": {
                        "value": "[parameters('RCCC_Request_Trigger_properties_typeProperties_scope')]"
                    },
                    "STIG_ACAS_Nessus_Trigger_properties_Begin ACAS Nessus Scans Workflow_parameters_FileName": {
                        "value": "[parameters('STIG_ACAS_Nessus_Trigger_properties_Begin ACAS Nessus Scans Workflow_parameters_FileName')]"
                    },
                    "STIG_ACAS_Nessus_Trigger_properties_Begin ACAS Nessus Scans Workflow_parameters_FolderPath": {
                        "value": "[parameters('STIG_ACAS_Nessus_Trigger_properties_Begin ACAS Nessus Scans Workflow_parameters_FolderPath')]"
                    },
                    "STIG_ACAS_Nessus_Trigger_properties_typeProperties_scope": {
                        "value": "[parameters('STIG_ACAS_Nessus_Trigger_properties_typeProperties_scope')]"
                    },
                    "STIG_ACAS_Tenable_Trigger_properties_Begin ACAS Tenable Scans Workflow_parameters_FileName": {
                        "value": "[parameters('STIG_ACAS_Tenable_Trigger_properties_Begin ACAS Tenable Scans Workflow_parameters_FileName')]"
                    },
                    "STIG_ACAS_Tenable_Trigger_properties_Begin ACAS Tenable Scans Workflow_parameters_FolderPath": {
                        "value": "[parameters('STIG_ACAS_Tenable_Trigger_properties_Begin ACAS Tenable Scans Workflow_parameters_FolderPath')]"
                    },
                    "STIG_ACAS_Tenable_Trigger_properties_typeProperties_scope": {
                        "value": "[parameters('STIG_ACAS_Tenable_Trigger_properties_typeProperties_scope')]"
                    }
                }
            },
            "dependsOn": [
                "[resourceId('Microsoft.Resources/deployments', 'adfeitaasdatateam_ArmTemplate_36')]"
            ]
        },
        {
            "name": "adfeitaasdatateam_ArmTemplate_38",
            "type": "Microsoft.Resources/deployments",
            "apiVersion": "2018-02-01",
            "properties": {
                "mode": "incremental",
                "templateLink": {
                    "uri": "[concat(parameters('containerUri'), '/ArmTemplate_38.json', parameters('containerSasToken'))]",
                    "contentVersion": "1.0.0.0"
                },
                "parameters": {
                    "factoryName": {
                        "value": "[parameters('factoryName')]"
                    }
                }
            },
            "dependsOn": [
                "[resourceId('Microsoft.Resources/deployments', 'adfeitaasdatateam_ArmTemplate_37')]"
            ]
        },
        {
            "name": "adfeitaasdatateam_ArmTemplate_39",
            "type": "Microsoft.Resources/deployments",
            "apiVersion": "2018-02-01",
            "properties": {
                "mode": "incremental",
                "templateLink": {
                    "uri": "[concat(parameters('containerUri'), '/ArmTemplate_39.json', parameters('containerSasToken'))]",
                    "contentVersion": "1.0.0.0"
                },
                "parameters": {
                    "factoryName": {
                        "value": "[parameters('factoryName')]"
                    },
                    "MDE_Workflow_Trigger_Daily_except_Saturday_properties_Begin MDE Workflow_parameters_fullLoadFlag": {
                        "value": "[parameters('MDE_Workflow_Trigger_Daily_except_Saturday_properties_Begin MDE Workflow_parameters_fullLoadFlag')]"
                    },
                    "MDE_Workflow_Trigger_Weekly_properties_Begin MDE Workflow_parameters_fullLoadFlag": {
                        "value": "[parameters('MDE_Workflow_Trigger_Weekly_properties_Begin MDE Workflow_parameters_fullLoadFlag')]"
                    }
                }
            },
            "dependsOn": [
                "[resourceId('Microsoft.Resources/deployments', 'adfeitaasdatateam_ArmTemplate_38')]"
            ]
        },
        {
            "name": "adfeitaasdatateam_ArmTemplate_40",
            "type": "Microsoft.Resources/deployments",
            "apiVersion": "2018-02-01",
            "properties": {
                "mode": "incremental",
                "templateLink": {
                    "uri": "[concat(parameters('containerUri'), '/ArmTemplate_40.json', parameters('containerSasToken'))]",
                    "contentVersion": "1.0.0.0"
                },
                "parameters": {
                    "factoryName": {
                        "value": "[parameters('factoryName')]"
                    }
                }
            },
            "dependsOn": [
                "[resourceId('Microsoft.Resources/deployments', 'adfeitaasdatateam_ArmTemplate_39')]"
            ]
        }
    ]
}