{
    "now": "2024-03-19T20:04:01.098Z",
    "perfNow": 19993421.199999988,
    "diagnosticCorrelation": "9595520d-7d74-4541-80be-2719a974e268",
    "source": "DownloadSupportFiles",
    "environment": {
        "productName": "adf",
        "buildVersion": "1.0.030524.4",
        "environmentType": 4,
        "resourceName": "adfeitaasdatateam",
        "resourceRegion": "usgovvirginia",
        "resourceGroup": "cde-sandbox",
        "subscriptionId": "96ec76b3-d172-42ca-9360-ae675bbd5961",
        "sessionId": "7lQj+",
        "operationId": "De110",
        "gitType": "GitHub"
    },
    "additionalInfo": {
        "selectedResource": "Begin A365 LicensingDashboard",
        "selectedResourceType": "pipeline"
    }
}