{
	"name": "Begin upSigninFct Partition Switch",
	"properties": {
		"activities": [
			{
				"name": "Swap Partition",
				"type": "Lookup",
				"dependsOn": [],
				"policy": {
					"timeout": "7.00:00:00",
					"retry": 0,
					"retryIntervalInSeconds": 30,
					"secureOutput": false,
					"secureInput": false
				},
				"userProperties": [],
				"typeProperties": {
					"source": {
						"type": "SqlDWSource",
						"sqlReaderQuery": {
							"value": "@concat('alter table dbo.upSignInFct\nswitch partition ',pipeline().parameters.PartitionNum,' to dbo.upSignInFctSwitch partition ',pipeline().parameters.PartitionNum,';\n select ''1''')",
							"type": "Expression"
						},
						"queryTimeout": "02:00:00",
						"partitionOption": "None"
					},
					"dataset": {
						"referenceName": "Database_Synapse",
						"type": "DatasetReference",
						"parameters": {
							"schema": "dbo",
							"table": "upSignInFct"
						}
					}
				}
			}
		],
		"parameters": {
			"PartitionNum": {
				"type": "string",
				"defaultValue": "8"
			}
		},
		"folder": {
			"name": "Maintenance/Post Deployment Jobs/Sprint 29 - upSigninFct Backfill - Synapse"
		},
		"annotations": []
	}
}