{
	"name": "Begin Sprint 29 Backfill Synapse upSigninFct",
	"properties": {
		"activities": [
			{
				"name": "Initialize vBEDT",
				"type": "SetVariable",
				"dependsOn": [],
				"userProperties": [],
				"typeProperties": {
					"variableName": "varBackfillEndDateTime",
					"value": {
						"value": "@pipeline().parameters.BackfillEndDateTime",
						"type": "Expression"
					}
				}
			},
			{
				"name": "Initialize vBSDT",
				"type": "SetVariable",
				"dependsOn": [],
				"userProperties": [],
				"typeProperties": {
					"variableName": "varBackfillStartDateTime",
					"value": {
						"value": "@pipeline().parameters.BackfillStartDateTime",
						"type": "Expression"
					}
				}
			},
			{
				"name": "Load upSignInFct From signInLogs",
				"type": "DatabricksNotebook",
				"dependsOn": [
					{
						"activity": "Initialize vBEDT",
						"dependencyConditions": [
							"Succeeded"
						]
					},
					{
						"activity": "Initialize vBSDT",
						"dependencyConditions": [
							"Succeeded"
						]
					},
					{
						"activity": "Truncate Synapse Stage upSigninFct Table",
						"dependencyConditions": [
							"Succeeded"
						]
					}
				],
				"policy": {
					"timeout": "0.15:00:00",
					"retry": 0,
					"retryIntervalInSeconds": 30,
					"secureOutput": false,
					"secureInput": false
				},
				"userProperties": [],
				"typeProperties": {
					"notebookPath": {
						"value": "/Signin/Load_Data_Warehouse_Stage/Load_DW_upSignInFct",
						"type": "Expression"
					},
					"baseParameters": {
						"StartDateTime": {
							"value": "@variables('varBackfillStartDateTime')",
							"type": "Expression"
						},
						"EndDateTime": {
							"value": "@variables('varBackfillEndDateTime')",
							"type": "Expression"
						}
					}
				},
				"linkedServiceName": {
					"referenceName": "LS_Databricks",
					"type": "LinkedServiceReference"
				}
			},
			{
				"name": "Truncate Synapse Stage upSigninFct Table",
				"type": "Lookup",
				"dependsOn": [],
				"policy": {
					"timeout": "0.00:10:00",
					"retry": 3,
					"retryIntervalInSeconds": 30,
					"secureOutput": false,
					"secureInput": false
				},
				"userProperties": [],
				"typeProperties": {
					"source": {
						"type": "SqlDWSource",
						"sqlReaderQuery": "truncate table [stage].[upSigninFct];\nselect '1'",
						"queryTimeout": "02:00:00",
						"partitionOption": "None"
					},
					"dataset": {
						"referenceName": "Database_Synapse",
						"type": "DatasetReference",
						"parameters": {
							"schema": "stage",
							"table": "upSigninFct"
						}
					}
				}
			},
			{
				"name": "Load Final Synapse Table and Swap Partition",
				"type": "SqlServerStoredProcedure",
				"dependsOn": [
					{
						"activity": "Load upSignInFct From signInLogs",
						"dependencyConditions": [
							"Succeeded"
						]
					}
				],
				"policy": {
					"timeout": "0.15:00:00",
					"retry": 0,
					"retryIntervalInSeconds": 30,
					"secureOutput": false,
					"secureInput": false
				},
				"userProperties": [],
				"typeProperties": {
					"storedProcedureName": "[etl].[usp_partitionSwitchUpSignInFct]",
					"storedProcedureParameters": {
						"p_partition": {
							"value": {
								"value": "@pipeline().parameters.PartitionNum",
								"type": "Expression"
							}
						}
					}
				},
				"linkedServiceName": {
					"referenceName": "LS_DataWarehouse",
					"type": "LinkedServiceReference"
				}
			}
		],
		"parameters": {
			"BackfillStartDateTime": {
				"type": "string",
				"defaultValue": "2022-01-01T00:00:00"
			},
			"BackfillEndDateTime": {
				"type": "string",
				"defaultValue": "2022-02-01T00:00:00"
			},
			"PartitionNum": {
				"type": "int",
				"defaultValue": 7
			}
		},
		"variables": {
			"varBackfillStartDateTime": {
				"type": "String"
			},
			"varBackfillEndDateTime": {
				"type": "String"
			}
		},
		"folder": {
			"name": "Maintenance/Post Deployment Jobs/Sprint 29 - upSigninFct Backfill - Synapse"
		},
		"annotations": []
	}
}