{
	"name": "Begin Sprint 28 Backfill Synapse upSigninFct Backup",
	"properties": {
		"activities": [
			{
				"name": "Until Backfill Complete",
				"description": "",
				"type": "Until",
				"dependsOn": [
					{
						"activity": "Initialize vBEDT",
						"dependencyConditions": [
							"Succeeded"
						]
					},
					{
						"activity": "Initialize vBSDT",
						"dependencyConditions": [
							"Succeeded"
						]
					}
				],
				"userProperties": [],
				"typeProperties": {
					"expression": {
						"value": "@equals(toLower(string(variables('varIsBackfillComplete'))),'true')",
						"type": "Expression"
					},
					"activities": [
						{
							"name": "Increment vBSDT",
							"type": "SetVariable",
							"dependsOn": [
								{
									"activity": "Set TempVariable",
									"dependencyConditions": [
										"Succeeded"
									]
								}
							],
							"userProperties": [],
							"typeProperties": {
								"variableName": "varBackfillStartDateTime",
								"value": {
									"value": "@variables('varBackfillTempDateTime')",
									"type": "Expression"
								}
							}
						},
						{
							"name": "Set TempVariable",
							"type": "SetVariable",
							"dependsOn": [
								{
									"activity": "Load Synapse DW From Stage",
									"dependencyConditions": [
										"Succeeded"
									]
								}
							],
							"userProperties": [],
							"typeProperties": {
								"variableName": "varBackfillTempDateTime",
								"value": {
									"value": "@variables('varBackfillEndDateTime')",
									"type": "Expression"
								}
							}
						},
						{
							"name": "Increment vBEDT",
							"type": "SetVariable",
							"dependsOn": [
								{
									"activity": "Set TempVariable",
									"dependencyConditions": [
										"Succeeded"
									]
								}
							],
							"userProperties": [],
							"typeProperties": {
								"variableName": "varBackfillEndDateTime",
								"value": {
									"value": "@addDays(variables('varBackfillTempDateTime'),int(pipeline().parameters.BackfillWindowDays))",
									"type": "Expression"
								}
							}
						},
						{
							"name": "Load Synapse Stage",
							"type": "ExecutePipeline",
							"dependsOn": [
								{
									"activity": "Truncate Synapse Stage upSigninFct Table",
									"dependencyConditions": [
										"Succeeded"
									]
								}
							],
							"userProperties": [],
							"typeProperties": {
								"pipeline": {
									"referenceName": "Load Signin DW upSignInFct PDJ",
									"type": "PipelineReference"
								},
								"waitOnCompletion": true,
								"parameters": {
									"StartDateTime": {
										"value": "@variables('varBackfillStartDateTime')",
										"type": "Expression"
									},
									"EndDateTime": {
										"value": "@variables('varBackfillEndDateTime')",
										"type": "Expression"
									}
								}
							}
						},
						{
							"name": "Truncate Synapse Stage upSigninFct Table",
							"type": "Lookup",
							"dependsOn": [
								{
									"activity": "If Last Iteration",
									"dependencyConditions": [
										"Succeeded"
									]
								}
							],
							"policy": {
								"timeout": "0.00:10:00",
								"retry": 3,
								"retryIntervalInSeconds": 30,
								"secureOutput": false,
								"secureInput": false
							},
							"userProperties": [],
							"typeProperties": {
								"source": {
									"type": "SqlDWSource",
									"sqlReaderQuery": "truncate table [stage].[upSigninFct];\nselect '1'",
									"queryTimeout": "02:00:00",
									"partitionOption": "None"
								},
								"dataset": {
									"referenceName": "Database_Synapse",
									"type": "DatasetReference",
									"parameters": {
										"schema": "stage",
										"table": "upSigninFct"
									}
								}
							}
						},
						{
							"name": "Load Synapse DW From Stage",
							"type": "ExecutePipeline",
							"dependsOn": [
								{
									"activity": "Load Synapse Stage",
									"dependencyConditions": [
										"Succeeded"
									]
								}
							],
							"userProperties": [],
							"typeProperties": {
								"pipeline": {
									"referenceName": "Load Signin upSignInFct from DW Stage PDJ",
									"type": "PipelineReference"
								},
								"waitOnCompletion": true
							}
						},
						{
							"name": "If One More Iteration",
							"type": "IfCondition",
							"dependsOn": [
								{
									"activity": "Increment vBSDT",
									"dependencyConditions": [
										"Succeeded"
									]
								},
								{
									"activity": "Increment vBEDT",
									"dependencyConditions": [
										"Succeeded"
									]
								}
							],
							"userProperties": [],
							"typeProperties": {
								"expression": {
									"value": "@greaterOrEquals(variables('varBackfillEndDateTime'),pipeline().parameters.BackfillEndDateTime)",
									"type": "Expression"
								},
								"ifTrueActivities": [
									{
										"name": "Set Final vBEDT",
										"type": "SetVariable",
										"dependsOn": [],
										"userProperties": [],
										"typeProperties": {
											"variableName": "varBackfillEndDateTime",
											"value": {
												"value": "@pipeline().parameters.BackfillEndDateTime",
												"type": "Expression"
											}
										}
									},
									{
										"name": "Set isLastIteration to true",
										"type": "SetVariable",
										"dependsOn": [],
										"userProperties": [],
										"typeProperties": {
											"variableName": "varIsLastIteration",
											"value": "true"
										}
									}
								]
							}
						},
						{
							"name": "If Last Iteration",
							"type": "IfCondition",
							"dependsOn": [],
							"userProperties": [],
							"typeProperties": {
								"expression": {
									"value": "@equals(variables('varIsLastIteration'),'true')",
									"type": "Expression"
								},
								"ifTrueActivities": [
									{
										"name": "Set backfill Complete to true",
										"type": "SetVariable",
										"dependsOn": [],
										"userProperties": [],
										"typeProperties": {
											"variableName": "varIsBackfillComplete",
											"value": "true"
										}
									}
								]
							}
						}
					],
					"timeout": "7.00:00:00"
				}
			},
			{
				"name": "Initialize vBEDT",
				"type": "SetVariable",
				"dependsOn": [],
				"userProperties": [],
				"typeProperties": {
					"variableName": "varBackfillEndDateTime",
					"value": {
						"value": "@addDays(pipeline().parameters.BackfillStartDateTime,int(pipeline().parameters.BackfillWindowDays))",
						"type": "Expression"
					}
				}
			},
			{
				"name": "Initialize vBSDT",
				"type": "SetVariable",
				"dependsOn": [],
				"userProperties": [],
				"typeProperties": {
					"variableName": "varBackfillStartDateTime",
					"value": {
						"value": "@pipeline().parameters.BackfillStartDateTime",
						"type": "Expression"
					}
				}
			}
		],
		"parameters": {
			"BackfillStartDateTime": {
				"type": "string",
				"defaultValue": "2022-01-01T00:00:00"
			},
			"BackfillEndDateTime": {
				"type": "string",
				"defaultValue": "2022-06-30T23:59:59"
			},
			"BackfillWindowDays": {
				"type": "int",
				"defaultValue": 7
			}
		},
		"variables": {
			"varBackfillStartDateTime": {
				"type": "String"
			},
			"varBackfillEndDateTime": {
				"type": "String"
			},
			"varBackfillTempDateTime": {
				"type": "String"
			},
			"varIsBackfillComplete": {
				"type": "String",
				"defaultValue": "false"
			},
			"varIsLastIteration": {
				"type": "String",
				"defaultValue": "false"
			}
		},
		"folder": {
			"name": "Maintenance/Post Deployment Jobs/Sprint 28 - upSigninFct Backfill - Databricks"
		},
		"annotations": []
	}
}