{
	"name": "Begin STIG Workflow",
	"properties": {
		"activities": [
			{
				"name": "Get Last Modified Date",
				"type": "GetMetadata",
				"dependsOn": [
					{
						"activity": "Set varFolderPath",
						"dependencyConditions": [
							"Succeeded"
						]
					}
				],
				"policy": {
					"timeout": "0.00:01:00",
					"retry": 3,
					"retryIntervalInSeconds": 30,
					"secureOutput": false,
					"secureInput": false
				},
				"userProperties": [],
				"typeProperties": {
					"dataset": {
						"referenceName": "Blob_JSON_File",
						"type": "DatasetReference",
						"parameters": {
							"folderPath": " ",
							"container": {
								"value": "@variables('varContainerName')",
								"type": "Expression"
							},
							"fileName": {
								"value": "@pipeline().parameters.FileName",
								"type": "Expression"
							}
						}
					},
					"fieldList": [
						"lastModified"
					],
					"storeSettings": {
						"type": "AzureBlobStorageReadSettings",
						"recursive": true,
						"enablePartitionDiscovery": false
					},
					"formatSettings": {
						"type": "JsonReadSettings"
					}
				}
			},
			{
				"name": "Set varFolderPath",
				"type": "SetVariable",
				"dependsOn": [],
				"policy": {
					"secureOutput": false,
					"secureInput": false
				},
				"userProperties": [],
				"typeProperties": {
					"variableName": "varFolderPath",
					"value": {
						"value": "@concat(\nreplace(pipeline().parameters.FolderPath,variables('varContainerName'),''),\n'/')",
						"type": "Expression"
					}
				}
			},
			{
				"name": "Move from stage to STIG table",
				"type": "SqlServerStoredProcedure",
				"dependsOn": [
					{
						"activity": "Splitting a STIG File Loading based on RunbookErrors",
						"dependencyConditions": [
							"Succeeded"
						]
					}
				],
				"policy": {
					"timeout": "0.00:20:00",
					"retry": 3,
					"retryIntervalInSeconds": 30,
					"secureOutput": false,
					"secureInput": false
				},
				"userProperties": [],
				"typeProperties": {
					"storedProcedureName": {
						"value": "[etl].[usp_populateStage2DW_stigScans]",
						"type": "Expression"
					}
				},
				"linkedServiceName": {
					"referenceName": "LS_DataWarehouse",
					"type": "LinkedServiceReference"
				}
			},
			{
				"name": "Delete records for loaded STIG file",
				"type": "Lookup",
				"dependsOn": [
					{
						"activity": "Move from stage to STIG table",
						"dependencyConditions": [
							"Succeeded"
						]
					}
				],
				"policy": {
					"timeout": "0.00:20:00",
					"retry": 3,
					"retryIntervalInSeconds": 30,
					"secureOutput": false,
					"secureInput": false
				},
				"userProperties": [],
				"typeProperties": {
					"source": {
						"type": "SqlDWSource",
						"sqlReaderQuery": {
							"value": "@{concat('Delete from stage.stigScans where fileName = ','''',pipeline().parameters.FileName,'''','; Select 0 DummyQuery; ')}\n",
							"type": "Expression"
						},
						"queryTimeout": "00:20:00",
						"partitionOption": "None"
					},
					"dataset": {
						"referenceName": "Database_Synapse",
						"type": "DatasetReference",
						"parameters": {
							"schema": {
								"value": "@variables('varSchemaName')",
								"type": "Expression"
							},
							"table": {
								"value": "@variables('varTableName')",
								"type": "Expression"
							}
						}
					}
				}
			},
			{
				"name": "Lookup for STIG file types",
				"type": "Lookup",
				"dependsOn": [
					{
						"activity": "Get Last Modified Date",
						"dependencyConditions": [
							"Succeeded"
						]
					}
				],
				"policy": {
					"timeout": "0.00:01:00",
					"retry": 3,
					"retryIntervalInSeconds": 30,
					"secureOutput": false,
					"secureInput": false
				},
				"userProperties": [],
				"typeProperties": {
					"source": {
						"type": "JsonSource",
						"storeSettings": {
							"type": "AzureBlobStorageReadSettings",
							"recursive": true,
							"enablePartitionDiscovery": false
						},
						"formatSettings": {
							"type": "JsonReadSettings"
						}
					},
					"dataset": {
						"referenceName": "Blob_JSON_File",
						"type": "DatasetReference",
						"parameters": {
							"folderPath": " ",
							"container": "@variables('varContainerName')",
							"fileName": {
								"value": "@pipeline().parameters.FileName",
								"type": "Expression"
							}
						}
					}
				}
			},
			{
				"name": "Splitting a STIG File Loading based on RunbookErrors",
				"type": "Switch",
				"dependsOn": [
					{
						"activity": "Lookup for STIG file types",
						"dependencyConditions": [
							"Succeeded"
						]
					}
				],
				"userProperties": [],
				"typeProperties": {
					"on": {
						"value": "@{equals(activity('Lookup for STIG file types').output.firstrow.RunbookErrors,null)}",
						"type": "Expression"
					},
					"cases": [
						{
							"value": "True",
							"activities": [
								{
									"name": "Insert STIG Scan file into synapse",
									"type": "Copy",
									"dependsOn": [],
									"policy": {
										"timeout": "0.00:20:00",
										"retry": 3,
										"retryIntervalInSeconds": 30,
										"secureOutput": false,
										"secureInput": false
									},
									"userProperties": [],
									"typeProperties": {
										"source": {
											"type": "JsonSource",
											"additionalColumns": [
												{
													"name": "fileName",
													"value": "$$FILEPATH"
												},
												{
													"name": "fromSource",
													"value": {
														"value": "@variables('varFromSource')",
														"type": "Expression"
													}
												},
												{
													"name": "fromType",
													"value": {
														"value": "@variables('varFromType')",
														"type": "Expression"
													}
												},
												{
													"name": "fileCreatedDatetime",
													"value": {
														"value": "@formatDateTime(activity('Get Last Modified Date').output.lastModified,'yyyy-MM-dd HH:mm:ss')",
														"type": "Expression"
													}
												},
												{
													"name": "fileCreatedDate",
													"value": {
														"value": "@formatDateTime(activity('Get Last Modified Date').output.lastModified,'yyyy-MM-dd')",
														"type": "Expression"
													}
												},
												{
													"name": "whoCreated",
													"value": "ADF"
												},
												{
													"name": "whenCreated",
													"value": {
														"value": "@utcnow()",
														"type": "Expression"
													}
												}
											],
											"storeSettings": {
												"type": "AzureBlobStorageReadSettings",
												"recursive": false,
												"enablePartitionDiscovery": false
											},
											"formatSettings": {
												"type": "JsonReadSettings"
											}
										},
										"sink": {
											"type": "SqlDWSink",
											"writeBehavior": "Insert",
											"sqlWriterUseTableLock": false,
											"disableMetricsCollection": false
										},
										"enableStaging": false,
										"translator": {
											"type": "TabularTranslator",
											"mappings": [
												{
													"source": {
														"path": "['Id']"
													},
													"sink": {
														"name": "failedRulesId",
														"type": "String"
													}
												},
												{
													"source": {
														"path": "['Title']"
													},
													"sink": {
														"name": "failedRulesTitle",
														"type": "String"
													}
												},
												{
													"source": {
														"path": "['Severity']"
													},
													"sink": {
														"name": "failedRulesSeverity",
														"type": "String"
													}
												},
												{
													"source": {
														"path": "$['Scan']['StigName']"
													},
													"sink": {
														"name": "stigName",
														"type": "String"
													}
												},
												{
													"source": {
														"path": "$['Scan']['StartTime']"
													},
													"sink": {
														"name": "scanStartTime",
														"type": "DateTime"
													}
												},
												{
													"source": {
														"path": "$['Scan']['EndTime']"
													},
													"sink": {
														"name": "scanEndTime",
														"type": "DateTime"
													}
												},
												{
													"source": {
														"path": "$['Scan']['Version']['SCC']"
													},
													"sink": {
														"name": "versionSCC",
														"type": "String"
													}
												},
												{
													"source": {
														"path": "$['Scan']['Version']['SCAP']"
													},
													"sink": {
														"name": "versionSCAP",
														"type": "String"
													}
												},
												{
													"source": {
														"path": "$['Scan']['Version']['Benchmark']"
													},
													"sink": {
														"name": "versionBenchmark",
														"type": "String"
													}
												},
												{
													"source": {
														"path": "$['Scan']['Version']['Applied']"
													},
													"sink": {
														"name": "versionApplied",
														"type": "String"
													}
												},
												{
													"source": {
														"path": "$['Scan']['Score']"
													},
													"sink": {
														"name": "score",
														"type": "String"
													}
												},
												{
													"source": {
														"path": "$['VM']['Id']"
													},
													"sink": {
														"name": "vmId",
														"type": "Guid"
													}
												},
												{
													"source": {
														"path": "$['VM']['Name']"
													},
													"sink": {
														"name": "vmName",
														"type": "String"
													}
												},
												{
													"source": {
														"path": "$['VM']['ResourceGroupName']"
													},
													"sink": {
														"name": "vmResourceGroupName",
														"type": "String"
													}
												},
												{
													"source": {
														"path": "$['VM']['Subscription']['Id']"
													},
													"sink": {
														"name": "subscriptionId",
														"type": "Guid"
													}
												},
												{
													"source": {
														"path": "$['VM']['Subscription']['Name']"
													},
													"sink": {
														"name": "subscriptionName",
														"type": "String"
													}
												},
												{
													"source": {
														"path": "$['RunbookErrors']"
													},
													"sink": {
														"name": "runbookErrors",
														"type": "String"
													}
												},
												{
													"source": {
														"path": "$['fileName']"
													},
													"sink": {
														"name": "fileName",
														"type": "String"
													}
												},
												{
													"source": {
														"path": "$['fromSource']"
													},
													"sink": {
														"name": "fromSource",
														"type": "String"
													}
												},
												{
													"source": {
														"path": "$['fromType']"
													},
													"sink": {
														"name": "fromType",
														"type": "String"
													}
												},
												{
													"source": {
														"path": "$['fileCreatedDatetime']"
													},
													"sink": {
														"name": "generatedDateTime",
														"type": "DateTime"
													}
												},
												{
													"source": {
														"path": "$['fileCreatedDate']"
													},
													"sink": {
														"name": "generatedDate",
														"type": "DateTime"
													}
												},
												{
													"source": {
														"path": "$['whoCreated']"
													},
													"sink": {
														"name": "whoCreated",
														"type": "String"
													}
												},
												{
													"source": {
														"path": "$['whenCreated']"
													},
													"sink": {
														"name": "whenCreated",
														"type": "DateTime"
													}
												}
											],
											"collectionReference": "$['Scan']['FailedRules']"
										}
									},
									"inputs": [
										{
											"referenceName": "Blob_JSON_File",
											"type": "DatasetReference",
											"parameters": {
												"folderPath": " ",
												"container": {
													"value": "@variables('varContainerName')",
													"type": "Expression"
												},
												"fileName": {
													"value": "@pipeline().parameters.FileName",
													"type": "Expression"
												}
											}
										}
									],
									"outputs": [
										{
											"referenceName": "Database_Synapse",
											"type": "DatasetReference",
											"parameters": {
												"schema": {
													"value": "@variables('varSchemaName')",
													"type": "Expression"
												},
												"table": {
													"value": "@variables('varTableName')",
													"type": "Expression"
												}
											}
										}
									]
								}
							]
						},
						{
							"value": "False",
							"activities": [
								{
									"name": "Insert STIG Scan file with RunbookError into synapse",
									"type": "Copy",
									"dependsOn": [],
									"policy": {
										"timeout": "0.00:20:00",
										"retry": 3,
										"retryIntervalInSeconds": 30,
										"secureOutput": false,
										"secureInput": false
									},
									"userProperties": [],
									"typeProperties": {
										"source": {
											"type": "JsonSource",
											"additionalColumns": [
												{
													"name": "fileName",
													"value": "$$FILEPATH"
												},
												{
													"name": "fromSource",
													"value": {
														"value": "@variables('varFromSource')",
														"type": "Expression"
													}
												},
												{
													"name": "fromType",
													"value": {
														"value": "@variables('varFromType')",
														"type": "Expression"
													}
												},
												{
													"name": "fileCreatedDatetime",
													"value": {
														"value": "@formatDateTime(activity('Get Last Modified Date').output.lastModified,'yyyy-MM-dd HH:mm:ss')",
														"type": "Expression"
													}
												},
												{
													"name": "fileCreatedDate",
													"value": {
														"value": "@formatDateTime(activity('Get Last Modified Date').output.lastModified,'yyyy-MM-dd')",
														"type": "Expression"
													}
												},
												{
													"name": "whoCreated",
													"value": "ADF"
												},
												{
													"name": "whenCreated",
													"value": {
														"value": "@utcnow()",
														"type": "Expression"
													}
												},
												{
													"name": "versionSCAP",
													"value": ""
												},
												{
													"name": "versionBenchmark",
													"value": ""
												},
												{
													"name": "failedRulesTitle",
													"value": ""
												},
												{
													"name": "failedRulesSeverity",
													"value": ""
												},
												{
													"name": "versionSCC",
													"value": ""
												}
											],
											"storeSettings": {
												"type": "AzureBlobStorageReadSettings",
												"recursive": false,
												"enablePartitionDiscovery": false
											},
											"formatSettings": {
												"type": "JsonReadSettings"
											}
										},
										"sink": {
											"type": "SqlDWSink",
											"writeBehavior": "Insert",
											"sqlWriterUseTableLock": false,
											"disableMetricsCollection": false
										},
										"enableStaging": false,
										"translator": {
											"type": "TabularTranslator",
											"mappings": [
												{
													"source": {
														"path": "$['VM']['Id']"
													},
													"sink": {
														"name": "vmId",
														"type": "Guid"
													}
												},
												{
													"source": {
														"path": "$['VM']['Name']"
													},
													"sink": {
														"name": "vmName",
														"type": "String"
													}
												},
												{
													"source": {
														"path": "$['VM']['ResourceGroupName']"
													},
													"sink": {
														"name": "vmResourceGroupName",
														"type": "String"
													}
												},
												{
													"source": {
														"path": "$['VM']['Subscription']['Id']"
													},
													"sink": {
														"name": "subscriptionId",
														"type": "Guid"
													}
												},
												{
													"source": {
														"path": "$['VM']['Subscription']['Name']"
													},
													"sink": {
														"name": "subscriptionName",
														"type": "String"
													}
												},
												{
													"source": {
														"path": "$['RunbookErrors'][0]"
													},
													"sink": {
														"name": "runbookErrors",
														"type": "String"
													}
												},
												{
													"source": {
														"path": "$['Scan']['StigName']"
													},
													"sink": {
														"name": "stigName",
														"type": "String"
													}
												},
												{
													"source": {
														"path": "$['Scan']['StartTime']"
													},
													"sink": {
														"name": "scanStartTime",
														"type": "DateTime"
													}
												},
												{
													"source": {
														"path": "$['Scan']['EndTime']"
													},
													"sink": {
														"name": "scanEndTime",
														"type": "DateTime"
													}
												},
												{
													"source": {
														"path": "$['Scan']['Version']"
													},
													"sink": {
														"name": "versionApplied",
														"type": "String"
													}
												},
												{
													"source": {
														"path": "$['Scan']['Score']"
													},
													"sink": {
														"name": "score",
														"type": "String"
													}
												},
												{
													"source": {
														"path": "$['Scan']['FailedRules']"
													},
													"sink": {
														"name": "failedRulesId",
														"type": "String"
													}
												},
												{
													"source": {
														"path": "$['fileName']"
													},
													"sink": {
														"name": "fileName",
														"type": "String"
													}
												},
												{
													"source": {
														"path": "$['fromSource']"
													},
													"sink": {
														"name": "fromSource",
														"type": "String"
													}
												},
												{
													"source": {
														"path": "$['fromType']"
													},
													"sink": {
														"name": "fromType",
														"type": "String"
													}
												},
												{
													"source": {
														"path": "$['fileCreatedDatetime']"
													},
													"sink": {
														"name": "generatedDateTime",
														"type": "DateTime"
													}
												},
												{
													"source": {
														"path": "$['fileCreatedDate']"
													},
													"sink": {
														"name": "generatedDate",
														"type": "DateTime"
													}
												},
												{
													"source": {
														"path": "$['whoCreated']"
													},
													"sink": {
														"name": "whoCreated",
														"type": "String"
													}
												},
												{
													"source": {
														"path": "$['whenCreated']"
													},
													"sink": {
														"name": "whenCreated",
														"type": "DateTime"
													}
												},
												{
													"source": {
														"path": "$['versionSCAP']"
													},
													"sink": {
														"name": "versionSCAP",
														"type": "String"
													}
												},
												{
													"source": {
														"path": "$['versionBenchmark']"
													},
													"sink": {
														"name": "versionBenchmark",
														"type": "String"
													}
												},
												{
													"source": {
														"path": "$['failedRulesTitle']"
													},
													"sink": {
														"name": "failedRulesTitle",
														"type": "String"
													}
												},
												{
													"source": {
														"path": "$['failedRulesSeverity']"
													},
													"sink": {
														"name": "failedRulesSeverity",
														"type": "String"
													}
												},
												{
													"source": {
														"path": "$['versionSCC']"
													},
													"sink": {
														"name": "versionSCC",
														"type": "String"
													}
												}
											],
											"collectionReference": "$['RunbookErrors']",
											"mapComplexValuesToString": true
										}
									},
									"inputs": [
										{
											"referenceName": "Blob_JSON_File",
											"type": "DatasetReference",
											"parameters": {
												"folderPath": " ",
												"container": {
													"value": "@variables('varContainerName')",
													"type": "Expression"
												},
												"fileName": {
													"value": "@pipeline().parameters.FileName",
													"type": "Expression"
												}
											}
										}
									],
									"outputs": [
										{
											"referenceName": "Database_Synapse",
											"type": "DatasetReference",
											"parameters": {
												"schema": {
													"value": "@variables('varSchemaName')",
													"type": "Expression"
												},
												"table": {
													"value": "@variables('varTableName')",
													"type": "Expression"
												}
											}
										}
									]
								}
							]
						}
					]
				}
			}
		],
		"concurrency": 1,
		"policy": {
			"elapsedTimeMetric": {
				"duration": "0.00:30:00"
			}
		},
		"parameters": {
			"FolderPath": {
				"type": "string"
			},
			"FileName": {
				"type": "string"
			}
		},
		"variables": {
			"varContainerName": {
				"type": "String",
				"defaultValue": "stig-scan-results"
			},
			"varArchiveFolder": {
				"type": "String",
				"defaultValue": "Archive"
			},
			"varSchemaName": {
				"type": "String",
				"defaultValue": "stage"
			},
			"varTableName": {
				"type": "String",
				"defaultValue": "stigScans"
			},
			"varFolderPath": {
				"type": "String",
				"defaultValue": " "
			},
			"varFromType": {
				"type": "String",
				"defaultValue": "StorageAccount"
			},
			"varFromSource": {
				"type": "String",
				"defaultValue": "stig"
			}
		},
		"folder": {
			"name": "STIG"
		},
		"annotations": []
	}
}