{
	"name": "Begin Shutdown All Environments",
	"properties": {
		"description": "This Pipeline will make an API call to start all CDE Processes in its environment. When you Run this pipeline, it will ask you to enter / modify the parameter 'RunThisPipelineYN'. By default, it is set to no as a precaution to make sure this isn't ran accidentally. Set the value to 'Yes' to run.",
		"activities": [
			{
				"name": "Check if not Prod Environment",
				"type": "IfCondition",
				"dependsOn": [],
				"userProperties": [],
				"typeProperties": {
					"expression": {
						"value": "@or(\nnot(equals('prod-cde-elt-datafactory',pipeline().DataFactory)),\nequals(toLower(string(pipeline().parameters.RunThisPipelineYN)),'yes')\n)",
						"type": "Expression"
					},
					"ifTrueActivities": [
						{
							"name": "Shutdown Datafactory Environment",
							"type": "ExecutePipeline",
							"dependsOn": [],
							"userProperties": [],
							"typeProperties": {
								"pipeline": {
									"referenceName": "Shutdown Datafactory Environment",
									"type": "PipelineReference"
								},
								"waitOnCompletion": true,
								"parameters": {
									"RunThisPipelineYN": "Yes"
								}
							}
						},
						{
							"name": "Shutdown Databricks Environment",
							"type": "ExecutePipeline",
							"dependsOn": [],
							"userProperties": [],
							"typeProperties": {
								"pipeline": {
									"referenceName": "Shutdown Databricks Environment",
									"type": "PipelineReference"
								},
								"waitOnCompletion": true,
								"parameters": {
									"RunThisPipelineYN": "Yes"
								}
							}
						},
						{
							"name": "Shutdown Synapse Environment",
							"type": "ExecutePipeline",
							"dependsOn": [],
							"userProperties": [],
							"typeProperties": {
								"pipeline": {
									"referenceName": "Shutdown Synapse Environment",
									"type": "PipelineReference"
								},
								"waitOnCompletion": true,
								"parameters": {
									"RunThisPipelineYN": "Yes"
								}
							}
						}
					]
				}
			}
		],
		"concurrency": 1,
		"policy": {
			"elapsedTimeMetric": {
				"duration": "0.00:10:00"
			}
		},
		"parameters": {
			"RunThisPipelineYN": {
				"type": "string",
				"defaultValue": "No"
			}
		},
		"folder": {
			"name": "Maintenance/Shutdown Environment"
		},
		"annotations": [],
		"lastPublishTime": "2022-02-17T23:21:46Z"
	},
	"type": "Microsoft.DataFactory/factories/pipelines"
}