{
	"name": "Begin Metric Workflow",
	"properties": {
		"activities": [
			{
				"name": "Process Metric Data Warehouse",
				"type": "ExecutePipeline",
				"dependsOn": [
					{
						"activity": "Audit - Get Extraction Time Range",
						"dependencyConditions": [
							"Succeeded"
						]
					}
				],
				"userProperties": [],
				"typeProperties": {
					"pipeline": {
						"referenceName": "Process Metric Data Warehouse",
						"type": "PipelineReference"
					},
					"waitOnCompletion": true,
					"parameters": {
						"StartDateTime": {
							"value": "@substring(activity('Audit - Get Extraction Time Range').output.firstRow.ExtractionStartDatetime, 0, 19)",
							"type": "Expression"
						},
						"EndDateTime": {
							"value": "@substring(activity('Audit - Get Extraction Time Range').output.firstRow.ExtractionStopDatetime, 0, 19)",
							"type": "Expression"
						},
						"ParentExecutionKey": {
							"value": "@activity('Audit - Start Workflow').output.firstRow.ProcessExecutionKey",
							"type": "Expression"
						},
						"ParentExtractionTimeKey": {
							"value": "@activity('Audit - Get Extraction Time Range').output.firstRow.ExtractionTimeKey",
							"type": "Expression"
						}
					}
				}
			},
			{
				"name": "Audit - End Workflow - Success",
				"type": "SqlServerStoredProcedure",
				"dependsOn": [
					{
						"activity": "Process Metric Data Warehouse",
						"dependencyConditions": [
							"Succeeded"
						]
					}
				],
				"policy": {
					"timeout": "0.00:01:00",
					"retry": 3,
					"retryIntervalInSeconds": 30,
					"secureOutput": false,
					"secureInput": false
				},
				"userProperties": [],
				"typeProperties": {
					"storedProcedureName": "[etlaudit].[usp_UpdateAuditProcessExecution]",
					"storedProcedureParameters": {
						"ProcessExecutionKey": {
							"value": {
								"value": "@activity('Audit - Start Workflow').output.firstRow.ProcessExecutionKey",
								"type": "Expression"
							},
							"type": "Int32"
						},
						"SuccessfulProcessingIndicator": {
							"value": "Y",
							"type": "String"
						}
					}
				},
				"linkedServiceName": {
					"referenceName": "LS_SqlServer",
					"type": "LinkedServiceReference"
				}
			},
			{
				"name": "Audit - Get Extraction Time Range",
				"type": "Lookup",
				"dependsOn": [
					{
						"activity": "Audit - Start Workflow",
						"dependencyConditions": [
							"Succeeded"
						]
					}
				],
				"policy": {
					"timeout": "0.00:01:00",
					"retry": 3,
					"retryIntervalInSeconds": 30,
					"secureOutput": false,
					"secureInput": false
				},
				"userProperties": [],
				"typeProperties": {
					"source": {
						"type": "SqlServerSource",
						"sqlReaderQuery": {
							"value": "@concat(\n'\nDECLARE @ExtractionTimeKey int\nDECLARE @ExtractionStartDatetime DateTime2\nDECLARE @ExtractionStopDatetime DateTime2\n\nEXEC [etlaudit].[usp_InsertAuditExtractionTime]\n  @SourceSystem = ''Begin Metric Workflow''\n, @ProcessExecutionKey = ''', activity('Audit - Start Workflow').output.firstRow.ProcessExecutionKey, '''\n, @ExtractionStartDatetime = @ExtractionStartDatetime OUTPUT\n, @ExtractionStopDatetime = @ExtractionStopDatetime OUTPUT\n, @ExtractionTimeKey = @ExtractionTimeKey OUTPUT;\n\nSELECT @ExtractionTimeKey AS ExtractionTimeKey\n , @ExtractionStartDatetime  AS ExtractionStartDatetime\n , @ExtractionStopDatetime AS ExtractionStopDatetime\n'\n)\n",
							"type": "Expression"
						},
						"queryTimeout": "02:00:00",
						"partitionOption": "None"
					},
					"dataset": {
						"referenceName": "Database_SQLServer",
						"type": "DatasetReference"
					},
					"firstRowOnly": true
				}
			},
			{
				"name": "Audit - End Workflow - Failure",
				"type": "SqlServerStoredProcedure",
				"dependsOn": [
					{
						"activity": "Process Metric Data Warehouse",
						"dependencyConditions": [
							"Failed"
						]
					}
				],
				"policy": {
					"timeout": "0.00:01:00",
					"retry": 3,
					"retryIntervalInSeconds": 30,
					"secureOutput": false,
					"secureInput": false
				},
				"userProperties": [],
				"typeProperties": {
					"storedProcedureName": "[etlaudit].[usp_UpdateAuditProcessExecution]",
					"storedProcedureParameters": {
						"ProcessExecutionKey": {
							"value": {
								"value": "@activity('Audit - Start Workflow').output.firstRow.ProcessExecutionKey",
								"type": "Expression"
							},
							"type": "Int32"
						},
						"SuccessfulProcessingIndicator": {
							"value": "N",
							"type": "String"
						}
					}
				},
				"linkedServiceName": {
					"referenceName": "LS_SqlServer",
					"type": "LinkedServiceReference"
				}
			},
			{
				"name": "Audit - Start Workflow",
				"type": "Lookup",
				"dependsOn": [],
				"policy": {
					"timeout": "0.00:01:00",
					"retry": 3,
					"retryIntervalInSeconds": 30,
					"secureOutput": false,
					"secureInput": false
				},
				"userProperties": [],
				"typeProperties": {
					"source": {
						"type": "SqlServerSource",
						"sqlReaderQuery": {
							"value": "@concat(\n'\nDECLARE @ProcessExecutionKey int\n\nEXEC [etlaudit].[usp_InsertAuditProcessExecution]\n  @ProcessName = ''', pipeline().Pipeline ,'''\n, @ProcessExecutionKey = @ProcessExecutionKey OUTPUT;\n\nSELECT @ProcessExecutionKey AS ProcessExecutionKey\n'\n)\n",
							"type": "Expression"
						},
						"queryTimeout": "02:00:00",
						"partitionOption": "None"
					},
					"dataset": {
						"referenceName": "Database_SQLServer",
						"type": "DatasetReference"
					},
					"firstRowOnly": true
				}
			}
		],
		"concurrency": 1,
		"policy": {
			"elapsedTimeMetric": {
				"duration": "0.00:30:00"
			}
		},
		"folder": {
			"name": "Metric"
		},
		"annotations": [],
		"lastPublishTime": "2021-09-22T15:02:16Z"
	},
	"type": "Microsoft.DataFactory/factories/pipelines"
}