{
	"name": "Begin Sprint 28 Backfill Databricks Stage upSigninFct",
	"properties": {
		"activities": [
			{
				"name": "Backfill Databricks Stage upSigninFct Table",
				"type": "ExecutePipeline",
				"dependsOn": [
					{
						"activity": "Initialize vBEDT",
						"dependencyConditions": [
							"Succeeded"
						]
					},
					{
						"activity": "Initialize vBSDT",
						"dependencyConditions": [
							"Succeeded"
						]
					}
				],
				"userProperties": [],
				"typeProperties": {
					"pipeline": {
						"referenceName": "Load Signin upSignInFct From signInLogs PDJ",
						"type": "PipelineReference"
					},
					"waitOnCompletion": true,
					"parameters": {
						"StartDateTime": {
							"value": "@variables('varBackfillStartDateTime')",
							"type": "Expression"
						},
						"EndDateTime": {
							"value": "@pipeline().parameters.BackfillEndDateTime",
							"type": "Expression"
						}
					}
				}
			},
			{
				"name": "Initialize vBEDT",
				"type": "SetVariable",
				"dependsOn": [],
				"userProperties": [],
				"typeProperties": {
					"variableName": "varBackfillEndDateTime",
					"value": {
						"value": "@addDays(pipeline().parameters.BackfillStartDateTime,int(pipeline().parameters.BackfillWindowDays))",
						"type": "Expression"
					}
				}
			},
			{
				"name": "Initialize vBSDT",
				"type": "SetVariable",
				"dependsOn": [],
				"userProperties": [],
				"typeProperties": {
					"variableName": "varBackfillStartDateTime",
					"value": {
						"value": "@pipeline().parameters.BackfillStartDateTime",
						"type": "Expression"
					}
				}
			}
		],
		"parameters": {
			"BackfillStartDateTime": {
				"type": "string",
				"defaultValue": "2022-01-01T00:00:00"
			},
			"BackfillEndDateTime": {
				"type": "string",
				"defaultValue": "2022-06-30T23:59:59"
			},
			"BackfillWindowDays": {
				"type": "int",
				"defaultValue": 7
			}
		},
		"variables": {
			"varBackfillStartDateTime": {
				"type": "String"
			},
			"varBackfillEndDateTime": {
				"type": "String"
			},
			"varBackfillTempDateTime": {
				"type": "String"
			},
			"varIsBackfillComplete": {
				"type": "String",
				"defaultValue": "false"
			},
			"varIsLastIteration": {
				"type": "String",
				"defaultValue": "false"
			}
		},
		"folder": {
			"name": "Maintenance/Post Deployment Jobs/Sprint 28 - upSigninFct Backfill - Databricks"
		},
		"annotations": []
	}
}