{
	"name": "Begin Power Bi Refresh From LA",
	"properties": {
		"activities": [
			{
				"name": "Get Service Principal ID",
				"type": "WebActivity",
				"dependsOn": [],
				"policy": {
					"timeout": "0.00:00:15",
					"retry": 1,
					"retryIntervalInSeconds": 10,
					"secureOutput": false,
					"secureInput": false
				},
				"userProperties": [],
				"typeProperties": {
					"url": {
						"value": "@concat('https://',\npipeline().globalParameters.Keyvault_Name,\n'.vault.usgovcloudapi.net/secrets/powerbi-service-principal-id/?api-version=7.1')",
						"type": "Expression"
					},
					"connectVia": {
						"referenceName": "AutoResolveIntegrationRuntime",
						"type": "IntegrationRuntimeReference"
					},
					"method": "GET",
					"authentication": {
						"type": "MSI",
						"resource": "https://vault.usgovcloudapi.net"
					}
				}
			},
			{
				"name": "Get Service Principal Key",
				"type": "WebActivity",
				"dependsOn": [],
				"policy": {
					"timeout": "0.00:00:15",
					"retry": 1,
					"retryIntervalInSeconds": 10,
					"secureOutput": false,
					"secureInput": false
				},
				"userProperties": [],
				"typeProperties": {
					"url": {
						"value": "@concat('https://',\npipeline().globalParameters.Keyvault_Name,\n'.vault.usgovcloudapi.net/secrets/powerbi-service-principal-key/?api-version=7.1')",
						"type": "Expression"
					},
					"connectVia": {
						"referenceName": "AutoResolveIntegrationRuntime",
						"type": "IntegrationRuntimeReference"
					},
					"method": "GET",
					"authentication": {
						"type": "MSI",
						"resource": "https://vault.usgovcloudapi.net"
					}
				}
			},
			{
				"name": "Get TenantId",
				"type": "WebActivity",
				"dependsOn": [],
				"policy": {
					"timeout": "0.00:00:15",
					"retry": 1,
					"retryIntervalInSeconds": 10,
					"secureOutput": false,
					"secureInput": false
				},
				"userProperties": [],
				"typeProperties": {
					"url": {
						"value": "@concat('https://',\npipeline().globalParameters.Keyvault_Name,\n'.vault.usgovcloudapi.net/secrets/tenant-id/?api-version=7.1')",
						"type": "Expression"
					},
					"connectVia": {
						"referenceName": "AutoResolveIntegrationRuntime",
						"type": "IntegrationRuntimeReference"
					},
					"method": "GET",
					"authentication": {
						"type": "MSI",
						"resource": "https://vault.usgovcloudapi.net"
					}
				}
			},
			{
				"name": "Get Bearer Token",
				"type": "WebActivity",
				"dependsOn": [
					{
						"activity": "Get TenantId",
						"dependencyConditions": [
							"Succeeded"
						]
					},
					{
						"activity": "Get Service Principal Key",
						"dependencyConditions": [
							"Succeeded"
						]
					},
					{
						"activity": "Get Service Principal ID",
						"dependencyConditions": [
							"Succeeded"
						]
					},
					{
						"activity": "Get Power Bi Group ID",
						"dependencyConditions": [
							"Succeeded"
						]
					},
					{
						"activity": "Get Power Bi Dataset ID",
						"dependencyConditions": [
							"Succeeded"
						]
					}
				],
				"policy": {
					"timeout": "0.00:00:15",
					"retry": 1,
					"retryIntervalInSeconds": 10,
					"secureOutput": false,
					"secureInput": false
				},
				"userProperties": [
					{
						"name": "ClientId",
						"value": "f32ae638-147a-4457-b2b3-9f07c74ec05f"
					},
					{
						"name": "ClientSecret",
						"value": "_rLBUs02_0mXKDFb_3~w.B5X8f_9b2Jbra"
					},
					{
						"name": "Scope",
						"value": "https://api.loganalytics.us/.default"
					}
				],
				"typeProperties": {
					"url": {
						"value": "@concat('https://login.microsoftonline.us/',\nactivity('Get TenantId').output.value,\n'/oauth2/token')",
						"type": "Expression"
					},
					"connectVia": {
						"referenceName": "AutoResolveIntegrationRuntime",
						"type": "IntegrationRuntimeReference"
					},
					"method": "POST",
					"headers": {
						"Content-Type": "application/x-www-form-urlencoded"
					},
					"body": {
						"value": "@concat('client_id='\n,activity('Get Service Principal ID').output.value\n,'&client_secret='\n,activity('Get Service Principal Key').output.value\n,'&grant_type=client_credentials&resource=https://mil.analysis.usgovcloudapi.net/powerbi/api')",
						"type": "Expression"
					}
				}
			},
			{
				"name": "Get Power Bi Group ID",
				"type": "WebActivity",
				"dependsOn": [],
				"policy": {
					"timeout": "0.00:00:15",
					"retry": 1,
					"retryIntervalInSeconds": 10,
					"secureOutput": false,
					"secureInput": false
				},
				"userProperties": [],
				"typeProperties": {
					"url": {
						"value": "@concat('https://',\npipeline().globalParameters.Keyvault_Name,\n'.vault.usgovcloudapi.net/secrets/security-powerbi-group-id/?api-version=7.1')",
						"type": "Expression"
					},
					"connectVia": {
						"referenceName": "AutoResolveIntegrationRuntime",
						"type": "IntegrationRuntimeReference"
					},
					"method": "GET",
					"authentication": {
						"type": "MSI",
						"resource": "https://vault.usgovcloudapi.net"
					}
				}
			},
			{
				"name": "Get Power Bi Dataset ID",
				"type": "WebActivity",
				"dependsOn": [],
				"policy": {
					"timeout": "0.00:00:15",
					"retry": 1,
					"retryIntervalInSeconds": 10,
					"secureOutput": false,
					"secureInput": false
				},
				"userProperties": [],
				"typeProperties": {
					"url": {
						"value": "@concat('https://',\npipeline().globalParameters.Keyvault_Name,\n'.vault.usgovcloudapi.net/secrets/security-powerbi-dataset-id/?api-version=7.1')",
						"type": "Expression"
					},
					"connectVia": {
						"referenceName": "AutoResolveIntegrationRuntime",
						"type": "IntegrationRuntimeReference"
					},
					"method": "GET",
					"authentication": {
						"type": "MSI",
						"resource": "https://vault.usgovcloudapi.net"
					}
				}
			},
			{
				"name": "Get Most Recent Dataset Status",
				"type": "WebActivity",
				"dependsOn": [
					{
						"activity": "Get Bearer Token",
						"dependencyConditions": [
							"Succeeded"
						]
					}
				],
				"policy": {
					"timeout": "0.00:00:15",
					"retry": 1,
					"retryIntervalInSeconds": 10,
					"secureOutput": false,
					"secureInput": false
				},
				"userProperties": [],
				"typeProperties": {
					"url": {
						"value": "@concat('https://api.mil.powerbigov.us/v1.0/myorg/groups/'\n,activity('Get Power Bi Group ID').output.value\n,'/datasets/'\n,activity('Get Power Bi Dataset ID').output.value\n,'/refreshes?$top=1')",
						"type": "Expression"
					},
					"connectVia": {
						"referenceName": "AutoResolveIntegrationRuntime",
						"type": "IntegrationRuntimeReference"
					},
					"method": "GET",
					"headers": {
						"Authorization": {
							"value": "@concat(string(activity('Get Bearer Token').output.token_type),' ',string(activity('Get Bearer Token').output.access_token))",
							"type": "Expression"
						}
					},
					"body": {
						"None": "NONE"
					}
				}
			},
			{
				"name": "If Refresh In Progress",
				"type": "IfCondition",
				"dependsOn": [
					{
						"activity": "Get Most Recent Dataset Status",
						"dependencyConditions": [
							"Succeeded"
						]
					}
				],
				"userProperties": [],
				"typeProperties": {
					"expression": {
						"value": "@startswith(activity('Get Most Recent Dataset Status').output.value[0].status,'Unknown')\n",
						"type": "Expression"
					},
					"ifFalseActivities": [
						{
							"name": "Call Dataset Refresh",
							"type": "WebActivity",
							"dependsOn": [],
							"policy": {
								"timeout": "0.00:00:20",
								"retry": 1,
								"retryIntervalInSeconds": 10,
								"secureOutput": false,
								"secureInput": false
							},
							"userProperties": [],
							"typeProperties": {
								"url": {
									"value": "@concat('https://api.mil.powerbigov.us/v1.0/myorg/groups/'\n,activity('Get Power Bi Group ID').output.value\n,'/datasets/'\n,activity('Get Power Bi Dataset ID').output.value\n,'/refreshes')",
									"type": "Expression"
								},
								"connectVia": {
									"referenceName": "AutoResolveIntegrationRuntime",
									"type": "IntegrationRuntimeReference"
								},
								"method": "POST",
								"headers": {
									"Authorization": {
										"value": "@concat(string(activity('Get Bearer Token').output.token_type),' ',string(activity('Get Bearer Token').output.access_token))",
										"type": "Expression"
									}
								},
								"body": {
									"None": "NONE"
								}
							}
						}
					]
				}
			}
		],
		"concurrency": 1,
		"policy": {
			"elapsedTimeMetric": {
				"duration": "0.00:10:00"
			}
		},
		"variables": {
			"varTempErrorCount": {
				"type": "String",
				"defaultValue": "0"
			},
			"varErrorCount": {
				"type": "String",
				"defaultValue": "0"
			}
		},
		"folder": {
			"name": "Security"
		},
		"annotations": []
	}
}