{
	"name": "Begin Survey Workflow",
	"properties": {
		"activities": [
			{
				"name": "Pull fromType",
				"type": "Lookup",
				"dependsOn": [],
				"policy": {
					"timeout": "0.00:01:00",
					"retry": 3,
					"retryIntervalInSeconds": 30,
					"secureOutput": false,
					"secureInput": false
				},
				"userProperties": [],
				"typeProperties": {
					"source": {
						"type": "SqlDWSource",
						"sqlReaderQuery": {
							"value": "@concat(\n'SELECT fromType FROM etl.fromSourceTypeLup WHERE fromSource = ''',\nvariables('varSourceName'),\n''''\n)",
							"type": "Expression"
						},
						"queryTimeout": "02:00:00",
						"partitionOption": "None"
					},
					"dataset": {
						"referenceName": "Database_Synapse",
						"type": "DatasetReference",
						"parameters": {
							"schema": " ",
							"table": " "
						}
					},
					"firstRowOnly": true
				}
			},
			{
				"name": "Check File Type",
				"type": "IfCondition",
				"dependsOn": [
					{
						"activity": "Pull fromType",
						"dependencyConditions": [
							"Succeeded"
						]
					}
				],
				"userProperties": [],
				"typeProperties": {
					"expression": {
						"value": "@contains(pipeline().parameters.fileName,'User')",
						"type": "Expression"
					},
					"ifFalseActivities": [
						{
							"name": "Copy ITaaS Devices Surveys data to Synapse stage",
							"type": "Copy",
							"dependsOn": [],
							"policy": {
								"timeout": "0.00:10:00",
								"retry": 3,
								"retryIntervalInSeconds": 30,
								"secureOutput": false,
								"secureInput": false
							},
							"userProperties": [],
							"typeProperties": {
								"source": {
									"type": "ExcelSource",
									"additionalColumns": [
										{
											"name": "whoCreated",
											"value": "ADF"
										},
										{
											"name": "whenCreated",
											"value": {
												"value": "@utcnow()",
												"type": "Expression"
											}
										},
										{
											"name": "fromSource",
											"value": {
												"value": "@variables('varSourceName')",
												"type": "Expression"
											}
										},
										{
											"name": "fromType",
											"value": {
												"value": "@activity('Pull fromType').output.firstRow.fromType",
												"type": "Expression"
											}
										},
										{
											"name": "timeGenerated",
											"value": {
												"value": "@utcnow()",
												"type": "Expression"
											}
										},
										{
											"name": "fileName",
											"value": "$$FILEPATH"
										}
									],
									"storeSettings": {
										"type": "AzureBlobStorageReadSettings",
										"recursive": true,
										"enablePartitionDiscovery": false
									}
								},
								"sink": {
									"type": "SqlDWSink",
									"preCopyScript": {
										"value": "@{concat('IF OBJECT_ID(''stage.',variables('varITaaSDevicesSurveysTableName'),''') IS NOT NULL DROP TABLE stage.',variables('varITaaSDevicesSurveysTableName'))}",
										"type": "Expression"
									},
									"writeBehavior": "Insert",
									"tableOption": "autoCreate",
									"disableMetricsCollection": false
								},
								"enableStaging": false,
								"translator": {
									"type": "TabularTranslator",
									"typeConversion": true,
									"typeConversionSettings": {
										"allowDataTruncation": true,
										"treatBooleanAsNumber": true
									}
								}
							},
							"inputs": [
								{
									"referenceName": "Blob_Excel_File",
									"type": "DatasetReference",
									"parameters": {
										"folderPath": {
											"value": "@pipeline().parameters.folderPath",
											"type": "Expression"
										},
										"container": " ",
										"fileName": {
											"value": "@pipeline().parameters.fileName",
											"type": "Expression"
										},
										"worksheetName": "Sheet1"
									}
								}
							],
							"outputs": [
								{
									"referenceName": "Database_Synapse",
									"type": "DatasetReference",
									"parameters": {
										"schema": "stage",
										"table": {
											"value": "@variables('varITaaSDevicesSurveysTableName')",
											"type": "Expression"
										}
									}
								}
							]
						},
						{
							"name": "Move from stage to ITaaS Devices Surveys table",
							"type": "SqlServerStoredProcedure",
							"dependsOn": [
								{
									"activity": "Copy ITaaS Devices Surveys data to Synapse stage",
									"dependencyConditions": [
										"Succeeded"
									]
								}
							],
							"policy": {
								"timeout": "0.00:20:00",
								"retry": 3,
								"retryIntervalInSeconds": 30,
								"secureOutput": false,
								"secureInput": false
							},
							"userProperties": [],
							"typeProperties": {
								"storedProcedureName": {
									"value": "survey.usp_loadITaaSDevicesSurveys",
									"type": "Expression"
								}
							},
							"linkedServiceName": {
								"referenceName": "LS_DataWarehouse",
								"type": "LinkedServiceReference"
							}
						}
					],
					"ifTrueActivities": [
						{
							"name": "Copy Survey data to Synapse stage",
							"type": "Copy",
							"dependsOn": [],
							"policy": {
								"timeout": "0.00:10:00",
								"retry": 3,
								"retryIntervalInSeconds": 30,
								"secureOutput": false,
								"secureInput": false
							},
							"userProperties": [],
							"typeProperties": {
								"source": {
									"type": "ExcelSource",
									"additionalColumns": [
										{
											"name": "whoCreated",
											"value": "ADF"
										},
										{
											"name": "whenCreated",
											"value": {
												"value": "@utcnow()",
												"type": "Expression"
											}
										},
										{
											"name": "fromSource",
											"value": {
												"value": "@variables('varSourceName')",
												"type": "Expression"
											}
										},
										{
											"name": "fromType",
											"value": {
												"value": "@activity('Pull fromType').output.firstRow.fromType",
												"type": "Expression"
											}
										},
										{
											"name": "timeGenerated",
											"value": {
												"value": "@utcnow()",
												"type": "Expression"
											}
										},
										{
											"name": "fileName",
											"value": "$$FILEPATH"
										}
									],
									"storeSettings": {
										"type": "AzureBlobStorageReadSettings",
										"recursive": true,
										"enablePartitionDiscovery": false
									}
								},
								"sink": {
									"type": "SqlDWSink",
									"preCopyScript": {
										"value": "@{concat('IF OBJECT_ID(''stage.',variables('varSurveyTableName'),''') IS NOT NULL DROP TABLE stage.',variables('varSurveyTableName'))}",
										"type": "Expression"
									},
									"writeBehavior": "Insert",
									"tableOption": "autoCreate",
									"disableMetricsCollection": false
								},
								"enableStaging": false,
								"translator": {
									"type": "TabularTranslator",
									"typeConversion": true,
									"typeConversionSettings": {
										"allowDataTruncation": true,
										"treatBooleanAsNumber": true
									}
								}
							},
							"inputs": [
								{
									"referenceName": "Blob_Excel_Survey_File",
									"type": "DatasetReference",
									"parameters": {
										"folderPath": {
											"value": "@pipeline().parameters.folderPath",
											"type": "Expression"
										},
										"container": " ",
										"fileName": {
											"value": "@pipeline().parameters.fileName",
											"type": "Expression"
										},
										"worksheetName": "Sheet1"
									}
								}
							],
							"outputs": [
								{
									"referenceName": "Database_Synapse",
									"type": "DatasetReference",
									"parameters": {
										"schema": "stage",
										"table": {
											"value": "@variables('varSurveyTableName')",
											"type": "Expression"
										}
									}
								}
							]
						},
						{
							"name": "Move from stage to survey table",
							"type": "SqlServerStoredProcedure",
							"dependsOn": [
								{
									"activity": "Copy Survey data to Synapse stage",
									"dependencyConditions": [
										"Succeeded"
									]
								}
							],
							"policy": {
								"timeout": "0.00:20:00",
								"retry": 3,
								"retryIntervalInSeconds": 30,
								"secureOutput": false,
								"secureInput": false
							},
							"userProperties": [],
							"typeProperties": {
								"storedProcedureName": {
									"value": "survey.usp_loadSurvey",
									"type": "Expression"
								}
							},
							"linkedServiceName": {
								"referenceName": "LS_DataWarehouse",
								"type": "LinkedServiceReference"
							}
						}
					]
				}
			},
			{
				"name": "If Prod Environment",
				"type": "IfCondition",
				"dependsOn": [
					{
						"activity": "Check File Type",
						"dependencyConditions": [
							"Succeeded"
						]
					}
				],
				"userProperties": [],
				"typeProperties": {
					"expression": {
						"value": "@equals('prod-cde-elt-datafactory',pipeline().DataFactory)",
						"type": "Expression"
					},
					"ifTrueActivities": [
						{
							"name": "Refresh Power Bi",
							"type": "ExecutePipeline",
							"dependsOn": [],
							"userProperties": [],
							"typeProperties": {
								"pipeline": {
									"referenceName": "Refresh Power BI",
									"type": "PipelineReference"
								},
								"waitOnCompletion": true,
								"parameters": {
									"DataflowNamePrefix": "Service Now Flow",
									"DatasetNamePrefix": "End User Activation & Experience"
								}
							}
						}
					]
				}
			}
		],
		"concurrency": 1,
		"policy": {
			"elapsedTimeMetric": {
				"duration": "0.00:30:00"
			}
		},
		"parameters": {
			"fileName": {
				"type": "string"
			},
			"folderPath": {
				"type": "string"
			}
		},
		"variables": {
			"varSourceName": {
				"type": "String",
				"defaultValue": "surveyFeedback"
			},
			"varSurveyTableName": {
				"type": "String",
				"defaultValue": "endUserSurvey"
			},
			"ColumnName": {
				"type": "Array"
			},
			"varITaaSDevicesSurveysTableName": {
				"type": "String",
				"defaultValue": "ITaaS_Devices_Surveys"
			}
		},
		"folder": {
			"name": "Survey"
		},
		"annotations": [],
		"lastPublishTime": "2023-08-23T20:43:11Z"
	},
	"type": "Microsoft.DataFactory/factories/pipelines"
}