{
	"name": "Begin Purge of Databricks Tables",
	"properties": {
		"activities": [
			{
				"name": "Execute Purge Databricks Tables Notebook",
				"type": "DatabricksNotebook",
				"dependsOn": [],
				"policy": {
					"timeout": "0.06:00:00",
					"retry": 0,
					"retryIntervalInSeconds": 30,
					"secureOutput": false,
					"secureInput": false
				},
				"userProperties": [],
				"typeProperties": {
					"notebookPath": "/Maintenance/Purge_DeltaLakeTables",
					"baseParameters": {
						"DaysToRetain": {
							"value": "@pipeline().parameters.DaysToRetain",
							"type": "Expression"
						}
					}
				},
				"linkedServiceName": {
					"referenceName": "LS_Databricks",
					"type": "LinkedServiceReference"
				}
			}
		],
		"concurrency": 1,
		"policy": {
			"elapsedTimeMetric": {
				"duration": "0.00:30:00"
			}
		},
		"parameters": {
			"DaysToRetain": {
				"type": "string",
				"defaultValue": "2"
			}
		},
		"folder": {
			"name": "Maintenance"
		},
		"annotations": []
	}
}