{
	"name": "CDE ADF Workflow Processing Summary",
	"properties": {
		"activities": [
			{
				"name": "EmailBody",
				"type": "SetVariable",
				"dependsOn": [
					{
						"activity": "List of ADF Workflow from Audit Table",
						"dependencyConditions": [
							"Succeeded"
						]
					}
				],
				"userProperties": [],
				"typeProperties": {
					"variableName": "varEmailBody",
					"value": {
						"value": "@coalesce(activity('List of ADF Workflow from Audit Table').output.firstRow.output_result,'There are no Stale ADF workflows.')",
						"type": "Expression"
					}
				}
			},
			{
				"name": "EmailRecipient",
				"type": "SetVariable",
				"dependsOn": [],
				"userProperties": [],
				"typeProperties": {
					"variableName": "varEmailRecipient",
					"value": {
						"value": "darpan.desai@microsoft.com",
						"type": "Expression"
					}
				}
			},
			{
				"name": "EmailSubject",
				"type": "SetVariable",
				"dependsOn": [],
				"userProperties": [],
				"typeProperties": {
					"variableName": "varEmailSubject",
					"value": {
						"value": "CDE ADF Pipelines that are not running more than 24 Hrs",
						"type": "Expression"
					}
				}
			},
			{
				"name": "List of ADF Workflow from Audit Table",
				"type": "Lookup",
				"dependsOn": [],
				"policy": {
					"timeout": "0.00:01:00",
					"retry": 3,
					"retryIntervalInSeconds": 30,
					"secureOutput": false,
					"secureInput": false
				},
				"userProperties": [],
				"typeProperties": {
					"source": {
						"type": "AzureSqlSource",
						"sqlReaderQuery": "with myCTE\nAS\n(\nSELECT ROW_NUMBER() OVER(PARTITION BY [SourceSystem] ORDER BY [LastUpdated] DESC) as RowNumber,[SourceSystem],LastUpdated,GetDate() as CurrentDatetime,\n  DATEDIFF(hour,LastUpdated,GetDate()) as Diff_In_Hrs, FORMAT(GETDATE(),'dddd') as [DayName]\n  FROM [etlaudit].[AuditExtractionTime])\n  select cast(( select concat('Pipeline Name : ' , SourceSystem, ' | LastUpdated : ', LastUpdated) as li\n  from (Select * from myCTE\n  where RowNumber = 1\n    and Diff_In_Hrs >= 24\n\tand LastUpdated >= GetDate() - 7\n\tand [SourceSystem] NOT LIKE '%Begin A365%'\n  UNION\n  Select * from myCTE\n  where RowNumber = 1\n    and Diff_In_Hrs >= 24\n\tand LastUpdated >= GetDate() - 7\n\tand [SourceSystem] LIKE '%Begin A365%'\n\tand [DayName] NOT IN ('Saturday','Sunday')\n\t) as x\nFOR XML RAW(''),ROOT('ol'),ELEMENTS, TYPE) as nvarchar(max)) as output_result",
						"queryTimeout": "02:00:00",
						"partitionOption": "None"
					},
					"dataset": {
						"referenceName": "Database_SQLServer",
						"type": "DatasetReference"
					},
					"firstRowOnly": true
				}
			},
			{
				"name": "Email Notification",
				"type": "WebActivity",
				"dependsOn": [
					{
						"activity": "EmailBody",
						"dependencyConditions": [
							"Succeeded"
						]
					},
					{
						"activity": "EmailRecipient",
						"dependencyConditions": [
							"Succeeded"
						]
					},
					{
						"activity": "EmailSubject",
						"dependencyConditions": [
							"Succeeded"
						]
					}
				],
				"policy": {
					"timeout": "0.00:01:00",
					"retry": 3,
					"retryIntervalInSeconds": 30,
					"secureOutput": false,
					"secureInput": false
				},
				"userProperties": [],
				"typeProperties": {
					"url": "https://prod-21.usgovvirginia.logic.azure.us:443/workflows/036771b3fae04ded882355644951c5aa/triggers/manual/paths/invoke?api-version=2016-10-01&sp=%2Ftriggers%2Fmanual%2Frun&sv=1.0&sig=tloON1R3TkW2AvGosKat0WGKWVTkiC7rGU8flAhDzxg",
					"connectVia": {
						"referenceName": "AutoResolveIntegrationRuntime",
						"type": "IntegrationRuntimeReference"
					},
					"method": "POST",
					"body": {
						"value": "{\n\"EmailBody\":\"@{variables('varEmailBody')}\",\n\"EmailRecipient\":\"@{variables('varEmailRecipient')}\",\n\"EmailSubject\":\"@{variables('varEmailSubject')}\"\n}",
						"type": "Expression"
					}
				}
			}
		],
		"variables": {
			"varEmailBody": {
				"type": "String"
			},
			"varEmailRecipient": {
				"type": "String"
			},
			"varEmailSubject": {
				"type": "String"
			}
		},
		"folder": {
			"name": "STIG"
		},
		"annotations": []
	}
}