{
	"name": "Check DS Refresh Status",
	"properties": {
		"activities": [
			{
				"name": "Get Bearer Token",
				"type": "WebActivity",
				"dependsOn": [
					{
						"activity": "Get TenantId",
						"dependencyConditions": [
							"Succeeded"
						]
					},
					{
						"activity": "Get Service Principal Key",
						"dependencyConditions": [
							"Succeeded"
						]
					},
					{
						"activity": "Get Service Principal ID",
						"dependencyConditions": [
							"Succeeded"
						]
					}
				],
				"policy": {
					"timeout": "0.00:01:00",
					"retry": 3,
					"retryIntervalInSeconds": 30,
					"secureOutput": false,
					"secureInput": false
				},
				"userProperties": [
					{
						"name": "ClientId",
						"value": "f32ae638-147a-4457-b2b3-9f07c74ec05f"
					},
					{
						"name": "ClientSecret",
						"value": "_rLBUs02_0mXKDFb_3~w.B5X8f_9b2Jbra"
					},
					{
						"name": "Scope",
						"value": "https://api.loganalytics.us/.default"
					}
				],
				"typeProperties": {
					"url": {
						"value": "@concat('https://login.microsoftonline.us/',\nactivity('Get TenantId').output.value,\n'/oauth2/token')",
						"type": "Expression"
					},
					"connectVia": {
						"referenceName": "AutoResolveIntegrationRuntime",
						"type": "IntegrationRuntimeReference"
					},
					"method": "POST",
					"headers": {
						"Content-Type": "application/x-www-form-urlencoded"
					},
					"body": {
						"value": "@concat('client_id='\n,activity('Get Service Principal ID').output.value\n,'&client_secret='\n,activity('Get Service Principal Key').output.value\n,'&grant_type=client_credentials&resource=https://mil.analysis.usgovcloudapi.net/powerbi/api')",
						"type": "Expression"
					}
				}
			},
			{
				"name": "Get Service Principal ID",
				"type": "WebActivity",
				"dependsOn": [],
				"policy": {
					"timeout": "0.00:01:00",
					"retry": 3,
					"retryIntervalInSeconds": 30,
					"secureOutput": false,
					"secureInput": false
				},
				"userProperties": [],
				"typeProperties": {
					"url": {
						"value": "@concat('https://',\npipeline().globalParameters.Keyvault_Name,\n'.vault.usgovcloudapi.net/secrets/powerbi-service-principal-id/?api-version=7.1')",
						"type": "Expression"
					},
					"connectVia": {
						"referenceName": "AutoResolveIntegrationRuntime",
						"type": "IntegrationRuntimeReference"
					},
					"method": "GET",
					"authentication": {
						"type": "MSI",
						"resource": "https://vault.usgovcloudapi.net"
					}
				}
			},
			{
				"name": "Get Service Principal Key",
				"type": "WebActivity",
				"dependsOn": [],
				"policy": {
					"timeout": "0.00:01:00",
					"retry": 3,
					"retryIntervalInSeconds": 30,
					"secureOutput": false,
					"secureInput": false
				},
				"userProperties": [],
				"typeProperties": {
					"url": {
						"value": "@concat('https://',\npipeline().globalParameters.Keyvault_Name,\n'.vault.usgovcloudapi.net/secrets/powerbi-service-principal-key/?api-version=7.1')",
						"type": "Expression"
					},
					"connectVia": {
						"referenceName": "AutoResolveIntegrationRuntime",
						"type": "IntegrationRuntimeReference"
					},
					"method": "GET",
					"authentication": {
						"type": "MSI",
						"resource": "https://vault.usgovcloudapi.net"
					}
				}
			},
			{
				"name": "Get TenantId",
				"type": "WebActivity",
				"dependsOn": [],
				"policy": {
					"timeout": "0.00:01:00",
					"retry": 3,
					"retryIntervalInSeconds": 30,
					"secureOutput": false,
					"secureInput": false
				},
				"userProperties": [],
				"typeProperties": {
					"url": {
						"value": "@concat('https://',\npipeline().globalParameters.Keyvault_Name,\n'.vault.usgovcloudapi.net/secrets/tenant-id/?api-version=7.1')",
						"type": "Expression"
					},
					"connectVia": {
						"referenceName": "AutoResolveIntegrationRuntime",
						"type": "IntegrationRuntimeReference"
					},
					"method": "GET",
					"authentication": {
						"type": "MSI",
						"resource": "https://vault.usgovcloudapi.net"
					}
				}
			},
			{
				"name": "Until Refresh Status Complete",
				"type": "Until",
				"dependsOn": [
					{
						"activity": "Get Bearer Token",
						"dependencyConditions": [
							"Succeeded"
						]
					}
				],
				"userProperties": [],
				"typeProperties": {
					"expression": {
						"value": "@or(\nor(\nstartsWith(variables('varDSRefreshStatus'),'Success'),\nstartsWith(variables('varDSRefreshStatus'),'Completed')\n),\ngreaterOrEquals(int(variables('varCheckCount')),int(pipeline().parameters.MaxIterations))\n)",
						"type": "Expression"
					},
					"activities": [
						{
							"name": "Get Most Recent Dataset Status",
							"type": "WebActivity",
							"dependsOn": [
								{
									"activity": "Wait 1 Second",
									"dependencyConditions": [
										"Succeeded"
									]
								}
							],
							"policy": {
								"timeout": "0.00:01:00",
								"retry": 3,
								"retryIntervalInSeconds": 30,
								"secureOutput": false,
								"secureInput": false
							},
							"userProperties": [],
							"typeProperties": {
								"url": {
									"value": "@concat('https://api.mil.powerbigov.us/v1.0/myorg/groups/'\n,pipeline().parameters.WorkspaceId\n,'/datasets/'\n,pipeline().parameters.DatasetId\n,'/refreshes?$top=1')",
									"type": "Expression"
								},
								"connectVia": {
									"referenceName": "AutoResolveIntegrationRuntime",
									"type": "IntegrationRuntimeReference"
								},
								"method": "GET",
								"headers": {
									"Authorization": {
										"value": "@concat(string(activity('Get Bearer Token').output.token_type),' ',string(activity('Get Bearer Token').output.access_token))",
										"type": "Expression"
									}
								},
								"body": {
									"None": "NONE"
								}
							}
						},
						{
							"name": "Set varDSRefreshStatus",
							"type": "SetVariable",
							"dependsOn": [
								{
									"activity": "Get Most Recent Dataset Status",
									"dependencyConditions": [
										"Succeeded"
									]
								}
							],
							"userProperties": [],
							"typeProperties": {
								"variableName": "varDSRefreshStatus",
								"value": {
									"value": "@activity('Get Most Recent Dataset Status').output.value[0].status",
									"type": "Expression"
								}
							}
						},
						{
							"name": "Set varCheckCount",
							"type": "SetVariable",
							"dependsOn": [
								{
									"activity": "Set varTempCheckCount",
									"dependencyConditions": [
										"Succeeded"
									]
								}
							],
							"userProperties": [],
							"typeProperties": {
								"variableName": "varCheckCount",
								"value": {
									"value": "@string(add(1,int(variables('varTempCheckCount'))))",
									"type": "Expression"
								}
							}
						},
						{
							"name": "Set varTempCheckCount",
							"type": "SetVariable",
							"dependsOn": [
								{
									"activity": "Set varDSRefreshStatus",
									"dependencyConditions": [
										"Succeeded"
									]
								}
							],
							"userProperties": [],
							"typeProperties": {
								"variableName": "varTempCheckCount",
								"value": {
									"value": "@variables('varCheckCount')",
									"type": "Expression"
								}
							}
						},
						{
							"name": "Wait 1 Second",
							"type": "Wait",
							"dependsOn": [],
							"userProperties": [],
							"typeProperties": {
								"waitTimeInSeconds": 1
							}
						}
					],
					"timeout": "7.00:00:00"
				}
			}
		],
		"parameters": {
			"DatasetId": {
				"type": "string"
			},
			"WorkspaceId": {
				"type": "string"
			},
			"MaxIterations": {
				"type": "string",
				"defaultValue": "15"
			}
		},
		"variables": {
			"varDSRefreshStatus": {
				"type": "String",
				"defaultValue": "Unknown"
			},
			"varGroupId": {
				"type": "String"
			},
			"varCheckCount": {
				"type": "String",
				"defaultValue": "0"
			},
			"varTempCheckCount": {
				"type": "String",
				"defaultValue": "0"
			}
		},
		"folder": {
			"name": "Security/Power BI"
		},
		"annotations": [],
		"lastPublishTime": "2021-09-22T15:30:30Z"
	},
	"type": "Microsoft.DataFactory/factories/pipelines"
}