{
	"name": "Load ServiceNow DW Tables",
	"properties": {
		"activities": [
			{
				"name": "Load snCase from DW Stage",
				"type": "ExecutePipeline",
				"dependsOn": [
					{
						"activity": "Load snLocationLup from DW Stage",
						"dependencyConditions": [
							"Succeeded"
						]
					},
					{
						"activity": "Load snUserLup from DW Stage",
						"dependencyConditions": [
							"Succeeded"
						]
					},
					{
						"activity": "Load snCustomerContactLup from DW Stage",
						"dependencyConditions": [
							"Succeeded"
						]
					}
				],
				"policy": {
					"secureInput": false
				},
				"userProperties": [],
				"typeProperties": {
					"pipeline": {
						"referenceName": "Load ServiceNow snCase from DW Stage",
						"type": "PipelineReference"
					},
					"waitOnCompletion": true,
					"parameters": {
						"StartDateTime": {
							"value": "@pipeline().parameters.StartDateTime",
							"type": "Expression"
						},
						"EndDateTime": {
							"value": "@pipeline().parameters.EndDateTime",
							"type": "Expression"
						},
						"ParentExecutionKey": {
							"value": "@pipeline().parameters.ParentExecutionKey",
							"type": "Expression"
						},
						"ParentExtractionTimeKey": {
							"value": "@pipeline().parameters.ParentExtractionTimeKey",
							"type": "Expression"
						}
					}
				}
			},
			{
				"name": "Load snIncident from DW Stage",
				"type": "ExecutePipeline",
				"dependsOn": [
					{
						"activity": "Load snLocationLup from DW Stage",
						"dependencyConditions": [
							"Succeeded"
						]
					},
					{
						"activity": "Load snUserLup from DW Stage",
						"dependencyConditions": [
							"Succeeded"
						]
					},
					{
						"activity": "Load snCustomerContactLup from DW Stage",
						"dependencyConditions": [
							"Succeeded"
						]
					}
				],
				"policy": {
					"secureInput": false
				},
				"userProperties": [],
				"typeProperties": {
					"pipeline": {
						"referenceName": "Load ServiceNow snIncident from DW Stage",
						"type": "PipelineReference"
					},
					"waitOnCompletion": true,
					"parameters": {
						"StartDateTime": {
							"value": "@pipeline().parameters.StartDateTime",
							"type": "Expression"
						},
						"EndDateTime": {
							"value": "@pipeline().parameters.EndDateTime",
							"type": "Expression"
						},
						"ParentExecutionKey": {
							"value": "@pipeline().parameters.ParentExecutionKey",
							"type": "Expression"
						},
						"ParentExtractionTimeKey": {
							"value": "@pipeline().parameters.ParentExtractionTimeKey",
							"type": "Expression"
						}
					}
				}
			},
			{
				"name": "Load wmTask from DW Stage",
				"type": "ExecutePipeline",
				"dependsOn": [
					{
						"activity": "Load snLocationLup from DW Stage",
						"dependencyConditions": [
							"Succeeded"
						]
					},
					{
						"activity": "Load snUserLup from DW Stage",
						"dependencyConditions": [
							"Succeeded"
						]
					},
					{
						"activity": "Load snCustomerContactLup from DW Stage",
						"dependencyConditions": [
							"Succeeded"
						]
					}
				],
				"policy": {
					"secureInput": false
				},
				"userProperties": [],
				"typeProperties": {
					"pipeline": {
						"referenceName": "Load ServiceNow wmTask from DW Stage",
						"type": "PipelineReference"
					},
					"waitOnCompletion": true,
					"parameters": {
						"StartDateTime": {
							"value": "@pipeline().parameters.StartDateTime",
							"type": "Expression"
						},
						"EndDateTime": {
							"value": "@pipeline().parameters.EndDateTime",
							"type": "Expression"
						},
						"ParentExecutionKey": {
							"value": "@pipeline().parameters.ParentExecutionKey",
							"type": "Expression"
						},
						"ParentExtractionTimeKey": {
							"value": "@pipeline().parameters.ParentExtractionTimeKey",
							"type": "Expression"
						}
					}
				}
			},
			{
				"name": "Load snWorkOrder from DW Stage",
				"type": "ExecutePipeline",
				"dependsOn": [
					{
						"activity": "Load snLocationLup from DW Stage",
						"dependencyConditions": [
							"Succeeded"
						]
					},
					{
						"activity": "Load snUserLup from DW Stage",
						"dependencyConditions": [
							"Succeeded"
						]
					},
					{
						"activity": "Load snCustomerContactLup from DW Stage",
						"dependencyConditions": [
							"Succeeded"
						]
					}
				],
				"policy": {
					"secureInput": false
				},
				"userProperties": [],
				"typeProperties": {
					"pipeline": {
						"referenceName": "Load ServiceNow snWorkOrder from DW Stage",
						"type": "PipelineReference"
					},
					"waitOnCompletion": true,
					"parameters": {
						"StartDateTime": {
							"value": "@pipeline().parameters.StartDateTime",
							"type": "Expression"
						},
						"EndDateTime": {
							"value": "@pipeline().parameters.EndDateTime",
							"type": "Expression"
						},
						"ParentExecutionKey": {
							"value": "@pipeline().parameters.ParentExecutionKey",
							"type": "Expression"
						},
						"ParentExtractionTimeKey": {
							"value": "@pipeline().parameters.ParentExtractionTimeKey",
							"type": "Expression"
						}
					}
				}
			},
			{
				"name": "Load snLocationLup from DW Stage",
				"type": "ExecutePipeline",
				"dependsOn": [],
				"policy": {
					"secureInput": false
				},
				"userProperties": [],
				"typeProperties": {
					"pipeline": {
						"referenceName": "Load ServiceNow snLocationLup from DW Stage",
						"type": "PipelineReference"
					},
					"waitOnCompletion": true,
					"parameters": {
						"StartDateTime": {
							"value": "@pipeline().parameters.StartDateTime",
							"type": "Expression"
						},
						"EndDateTime": {
							"value": "@pipeline().parameters.EndDateTime",
							"type": "Expression"
						},
						"ParentExecutionKey": {
							"value": "@pipeline().parameters.ParentExecutionKey",
							"type": "Expression"
						},
						"ParentExtractionTimeKey": {
							"value": "@pipeline().parameters.ParentExtractionTimeKey",
							"type": "Expression"
						}
					}
				}
			},
			{
				"name": "Load snUserLup from DW Stage",
				"type": "ExecutePipeline",
				"dependsOn": [],
				"policy": {
					"secureInput": false
				},
				"userProperties": [],
				"typeProperties": {
					"pipeline": {
						"referenceName": "Load ServiceNow snUserLup from DW Stage",
						"type": "PipelineReference"
					},
					"waitOnCompletion": true,
					"parameters": {
						"StartDateTime": {
							"value": "@pipeline().parameters.StartDateTime",
							"type": "Expression"
						},
						"EndDateTime": {
							"value": "@pipeline().parameters.EndDateTime",
							"type": "Expression"
						},
						"ParentExecutionKey": {
							"value": "@pipeline().parameters.ParentExecutionKey",
							"type": "Expression"
						},
						"ParentExtractionTimeKey": {
							"value": "@pipeline().parameters.ParentExtractionTimeKey",
							"type": "Expression"
						}
					}
				}
			},
			{
				"name": "Load snKBArticleCount from DW Stage",
				"type": "ExecutePipeline",
				"dependsOn": [
					{
						"activity": "Load snLocationLup from DW Stage",
						"dependencyConditions": [
							"Succeeded"
						]
					},
					{
						"activity": "Load snUserLup from DW Stage",
						"dependencyConditions": [
							"Succeeded"
						]
					},
					{
						"activity": "Load snCustomerContactLup from DW Stage",
						"dependencyConditions": [
							"Succeeded"
						]
					}
				],
				"policy": {
					"secureInput": false
				},
				"userProperties": [],
				"typeProperties": {
					"pipeline": {
						"referenceName": "Load ServiceNow snKBArticleCount from DW Stage",
						"type": "PipelineReference"
					},
					"waitOnCompletion": true,
					"parameters": {
						"StartDateTime": {
							"value": "@pipeline().parameters.StartDateTime",
							"type": "Expression"
						},
						"EndDateTime": {
							"value": "@pipeline().parameters.EndDateTime",
							"type": "Expression"
						},
						"ParentExecutionKey": {
							"value": "@pipeline().parameters.ParentExecutionKey",
							"type": "Expression"
						},
						"ParentExtractionTimeKey": {
							"value": "@pipeline().parameters.ParentExtractionTimeKey",
							"type": "Expression"
						}
					}
				}
			},
			{
				"name": "Load snCustomerContactLup from DW Stage",
				"type": "ExecutePipeline",
				"dependsOn": [],
				"policy": {
					"secureInput": false
				},
				"userProperties": [],
				"typeProperties": {
					"pipeline": {
						"referenceName": "Load ServiceNow snCustomerContactLup from DW Stage",
						"type": "PipelineReference"
					},
					"waitOnCompletion": true,
					"parameters": {
						"StartDateTime": {
							"value": "@pipeline().parameters.StartDateTime",
							"type": "Expression"
						},
						"EndDateTime": {
							"value": "@pipeline().parameters.EndDateTime",
							"type": "Expression"
						},
						"ParentExecutionKey": {
							"value": "@pipeline().parameters.ParentExecutionKey",
							"type": "Expression"
						},
						"ParentExtractionTimeKey": {
							"value": "@pipeline().parameters.ParentExtractionTimeKey",
							"type": "Expression"
						}
					}
				}
			},
			{
				"name": "Load snChangeRequest from DW Stage",
				"type": "ExecutePipeline",
				"dependsOn": [
					{
						"activity": "Load snCustomerContactLup from DW Stage",
						"dependencyConditions": [
							"Succeeded"
						]
					},
					{
						"activity": "Load snUserLup from DW Stage",
						"dependencyConditions": [
							"Succeeded"
						]
					},
					{
						"activity": "Load snLocationLup from DW Stage",
						"dependencyConditions": [
							"Succeeded"
						]
					}
				],
				"policy": {
					"secureInput": false
				},
				"userProperties": [],
				"typeProperties": {
					"pipeline": {
						"referenceName": "Load ServiceNow snChangeRequest from DW Stage",
						"type": "PipelineReference"
					},
					"waitOnCompletion": true,
					"parameters": {
						"StartDateTime": {
							"value": "@pipeline().parameters.StartDateTime",
							"type": "Expression"
						},
						"EndDateTime": {
							"value": "@pipeline().parameters.EndDateTime",
							"type": "Expression"
						},
						"ParentExecutionKey": {
							"value": "@pipeline().parameters.ParentExecutionKey",
							"type": "Expression"
						},
						"ParentExtractionTimeKey": {
							"value": "@pipeline().parameters.ParentExtractionTimeKey",
							"type": "Expression"
						}
					}
				}
			},
			{
				"name": "Load snCmdbCiComputer from DW Stage",
				"type": "ExecutePipeline",
				"dependsOn": [
					{
						"activity": "Load snCustomerContactLup from DW Stage",
						"dependencyConditions": [
							"Succeeded"
						]
					},
					{
						"activity": "Load snUserLup from DW Stage",
						"dependencyConditions": [
							"Succeeded"
						]
					},
					{
						"activity": "Load snLocationLup from DW Stage",
						"dependencyConditions": [
							"Succeeded"
						]
					}
				],
				"policy": {
					"secureInput": false
				},
				"userProperties": [],
				"typeProperties": {
					"pipeline": {
						"referenceName": "Load ServiceNow snCmdbCiComputer from DW Stage",
						"type": "PipelineReference"
					},
					"waitOnCompletion": true,
					"parameters": {
						"StartDateTime": {
							"value": "@pipeline().parameters.StartDateTime",
							"type": "Expression"
						},
						"EndDateTime": {
							"value": "@pipeline().parameters.EndDateTime",
							"type": "Expression"
						},
						"ParentExecutionKey": {
							"value": "@pipeline().parameters.ParentExecutionKey",
							"type": "Expression"
						},
						"ParentExtractionTimeKey": {
							"value": "@pipeline().parameters.ParentExtractionTimeKey",
							"type": "Expression"
						}
					}
				}
			},
			{
				"name": "Load snTaskSla from DW Stage",
				"type": "ExecutePipeline",
				"dependsOn": [
					{
						"activity": "Load snUserLup from DW Stage",
						"dependencyConditions": [
							"Succeeded"
						]
					},
					{
						"activity": "Load snCustomerContactLup from DW Stage",
						"dependencyConditions": [
							"Succeeded"
						]
					},
					{
						"activity": "Load snLocationLup from DW Stage",
						"dependencyConditions": [
							"Succeeded"
						]
					}
				],
				"policy": {
					"secureInput": false
				},
				"userProperties": [],
				"typeProperties": {
					"pipeline": {
						"referenceName": "Load ServiceNow snTaskSla from DW Stage",
						"type": "PipelineReference"
					},
					"waitOnCompletion": true,
					"parameters": {
						"StartDateTime": {
							"value": "@pipeline().parameters.StartDateTime",
							"type": "Expression"
						},
						"EndDateTime": {
							"value": "@pipeline().parameters.EndDateTime",
							"type": "Expression"
						},
						"ParentExecutionKey": {
							"value": "@pipeline().parameters.ParentExecutionKey",
							"type": "Expression"
						},
						"ParentExtractionTimeKey": {
							"value": "@pipeline().parameters.ParentExtractionTimeKey",
							"type": "Expression"
						}
					}
				}
			},
			{
				"name": "Load snCmdbCiService from DW Stage",
				"type": "ExecutePipeline",
				"dependsOn": [
					{
						"activity": "Load snLocationLup from DW Stage",
						"dependencyConditions": [
							"Succeeded"
						]
					},
					{
						"activity": "Load snUserLup from DW Stage",
						"dependencyConditions": [
							"Succeeded"
						]
					},
					{
						"activity": "Load snCustomerContactLup from DW Stage",
						"dependencyConditions": [
							"Succeeded"
						]
					}
				],
				"policy": {
					"secureInput": false
				},
				"userProperties": [],
				"typeProperties": {
					"pipeline": {
						"referenceName": "Load ServiceNow snCmdbCiService from DW Stage",
						"type": "PipelineReference"
					},
					"waitOnCompletion": true,
					"parameters": {
						"StartDateTime": {
							"value": "@pipeline().parameters.StartDateTime",
							"type": "Expression"
						},
						"EndDateTime": {
							"value": "@pipeline().parameters.EndDateTime",
							"type": "Expression"
						},
						"ParentExecutionKey": {
							"value": "@pipeline().parameters.ParentExecutionKey",
							"type": "Expression"
						},
						"ParentExtractionTimeKey": {
							"value": "@pipeline().parameters.ParentExtractionTimeKey",
							"type": "Expression"
						}
					}
				}
			},
			{
				"name": "Load snSysUserGroup from DW Stage",
				"type": "ExecutePipeline",
				"dependsOn": [
					{
						"activity": "Load snLocationLup from DW Stage",
						"dependencyConditions": [
							"Succeeded"
						]
					},
					{
						"activity": "Load snUserLup from DW Stage",
						"dependencyConditions": [
							"Succeeded"
						]
					},
					{
						"activity": "Load snCustomerContactLup from DW Stage",
						"dependencyConditions": [
							"Succeeded"
						]
					}
				],
				"policy": {
					"secureInput": false
				},
				"userProperties": [],
				"typeProperties": {
					"pipeline": {
						"referenceName": "Load ServiceNow snSysUserGroup from DW Stage",
						"type": "PipelineReference"
					},
					"waitOnCompletion": true,
					"parameters": {
						"StartDateTime": {
							"value": "@pipeline().parameters.StartDateTime",
							"type": "Expression"
						},
						"EndDateTime": {
							"value": "@pipeline().parameters.EndDateTime",
							"type": "Expression"
						},
						"ParentExecutionKey": {
							"value": "@pipeline().parameters.ParentExecutionKey",
							"type": "Expression"
						},
						"ParentExtractionTimeKey": {
							"value": "@pipeline().parameters.ParentExtractionTimeKey",
							"type": "Expression"
						}
					}
				}
			},
			{
				"name": "Load Asset from DW Stage",
				"type": "ExecutePipeline",
				"dependsOn": [
					{
						"activity": "Load snCustomerContactLup from DW Stage",
						"dependencyConditions": [
							"Succeeded"
						]
					}
				],
				"policy": {
					"secureInput": false
				},
				"userProperties": [],
				"typeProperties": {
					"pipeline": {
						"referenceName": "Load ServiceNow Asset from DW Stage",
						"type": "PipelineReference"
					},
					"waitOnCompletion": true,
					"parameters": {
						"StartDateTime": {
							"value": "@pipeline().parameters.StartDateTime",
							"type": "Expression"
						},
						"EndDateTime": {
							"value": "@pipeline().parameters.EndDateTime",
							"type": "Expression"
						},
						"ParentExecutionKey": {
							"value": "@pipeline().parameters.ParentExecutionKey",
							"type": "Expression"
						},
						"ParentExtractionTimeKey": {
							"value": "@pipeline().parameters.ParentExtractionTimeKey",
							"type": "Expression"
						}
					}
				}
			},
			{
				"name": "Load Task from DW Stage",
				"type": "ExecutePipeline",
				"dependsOn": [
					{
						"activity": "Load snLocationLup from DW Stage",
						"dependencyConditions": [
							"Succeeded"
						]
					},
					{
						"activity": "Load snUserLup from DW Stage",
						"dependencyConditions": [
							"Succeeded"
						]
					},
					{
						"activity": "Load snCustomerContactLup from DW Stage",
						"dependencyConditions": [
							"Succeeded"
						]
					}
				],
				"policy": {
					"secureInput": false
				},
				"userProperties": [],
				"typeProperties": {
					"pipeline": {
						"referenceName": "Load ServiceNow Task from DW Stage",
						"type": "PipelineReference"
					},
					"waitOnCompletion": true,
					"parameters": {
						"StartDateTime": {
							"value": "@pipeline().parameters.StartDateTime",
							"type": "Expression"
						},
						"EndDateTime": {
							"value": "@pipeline().parameters.EndDateTime",
							"type": "Expression"
						},
						"ParentExecutionKey": {
							"value": "@pipeline().parameters.ParentExecutionKey",
							"type": "Expression"
						},
						"ParentExtractionTimeKey": {
							"value": "@pipeline().parameters.ParentExtractionTimeKey",
							"type": "Expression"
						}
					}
				}
			},
			{
				"name": "Load changeTask from DW Stage",
				"type": "ExecutePipeline",
				"dependsOn": [
					{
						"activity": "Load snLocationLup from DW Stage",
						"dependencyConditions": [
							"Succeeded"
						]
					},
					{
						"activity": "Load snUserLup from DW Stage",
						"dependencyConditions": [
							"Succeeded"
						]
					},
					{
						"activity": "Load snCustomerContactLup from DW Stage",
						"dependencyConditions": [
							"Succeeded"
						]
					}
				],
				"policy": {
					"secureInput": false
				},
				"userProperties": [],
				"typeProperties": {
					"pipeline": {
						"referenceName": "Load ServiceNow changeTask from DW Stage",
						"type": "PipelineReference"
					},
					"waitOnCompletion": true,
					"parameters": {
						"StartDateTime": {
							"value": "@pipeline().parameters.StartDateTime",
							"type": "Expression"
						},
						"EndDateTime": {
							"value": "@pipeline().parameters.EndDateTime",
							"type": "Expression"
						},
						"ParentExecutionKey": {
							"value": "@pipeline().parameters.ParentExecutionKey",
							"type": "Expression"
						},
						"ParentExtractionTimeKey": {
							"value": "@pipeline().parameters.ParentExtractionTimeKey",
							"type": "Expression"
						}
					}
				}
			},
			{
				"name": "Load Model from DW Stage",
				"type": "ExecutePipeline",
				"dependsOn": [
					{
						"activity": "Load snLocationLup from DW Stage",
						"dependencyConditions": [
							"Succeeded"
						]
					},
					{
						"activity": "Load snUserLup from DW Stage",
						"dependencyConditions": [
							"Succeeded"
						]
					},
					{
						"activity": "Load snCustomerContactLup from DW Stage",
						"dependencyConditions": [
							"Succeeded"
						]
					}
				],
				"policy": {
					"secureInput": false
				},
				"userProperties": [],
				"typeProperties": {
					"pipeline": {
						"referenceName": "Load ServiceNow Model from DW Stage",
						"type": "PipelineReference"
					},
					"waitOnCompletion": true,
					"parameters": {
						"StartDateTime": {
							"value": "@pipeline().parameters.StartDateTime",
							"type": "Expression"
						},
						"EndDateTime": {
							"value": "@pipeline().parameters.EndDateTime",
							"type": "Expression"
						},
						"ParentExecutionKey": {
							"value": "@pipeline().parameters.ParentExecutionKey",
							"type": "Expression"
						},
						"ParentExtractionTimeKey": {
							"value": "@pipeline().parameters.ParentExtractionTimeKey",
							"type": "Expression"
						}
					}
				}
			}
		],
		"parameters": {
			"StartDateTime": {
				"type": "string"
			},
			"EndDateTime": {
				"type": "string"
			},
			"ParentExecutionKey": {
				"type": "string"
			},
			"ParentExtractionTimeKey": {
				"type": "string"
			}
		},
		"folder": {
			"name": "ServiceNow/Process Data Warehouse"
		},
		"annotations": [],
		"lastPublishTime": "2022-02-03T22:44:12Z"
	},
	"type": "Microsoft.DataFactory/factories/pipelines"
}