{
	"name": "Load ServiceNow DL Stage Tables",
	"properties": {
		"activities": [
			{
				"name": "Audit - Start Process",
				"type": "Lookup",
				"dependsOn": [],
				"policy": {
					"timeout": "0.00:01:00",
					"retry": 3,
					"retryIntervalInSeconds": 30,
					"secureOutput": false,
					"secureInput": false
				},
				"userProperties": [],
				"typeProperties": {
					"source": {
						"type": "SqlServerSource",
						"sqlReaderQuery": {
							"value": "@concat(\n'\nDECLARE @ProcessExecutionKey int\n\nEXEC [etlaudit].[usp_InsertAuditProcessExecution]\n  @ProcessName = ''', pipeline().Pipeline ,'''\n, @ParentProcessExecutionKey = ''', pipeline().parameters.ParentExecutionKey, '''\n, @ExecutionStartDatetime = ''', pipeline().parameters.StartDateTime, '''\n, @ExecutionStopDatetime = ''', pipeline().parameters.EndDateTime, '''\n, @ExtractionTimeKey = ''', pipeline().parameters.ParentExtractionTimeKey, '''\n, @ProcessExecutionKey = @ProcessExecutionKey OUTPUT;\n\nSELECT @ProcessExecutionKey AS ProcessExecutionKey\n'\n)\n",
							"type": "Expression"
						},
						"queryTimeout": "02:00:00",
						"partitionOption": "None"
					},
					"dataset": {
						"referenceName": "Database_SQLServer",
						"type": "DatasetReference"
					},
					"firstRowOnly": true
				}
			},
			{
				"name": "Audit - End Process - Success",
				"type": "SqlServerStoredProcedure",
				"dependsOn": [
					{
						"activity": "Load snIncident From incident",
						"dependencyConditions": [
							"Succeeded"
						]
					},
					{
						"activity": "Load snCase From sn_CustomerserviceCase",
						"dependencyConditions": [
							"Succeeded"
						]
					},
					{
						"activity": "Load snLocationLup From cmnLocation",
						"dependencyConditions": [
							"Succeeded"
						]
					},
					{
						"activity": "Load snUserLup From sysUser",
						"dependencyConditions": [
							"Succeeded"
						]
					},
					{
						"activity": "Load snKBArticleCount From kbKnowledge",
						"dependencyConditions": [
							"Succeeded"
						]
					},
					{
						"activity": "Load snWmTask From wmTask",
						"dependencyConditions": [
							"Succeeded"
						]
					},
					{
						"activity": "Load snWorkOrder From wmOrder",
						"dependencyConditions": [
							"Succeeded"
						]
					},
					{
						"activity": "Load snCustomerContactLup From customerContact",
						"dependencyConditions": [
							"Succeeded"
						]
					},
					{
						"activity": "Load snChangeRequest From snChangeRequest",
						"dependencyConditions": [
							"Succeeded"
						]
					},
					{
						"activity": "Load snCmdbCiComputer From cmdbCiComputer",
						"dependencyConditions": [
							"Succeeded"
						]
					},
					{
						"activity": "Load snTaskSla From taskSla",
						"dependencyConditions": [
							"Succeeded"
						]
					},
					{
						"activity": "Load snCmdbCiService From cmdbCiService",
						"dependencyConditions": [
							"Succeeded"
						]
					},
					{
						"activity": "Load snSysUserGroup From sysUserGroup",
						"dependencyConditions": [
							"Succeeded"
						]
					},
					{
						"activity": "Load snAlmAsset From AlmAsset",
						"dependencyConditions": [
							"Succeeded"
						]
					},
					{
						"activity": "Load snTask From Task",
						"dependencyConditions": [
							"Succeeded"
						]
					},
					{
						"activity": "Load snCmdbmodel From cmdbmodel",
						"dependencyConditions": [
							"Succeeded"
						]
					},
					{
						"activity": "Load snChangeTask From changeTask",
						"dependencyConditions": [
							"Succeeded"
						]
					}
				],
				"policy": {
					"timeout": "0.00:01:00",
					"retry": 3,
					"retryIntervalInSeconds": 30,
					"secureOutput": false,
					"secureInput": false
				},
				"userProperties": [],
				"typeProperties": {
					"storedProcedureName": "[etlaudit].[usp_UpdateAuditProcessExecution]",
					"storedProcedureParameters": {
						"ProcessExecutionKey": {
							"value": {
								"value": "@activity('Audit - Start Process').output.firstRow.ProcessExecutionKey",
								"type": "Expression"
							},
							"type": "Int32"
						},
						"SuccessfulProcessingIndicator": {
							"value": "Y",
							"type": "String"
						}
					}
				},
				"linkedServiceName": {
					"referenceName": "LS_SqlServer",
					"type": "LinkedServiceReference"
				}
			},
			{
				"name": "Audit - End Process - Failure",
				"type": "SqlServerStoredProcedure",
				"dependsOn": [
					{
						"activity": "Load snIncident From incident",
						"dependencyConditions": [
							"Failed"
						]
					},
					{
						"activity": "Load snLocationLup From cmnLocation",
						"dependencyConditions": [
							"Failed"
						]
					},
					{
						"activity": "Load snUserLup From sysUser",
						"dependencyConditions": [
							"Failed"
						]
					},
					{
						"activity": "Load snKBArticleCount From kbKnowledge",
						"dependencyConditions": [
							"Failed"
						]
					},
					{
						"activity": "Load snWmTask From wmTask",
						"dependencyConditions": [
							"Failed"
						]
					},
					{
						"activity": "Load snCase From sn_CustomerserviceCase",
						"dependencyConditions": [
							"Failed"
						]
					},
					{
						"activity": "Load snWorkOrder From wmOrder",
						"dependencyConditions": [
							"Failed"
						]
					},
					{
						"activity": "Load snCustomerContactLup From customerContact",
						"dependencyConditions": [
							"Failed"
						]
					},
					{
						"activity": "Load snChangeRequest From snChangeRequest",
						"dependencyConditions": [
							"Failed"
						]
					},
					{
						"activity": "Load snCmdbCiComputer From cmdbCiComputer",
						"dependencyConditions": [
							"Failed"
						]
					},
					{
						"activity": "Load snTaskSla From taskSla",
						"dependencyConditions": [
							"Failed"
						]
					},
					{
						"activity": "Load snCmdbCiService From cmdbCiService",
						"dependencyConditions": [
							"Failed"
						]
					},
					{
						"activity": "Load snSysUserGroup From sysUserGroup",
						"dependencyConditions": [
							"Failed"
						]
					},
					{
						"activity": "Load snAlmAsset From AlmAsset",
						"dependencyConditions": [
							"Failed"
						]
					},
					{
						"activity": "Load snTask From Task",
						"dependencyConditions": [
							"Failed"
						]
					},
					{
						"activity": "Load snCmdbmodel From cmdbmodel",
						"dependencyConditions": [
							"Failed"
						]
					},
					{
						"activity": "Load snChangeTask From changeTask",
						"dependencyConditions": [
							"Failed"
						]
					}
				],
				"policy": {
					"timeout": "0.00:01:00",
					"retry": 3,
					"retryIntervalInSeconds": 30,
					"secureOutput": false,
					"secureInput": false
				},
				"userProperties": [],
				"typeProperties": {
					"storedProcedureName": "[etlaudit].[usp_UpdateAuditProcessExecution]",
					"storedProcedureParameters": {
						"ProcessExecutionKey": {
							"value": {
								"value": "@activity('Audit - Start Process').output.firstRow.ProcessExecutionKey",
								"type": "Expression"
							},
							"type": "Int32"
						},
						"SuccessfulProcessingIndicator": {
							"value": "N",
							"type": "String"
						}
					}
				},
				"linkedServiceName": {
					"referenceName": "LS_SqlServer",
					"type": "LinkedServiceReference"
				}
			},
			{
				"name": "Load snIncident From incident",
				"type": "ExecutePipeline",
				"dependsOn": [
					{
						"activity": "Audit - Start Process",
						"dependencyConditions": [
							"Succeeded"
						]
					}
				],
				"policy": {
					"secureInput": false
				},
				"userProperties": [],
				"typeProperties": {
					"pipeline": {
						"referenceName": "Load ServiceNow snIncident From incident",
						"type": "PipelineReference"
					},
					"waitOnCompletion": true,
					"parameters": {
						"StartDateTime": {
							"value": "@pipeline().parameters.StartDateTime",
							"type": "Expression"
						},
						"EndDateTime": {
							"value": "@pipeline().parameters.EndDateTime",
							"type": "Expression"
						},
						"ParentExecutionKey": {
							"value": "@activity('Audit - Start Process').output.firstRow.ProcessExecutionKey",
							"type": "Expression"
						},
						"ParentExtractionTimeKey": {
							"value": "@pipeline().parameters.ParentExtractionTimeKey",
							"type": "Expression"
						}
					}
				}
			},
			{
				"name": "Load snCase From sn_CustomerserviceCase",
				"type": "ExecutePipeline",
				"dependsOn": [
					{
						"activity": "Audit - Start Process",
						"dependencyConditions": [
							"Succeeded"
						]
					}
				],
				"policy": {
					"secureInput": false
				},
				"userProperties": [],
				"typeProperties": {
					"pipeline": {
						"referenceName": "Load ServiceNow snCase From snCustomerserviceCase",
						"type": "PipelineReference"
					},
					"waitOnCompletion": true,
					"parameters": {
						"StartDateTime": {
							"value": "@pipeline().parameters.StartDateTime",
							"type": "Expression"
						},
						"EndDateTime": {
							"value": "@pipeline().parameters.EndDateTime",
							"type": "Expression"
						},
						"ParentExecutionKey": {
							"value": "@activity('Audit - Start Process').output.firstRow.ProcessExecutionKey",
							"type": "Expression"
						},
						"ParentExtractionTimeKey": {
							"value": "@pipeline().parameters.ParentExtractionTimeKey",
							"type": "Expression"
						}
					}
				}
			},
			{
				"name": "Load snWmTask From wmTask",
				"type": "ExecutePipeline",
				"dependsOn": [
					{
						"activity": "Audit - Start Process",
						"dependencyConditions": [
							"Succeeded"
						]
					}
				],
				"policy": {
					"secureInput": false
				},
				"userProperties": [],
				"typeProperties": {
					"pipeline": {
						"referenceName": "Load ServiceNow snWmTask From wmTask",
						"type": "PipelineReference"
					},
					"waitOnCompletion": true,
					"parameters": {
						"StartDateTime": {
							"value": "@pipeline().parameters.StartDateTime",
							"type": "Expression"
						},
						"EndDateTime": {
							"value": "@pipeline().parameters.EndDateTime",
							"type": "Expression"
						},
						"ParentExecutionKey": {
							"value": "@activity('Audit - Start Process').output.firstRow.ProcessExecutionKey",
							"type": "Expression"
						},
						"ParentExtractionTimeKey": {
							"value": "@pipeline().parameters.ParentExtractionTimeKey",
							"type": "Expression"
						}
					}
				}
			},
			{
				"name": "Load snWorkOrder From wmOrder",
				"type": "ExecutePipeline",
				"dependsOn": [
					{
						"activity": "Audit - Start Process",
						"dependencyConditions": [
							"Succeeded"
						]
					}
				],
				"policy": {
					"secureInput": false
				},
				"userProperties": [],
				"typeProperties": {
					"pipeline": {
						"referenceName": "Load ServiceNow snWorkOrder From wmOrder",
						"type": "PipelineReference"
					},
					"waitOnCompletion": true,
					"parameters": {
						"StartDateTime": {
							"value": "@pipeline().parameters.StartDateTime",
							"type": "Expression"
						},
						"EndDateTime": {
							"value": "@pipeline().parameters.EndDateTime",
							"type": "Expression"
						},
						"ParentExecutionKey": {
							"value": "@activity('Audit - Start Process').output.firstRow.ProcessExecutionKey",
							"type": "Expression"
						},
						"ParentExtractionTimeKey": {
							"value": "@pipeline().parameters.ParentExtractionTimeKey",
							"type": "Expression"
						}
					}
				}
			},
			{
				"name": "Load snLocationLup From cmnLocation",
				"type": "ExecutePipeline",
				"dependsOn": [
					{
						"activity": "Audit - Start Process",
						"dependencyConditions": [
							"Succeeded"
						]
					}
				],
				"policy": {
					"secureInput": false
				},
				"userProperties": [],
				"typeProperties": {
					"pipeline": {
						"referenceName": "Load ServiceNow snLocationLup From cmnLocation",
						"type": "PipelineReference"
					},
					"waitOnCompletion": true,
					"parameters": {
						"StartDateTime": {
							"value": "@pipeline().parameters.StartDateTime",
							"type": "Expression"
						},
						"EndDateTime": {
							"value": "@pipeline().parameters.EndDateTime",
							"type": "Expression"
						},
						"ParentExecutionKey": {
							"value": "@activity('Audit - Start Process').output.firstRow.ProcessExecutionKey",
							"type": "Expression"
						},
						"ParentExtractionTimeKey": {
							"value": "@pipeline().parameters.ParentExtractionTimeKey",
							"type": "Expression"
						}
					}
				}
			},
			{
				"name": "Load snUserLup From sysUser",
				"type": "ExecutePipeline",
				"dependsOn": [
					{
						"activity": "Audit - Start Process",
						"dependencyConditions": [
							"Succeeded"
						]
					}
				],
				"policy": {
					"secureInput": false
				},
				"userProperties": [],
				"typeProperties": {
					"pipeline": {
						"referenceName": "Load ServiceNow snUserLup From sysUser",
						"type": "PipelineReference"
					},
					"waitOnCompletion": true,
					"parameters": {
						"StartDateTime": {
							"value": "@pipeline().parameters.StartDateTime",
							"type": "Expression"
						},
						"EndDateTime": {
							"value": "@pipeline().parameters.EndDateTime",
							"type": "Expression"
						},
						"ParentExecutionKey": {
							"value": "@activity('Audit - Start Process').output.firstRow.ProcessExecutionKey",
							"type": "Expression"
						},
						"ParentExtractionTimeKey": {
							"value": "@pipeline().parameters.ParentExtractionTimeKey",
							"type": "Expression"
						}
					}
				}
			},
			{
				"name": "Load snKBArticleCount From kbKnowledge",
				"type": "ExecutePipeline",
				"dependsOn": [
					{
						"activity": "Audit - Start Process",
						"dependencyConditions": [
							"Succeeded"
						]
					}
				],
				"policy": {
					"secureInput": false
				},
				"userProperties": [],
				"typeProperties": {
					"pipeline": {
						"referenceName": "Load ServiceNow snKBArticleCount From kbKnowledge",
						"type": "PipelineReference"
					},
					"waitOnCompletion": true,
					"parameters": {
						"StartDateTime": {
							"value": "@pipeline().parameters.StartDateTime",
							"type": "Expression"
						},
						"EndDateTime": {
							"value": "@pipeline().parameters.EndDateTime",
							"type": "Expression"
						},
						"ParentExecutionKey": {
							"value": "@activity('Audit - Start Process').output.firstRow.ProcessExecutionKey",
							"type": "Expression"
						},
						"ParentExtractionTimeKey": {
							"value": "@pipeline().parameters.ParentExtractionTimeKey",
							"type": "Expression"
						}
					}
				}
			},
			{
				"name": "Load snCustomerContactLup From customerContact",
				"type": "ExecutePipeline",
				"dependsOn": [
					{
						"activity": "Audit - Start Process",
						"dependencyConditions": [
							"Succeeded"
						]
					}
				],
				"policy": {
					"secureInput": false
				},
				"userProperties": [],
				"typeProperties": {
					"pipeline": {
						"referenceName": "Load ServiceNow snCustomerContactLup From customerContact",
						"type": "PipelineReference"
					},
					"waitOnCompletion": true,
					"parameters": {
						"StartDateTime": {
							"value": "@pipeline().parameters.StartDateTime",
							"type": "Expression"
						},
						"EndDateTime": {
							"value": "@pipeline().parameters.EndDateTime",
							"type": "Expression"
						},
						"ParentExecutionKey": {
							"value": "@activity('Audit - Start Process').output.firstRow.ProcessExecutionKey",
							"type": "Expression"
						},
						"ParentExtractionTimeKey": {
							"value": "@pipeline().parameters.ParentExtractionTimeKey",
							"type": "Expression"
						}
					}
				}
			},
			{
				"name": "Load snChangeRequest From snChangeRequest",
				"type": "ExecutePipeline",
				"dependsOn": [
					{
						"activity": "Audit - Start Process",
						"dependencyConditions": [
							"Succeeded"
						]
					}
				],
				"policy": {
					"secureInput": false
				},
				"userProperties": [],
				"typeProperties": {
					"pipeline": {
						"referenceName": "Load ServiceNow snChangeRequest From changeRequest",
						"type": "PipelineReference"
					},
					"waitOnCompletion": true,
					"parameters": {
						"StartDateTime": {
							"value": "@pipeline().parameters.StartDateTime",
							"type": "Expression"
						},
						"EndDateTime": {
							"value": "@pipeline().parameters.EndDateTime",
							"type": "Expression"
						},
						"ParentExecutionKey": {
							"value": "@activity('Audit - Start Process').output.firstRow.ProcessExecutionKey",
							"type": "Expression"
						},
						"ParentExtractionTimeKey": {
							"value": "@pipeline().parameters.ParentExtractionTimeKey",
							"type": "Expression"
						}
					}
				}
			},
			{
				"name": "Load snCmdbCiComputer From cmdbCiComputer",
				"type": "ExecutePipeline",
				"dependsOn": [
					{
						"activity": "Audit - Start Process",
						"dependencyConditions": [
							"Succeeded"
						]
					}
				],
				"policy": {
					"secureInput": false
				},
				"userProperties": [],
				"typeProperties": {
					"pipeline": {
						"referenceName": "Load ServiceNow snCmdbCiComputer From CmdbCiComputer",
						"type": "PipelineReference"
					},
					"waitOnCompletion": true,
					"parameters": {
						"StartDateTime": {
							"value": "@pipeline().parameters.StartDateTime",
							"type": "Expression"
						},
						"EndDateTime": {
							"value": "@pipeline().parameters.EndDateTime",
							"type": "Expression"
						},
						"ParentExecutionKey": {
							"value": "@activity('Audit - Start Process').output.firstRow.ProcessExecutionKey",
							"type": "Expression"
						},
						"ParentExtractionTimeKey": {
							"value": "@pipeline().parameters.ParentExtractionTimeKey",
							"type": "Expression"
						}
					}
				}
			},
			{
				"name": "Load snTaskSla From taskSla",
				"type": "ExecutePipeline",
				"dependsOn": [
					{
						"activity": "Audit - Start Process",
						"dependencyConditions": [
							"Succeeded"
						]
					}
				],
				"policy": {
					"secureInput": false
				},
				"userProperties": [],
				"typeProperties": {
					"pipeline": {
						"referenceName": "Load ServiceNow snTaskSla From taskSla",
						"type": "PipelineReference"
					},
					"waitOnCompletion": true,
					"parameters": {
						"StartDateTime": {
							"value": "@pipeline().parameters.StartDateTime",
							"type": "Expression"
						},
						"EndDateTime": {
							"value": "@pipeline().parameters.EndDateTime",
							"type": "Expression"
						},
						"ParentExecutionKey": {
							"value": "@activity('Audit - Start Process').output.firstRow.ProcessExecutionKey",
							"type": "Expression"
						},
						"ParentExtractionTimeKey": {
							"value": "@pipeline().parameters.ParentExtractionTimeKey",
							"type": "Expression"
						}
					}
				}
			},
			{
				"name": "Load snCmdbCiService From cmdbCiService",
				"type": "ExecutePipeline",
				"dependsOn": [
					{
						"activity": "Audit - Start Process",
						"dependencyConditions": [
							"Succeeded"
						]
					}
				],
				"policy": {
					"secureInput": false
				},
				"userProperties": [],
				"typeProperties": {
					"pipeline": {
						"referenceName": "Load ServiceNow snCmdbCiService From cmdbCiService",
						"type": "PipelineReference"
					},
					"waitOnCompletion": true,
					"parameters": {
						"StartDateTime": {
							"value": "@pipeline().parameters.StartDateTime",
							"type": "Expression"
						},
						"EndDateTime": {
							"value": "@pipeline().parameters.EndDateTime",
							"type": "Expression"
						},
						"ParentExecutionKey": {
							"value": "@activity('Audit - Start Process').output.firstRow.ProcessExecutionKey",
							"type": "Expression"
						},
						"ParentExtractionTimeKey": {
							"value": "@pipeline().parameters.ParentExtractionTimeKey",
							"type": "Expression"
						}
					}
				}
			},
			{
				"name": "Load snSysUserGroup From sysUserGroup",
				"type": "ExecutePipeline",
				"dependsOn": [
					{
						"activity": "Audit - Start Process",
						"dependencyConditions": [
							"Succeeded"
						]
					}
				],
				"policy": {
					"secureInput": false
				},
				"userProperties": [],
				"typeProperties": {
					"pipeline": {
						"referenceName": "Load ServiceNow snSysUserGroup From sysUserGroup",
						"type": "PipelineReference"
					},
					"waitOnCompletion": true,
					"parameters": {
						"StartDateTime": {
							"value": "@pipeline().parameters.StartDateTime",
							"type": "Expression"
						},
						"EndDateTime": {
							"value": "@pipeline().parameters.EndDateTime",
							"type": "Expression"
						},
						"ParentExecutionKey": {
							"value": "@activity('Audit - Start Process').output.firstRow.ProcessExecutionKey",
							"type": "Expression"
						},
						"ParentExtractionTimeKey": {
							"value": "@pipeline().parameters.ParentExtractionTimeKey",
							"type": "Expression"
						}
					}
				}
			},
			{
				"name": "Load snAlmAsset From AlmAsset",
				"type": "ExecutePipeline",
				"dependsOn": [
					{
						"activity": "Audit - Start Process",
						"dependencyConditions": [
							"Succeeded"
						]
					}
				],
				"policy": {
					"secureInput": false
				},
				"userProperties": [],
				"typeProperties": {
					"pipeline": {
						"referenceName": "Load ServiceNow snAlmAsset From snAlmAsset",
						"type": "PipelineReference"
					},
					"waitOnCompletion": true,
					"parameters": {
						"StartDateTime": {
							"value": "@pipeline().parameters.StartDateTime",
							"type": "Expression"
						},
						"EndDateTime": {
							"value": "@pipeline().parameters.EndDateTime",
							"type": "Expression"
						},
						"ParentExecutionKey": {
							"value": "@activity('Audit - Start Process').output.firstRow.ProcessExecutionKey",
							"type": "Expression"
						},
						"ParentExtractionTimeKey": {
							"value": "@pipeline().parameters.ParentExtractionTimeKey",
							"type": "Expression"
						}
					}
				}
			},
			{
				"name": "Load snTask From Task",
				"type": "ExecutePipeline",
				"dependsOn": [
					{
						"activity": "Audit - Start Process",
						"dependencyConditions": [
							"Succeeded"
						]
					}
				],
				"policy": {
					"secureInput": false
				},
				"userProperties": [],
				"typeProperties": {
					"pipeline": {
						"referenceName": "Load ServiceNow snTask From Task",
						"type": "PipelineReference"
					},
					"waitOnCompletion": true,
					"parameters": {
						"StartDateTime": {
							"value": "@pipeline().parameters.StartDateTime",
							"type": "Expression"
						},
						"EndDateTime": {
							"value": "@pipeline().parameters.EndDateTime",
							"type": "Expression"
						},
						"ParentExecutionKey": {
							"value": "@activity('Audit - Start Process').output.firstRow.ProcessExecutionKey",
							"type": "Expression"
						},
						"ParentExtractionTimeKey": {
							"value": "@pipeline().parameters.ParentExtractionTimeKey",
							"type": "Expression"
						}
					}
				}
			},
			{
				"name": "Load snChangeTask From changeTask",
				"type": "ExecutePipeline",
				"dependsOn": [
					{
						"activity": "Audit - Start Process",
						"dependencyConditions": [
							"Succeeded"
						]
					}
				],
				"policy": {
					"secureInput": false
				},
				"userProperties": [],
				"typeProperties": {
					"pipeline": {
						"referenceName": "Load ServiceNow snChangeTask From changeTask",
						"type": "PipelineReference"
					},
					"waitOnCompletion": true,
					"parameters": {
						"StartDateTime": {
							"value": "@pipeline().parameters.StartDateTime",
							"type": "Expression"
						},
						"EndDateTime": {
							"value": "@pipeline().parameters.EndDateTime",
							"type": "Expression"
						},
						"ParentExecutionKey": {
							"value": "@activity('Audit - Start Process').output.firstRow.ProcessExecutionKey",
							"type": "Expression"
						},
						"ParentExtractionTimeKey": {
							"value": "@pipeline().parameters.ParentExtractionTimeKey",
							"type": "Expression"
						}
					}
				}
			},
			{
				"name": "Load snCmdbmodel From cmdbmodel",
				"type": "ExecutePipeline",
				"dependsOn": [
					{
						"activity": "Audit - Start Process",
						"dependencyConditions": [
							"Succeeded"
						]
					}
				],
				"policy": {
					"secureInput": false
				},
				"userProperties": [],
				"typeProperties": {
					"pipeline": {
						"referenceName": "Load ServiceNow snCmdbmodel From cmdbmodel",
						"type": "PipelineReference"
					},
					"waitOnCompletion": true,
					"parameters": {
						"StartDateTime": {
							"value": "@pipeline().parameters.StartDateTime",
							"type": "Expression"
						},
						"EndDateTime": {
							"value": "@pipeline().parameters.EndDateTime",
							"type": "Expression"
						},
						"ParentExecutionKey": {
							"value": "@activity('Audit - Start Process').output.firstRow.ProcessExecutionKey",
							"type": "Expression"
						},
						"ParentExtractionTimeKey": {
							"value": "@pipeline().parameters.ParentExtractionTimeKey",
							"type": "Expression"
						}
					}
				}
			}
		],
		"parameters": {
			"StartDateTime": {
				"type": "string"
			},
			"EndDateTime": {
				"type": "string"
			},
			"ParentExecutionKey": {
				"type": "string"
			},
			"ParentExtractionTimeKey": {
				"type": "string"
			}
		},
		"folder": {
			"name": "ServiceNow/Process Data Warehouse"
		},
		"annotations": [],
		"lastPublishTime": "2022-02-03T22:44:12Z"
	},
	"type": "Microsoft.DataFactory/factories/pipelines"
}