{
	"name": "Load Aternity DW Stage",
	"properties":
	{
	  "activities":
	  [
		{
		  "name": "Audit - Start Process",
		  "type": "Lookup",
		  "dependsOn":
		  [
		  ],
		  "policy":
		  {
			"timeout": "0.00:01:00",
			"retry": 3,
			"retryIntervalInSeconds": 30,
			"secureOutput": false,
			"secureInput": false
		  },
		  "userProperties":
		  [
		  ],
		  "typeProperties":
		  {
			"source":
			{
			  "type": "SqlServerSource",
			  "sqlReaderQuery":
			  {
				"value": "@concat(\n'\nDECLARE @ProcessExecutionKey int\n\nEXEC [etlaudit].[usp_InsertAuditProcessExecution]\n  @ProcessName = ''', pipeline().Pipeline ,'''\n, @ParentProcessExecutionKey = ''', pipeline().parameters.ParentExecutionKey, '''\n, @ExecutionStartDatetime = ''', pipeline().parameters.StartDateTime, '''\n, @ExecutionStopDatetime = ''', pipeline().parameters.EndDateTime, '''\n, @ExtractionTimeKey = ''', pipeline().parameters.ParentExtractionTimeKey, '''\n, @ProcessExecutionKey = @ProcessExecutionKey OUTPUT;\n\nSELECT @ProcessExecutionKey AS ProcessExecutionKey\n'\n)\n",
				"type": "Expression"
			  },
			  "queryTimeout": "02:00:00",
			  "partitionOption": "None"
			},
			"dataset":
			{
			  "referenceName": "Database_SQLServer",
			  "type": "DatasetReference"
			},
			"firstRowOnly": true
		  }
		},
		{
		  "name": "Audit - End Process - Success",
		  "type": "SqlServerStoredProcedure",
		  "dependsOn":
		  [
			{
			  "activity": "Load DW aternityApplication",
			  "dependencyConditions":
			  [
				"Succeeded"
			  ]
			},
			{
			  "activity": "Load DW aternityApplicationResource",
			  "dependencyConditions":
			  [
				"Succeeded"
			  ]
			},
			{
			  "activity": "Load DW aternityApplicationEvent",
			  "dependencyConditions":
			  [
				"Succeeded"
			  ]
			},
			{
			  "activity": "Load DW aternityBusinessActivity",
			  "dependencyConditions":
			  [
				"Succeeded"
			  ]
			},
			{
			  "activity": "Load DW aternityCustomData",
			  "dependencyConditions":
			  [
				"Succeeded"
			  ]
			},
			{
			  "activity": "Load DW aternityDeviceInventory",
			  "dependencyConditions":
			  [
				"Succeeded"
			  ]
			},
			{
			  "activity": "Load DW aternityHostResource",
			  "dependencyConditions":
			  [
				"Succeeded"
			  ]
			},
			{
			  "activity": "Load DW aternityIncident",
			  "dependencyConditions":
			  [
				"Succeeded"
			  ]
			},
			{
			  "activity": "Load DW aternityInstalledSoftware",
			  "dependencyConditions":
			  [
				"Succeeded"
			  ]
			},
			{
			  "activity": "Load DW aternityInstalledSoftwareChangeLog",
			  "dependencyConditions":
			  [
				"Succeeded"
			  ]
			},
			{
			  "activity": "Load DW aternityMobileApplicationsInventory",
			  "dependencyConditions":
			  [
				"Succeeded"
			  ]
			},
			{
			  "activity": "Load DW aternityReportingAgentsCount",
			  "dependencyConditions":
			  [
				"Succeeded"
			  ]
			},
			{
			  "activity": "Load DW aternityServiceDeskAlert",
			  "dependencyConditions":
			  [
				"Succeeded"
			  ]
			},
			{
			  "activity": "Load DW aternityWifiStatistic",
			  "dependencyConditions":
			  [
				"Succeeded"
			  ]
			},
			{
			  "activity": "Load DW aternityWindowsMachineBoot",
			  "dependencyConditions":
			  [
				"Succeeded"
			  ]
			},
			{
			  "activity": "Load DW aternityRemediationActionsRun",
			  "dependencyConditions":
			  [
				"Succeeded"
			  ]
			}
		  ],
		  "policy":
		  {
			"timeout": "0.00:01:00",
			"retry": 3,
			"retryIntervalInSeconds": 30,
			"secureOutput": false,
			"secureInput": false
		  },
		  "userProperties":
		  [
		  ],
		  "typeProperties":
		  {
			"storedProcedureName": "[etlaudit].[usp_UpdateAuditProcessExecution]",
			"storedProcedureParameters":
			{
			  "ProcessExecutionKey":
			  {
				"value":
				{
				  "value": "@activity('Audit - Start Process').output.firstRow.ProcessExecutionKey",
				  "type": "Expression"
				},
				"type": "Int32"
			  },
			  "SuccessfulProcessingIndicator":
			  {
				"value": "Y",
				"type": "String"
			  }
			}
		  },
		  "linkedServiceName":
		  {
			"referenceName": "LS_SqlServer",
			"type": "LinkedServiceReference"
		  }
		},
		{
		  "name": "Audit - End Process - Failure",
		  "type": "SqlServerStoredProcedure",
		  "dependsOn":
		  [
			{
			  "activity": "Load DW aternityApplication",
			  "dependencyConditions":
			  [
				"Failed"
			  ]
			},
			{
			  "activity": "Load DW aternityApplicationResource",
			  "dependencyConditions":
			  [
				"Failed"
			  ]
			},
			{
			  "activity": "Load DW aternityApplicationEvent",
			  "dependencyConditions":
			  [
				"Failed"
			  ]
			},
			{
			  "activity": "Load DW aternityBusinessActivity",
			  "dependencyConditions":
			  [
				"Failed"
			  ]
			},
			{
			  "activity": "Load DW aternityCustomData",
			  "dependencyConditions":
			  [
				"Failed"
			  ]
			},
			{
			  "activity": "Load DW aternityDeviceInventory",
			  "dependencyConditions":
			  [
				"Failed"
			  ]
			},
			{
			  "activity": "Load DW aternityHostResource",
			  "dependencyConditions":
			  [
				"Failed"
			  ]
			},
			{
			  "activity": "Load DW aternityIncident",
			  "dependencyConditions":
			  [
				"Failed"
			  ]
			},
			{
			  "activity": "Load DW aternityInstalledSoftware",
			  "dependencyConditions":
			  [
				"Failed"
			  ]
			},
			{
			  "activity": "Load DW aternityInstalledSoftwareChangeLog",
			  "dependencyConditions":
			  [
				"Failed"
			  ]
			},
			{
			  "activity": "Load DW aternityMobileApplicationsInventory",
			  "dependencyConditions":
			  [
				"Failed"
			  ]
			},
			{
			  "activity": "Load DW aternityReportingAgentsCount",
			  "dependencyConditions":
			  [
				"Failed"
			  ]
			},
			{
			  "activity": "Load DW aternityServiceDeskAlert",
			  "dependencyConditions":
			  [
				"Failed"
			  ]
			},
			{
			  "activity": "Load DW aternityWifiStatistic",
			  "dependencyConditions":
			  [
				"Failed"
			  ]
			},
			{
			  "activity": "Load DW aternityWindowsMachineBoot",
			  "dependencyConditions":
			  [
				"Failed"
			  ]
			},
			{
			  "activity": "Load DW aternityRemediationActionsRun",
			  "dependencyConditions":
			  [
				"Failed"
			  ]
			}
		  ],
		  "policy":
		  {
			"timeout": "0.00:01:00",
			"retry": 3,
			"retryIntervalInSeconds": 30,
			"secureOutput": false,
			"secureInput": false
		  },
		  "userProperties":
		  [
		  ],
		  "typeProperties":
		  {
			"storedProcedureName": "[etlaudit].[usp_UpdateAuditProcessExecution]",
			"storedProcedureParameters":
			{
			  "ProcessExecutionKey":
			  {
				"value":
				{
				  "value": "@activity('Audit - Start Process').output.firstRow.ProcessExecutionKey",
				  "type": "Expression"
				},
				"type": "Int32"
			  },
			  "SuccessfulProcessingIndicator":
			  {
				"value": "N",
				"type": "String"
			  }
			}
		  },
		  "linkedServiceName":
		  {
			"referenceName": "LS_SqlServer",
			"type": "LinkedServiceReference"
		  }
		},
		{
		  "name": "Load DW aternityApplication",
		  "type": "ExecutePipeline",
		  "dependsOn":
		  [
			{
			  "activity": "Audit - Start Process",
			  "dependencyConditions":
			  [
				"Succeeded"
			  ]
			}
		  ],
		  "userProperties":
		  [
		  ],
		  "typeProperties":
		  {
			"pipeline":
			{
			  "referenceName": "Load Aternity DW aternityApplication",
			  "type": "PipelineReference"
			},
			"waitOnCompletion": true,
			"parameters":
			{
			  "StartDateTime":
			  {
				"value": "@pipeline().parameters.StartDateTime",
				"type": "Expression"
			  },
			  "EndDateTime":
			  {
				"value": "@pipeline().parameters.EndDateTime",
				"type": "Expression"
			  },
			  "ParentExecutionKey":
			  {
				"value": "@activity('Audit - Start Process').output.firstRow.ProcessExecutionKey",
				"type": "Expression"
			  },
			  "ParentExtractionTimeKey":
			  {
				"value": "@pipeline().parameters.ParentExtractionTimeKey",
				"type": "Expression"
			  }
			}
		  }
		},
		{
		  "name": "Load DW aternityApplicationResource",
		  "type": "ExecutePipeline",
		  "dependsOn":
		  [
			{
			  "activity": "Audit - Start Process",
			  "dependencyConditions":
			  [
				"Succeeded"
			  ]
			}
		  ],
		  "userProperties":
		  [
		  ],
		  "typeProperties":
		  {
			"pipeline":
			{
			  "referenceName": "Load Aternity DW aternityApplicationResource",
			  "type": "PipelineReference"
			},
			"waitOnCompletion": true,
			"parameters":
			{
			  "StartDateTime":
			  {
				"value": "@pipeline().parameters.StartDateTime",
				"type": "Expression"
			  },
			  "EndDateTime":
			  {
				"value": "@pipeline().parameters.EndDateTime",
				"type": "Expression"
			  },
			  "ParentExecutionKey":
			  {
				"value": "@activity('Audit - Start Process').output.firstRow.ProcessExecutionKey",
				"type": "Expression"
			  },
			  "ParentExtractionTimeKey":
			  {
				"value": "@pipeline().parameters.ParentExtractionTimeKey",
				"type": "Expression"
			  }
			}
		  }
		},
		{
		  "name": "Load DW aternityApplicationEvent",
		  "type": "ExecutePipeline",
		  "dependsOn":
		  [
			{
			  "activity": "Audit - Start Process",
			  "dependencyConditions":
			  [
				"Succeeded"
			  ]
			}
		  ],
		  "userProperties":
		  [
		  ],
		  "typeProperties":
		  {
			"pipeline":
			{
			  "referenceName": "Load Aternity DW aternityApplicationEvent",
			  "type": "PipelineReference"
			},
			"waitOnCompletion": true,
			"parameters":
			{
			  "StartDateTime":
			  {
				"value": "@pipeline().parameters.StartDateTime",
				"type": "Expression"
			  },
			  "EndDateTime":
			  {
				"value": "@pipeline().parameters.EndDateTime",
				"type": "Expression"
			  },
			  "ParentExecutionKey":
			  {
				"value": "@activity('Audit - Start Process').output.firstRow.ProcessExecutionKey",
				"type": "Expression"
			  },
			  "ParentExtractionTimeKey":
			  {
				"value": "@pipeline().parameters.ParentExtractionTimeKey",
				"type": "Expression"
			  }
			}
		  }
		},
		{
		  "name": "Load DW aternityBusinessActivity",
		  "type": "ExecutePipeline",
		  "dependsOn":
		  [
			{
			  "activity": "Audit - Start Process",
			  "dependencyConditions":
			  [
				"Succeeded"
			  ]
			}
		  ],
		  "userProperties":
		  [
		  ],
		  "typeProperties":
		  {
			"pipeline":
			{
			  "referenceName": "Load Aternity DW aternityBusinessActivity",
			  "type": "PipelineReference"
			},
			"waitOnCompletion": true,
			"parameters":
			{
			  "StartDateTime":
			  {
				"value": "@pipeline().parameters.StartDateTime",
				"type": "Expression"
			  },
			  "EndDateTime":
			  {
				"value": "@pipeline().parameters.EndDateTime",
				"type": "Expression"
			  },
			  "ParentExecutionKey":
			  {
				"value": "@activity('Audit - Start Process').output.firstRow.ProcessExecutionKey",
				"type": "Expression"
			  },
			  "ParentExtractionTimeKey":
			  {
				"value": "@pipeline().parameters.ParentExtractionTimeKey",
				"type": "Expression"
			  }
			}
		  }
		},
		{
		  "name": "Load DW aternityCustomData",
		  "type": "ExecutePipeline",
		  "dependsOn":
		  [
			{
			  "activity": "Audit - Start Process",
			  "dependencyConditions":
			  [
				"Succeeded"
			  ]
			}
		  ],
		  "userProperties":
		  [
		  ],
		  "typeProperties":
		  {
			"pipeline":
			{
			  "referenceName": "Load Aternity DW aternityCustomData",
			  "type": "PipelineReference"
			},
			"waitOnCompletion": true,
			"parameters":
			{
			  "StartDateTime":
			  {
				"value": "@pipeline().parameters.StartDateTime",
				"type": "Expression"
			  },
			  "EndDateTime":
			  {
				"value": "@pipeline().parameters.EndDateTime",
				"type": "Expression"
			  },
			  "ParentExecutionKey":
			  {
				"value": "@activity('Audit - Start Process').output.firstRow.ProcessExecutionKey",
				"type": "Expression"
			  },
			  "ParentExtractionTimeKey":
			  {
				"value": "@pipeline().parameters.ParentExtractionTimeKey",
				"type": "Expression"
			  }
			}
		  }
		},
		{
		  "name": "Load DW aternityDeviceInventory",
		  "type": "ExecutePipeline",
		  "dependsOn":
		  [
			{
			  "activity": "Audit - Start Process",
			  "dependencyConditions":
			  [
				"Succeeded"
			  ]
			}
		  ],
		  "userProperties":
		  [
		  ],
		  "typeProperties":
		  {
			"pipeline":
			{
			  "referenceName": "Load Aternity DW aternityDeviceInventory",
			  "type": "PipelineReference"
			},
			"waitOnCompletion": true,
			"parameters":
			{
			  "StartDateTime":
			  {
				"value": "@pipeline().parameters.StartDateTime",
				"type": "Expression"
			  },
			  "EndDateTime":
			  {
				"value": "@pipeline().parameters.EndDateTime",
				"type": "Expression"
			  },
			  "ParentExecutionKey":
			  {
				"value": "@activity('Audit - Start Process').output.firstRow.ProcessExecutionKey",
				"type": "Expression"
			  },
			  "ParentExtractionTimeKey":
			  {
				"value": "@pipeline().parameters.ParentExtractionTimeKey",
				"type": "Expression"
			  }
			}
		  }
		},
		{
		  "name": "Load DW aternityHostResource",
		  "type": "ExecutePipeline",
		  "dependsOn":
		  [
			{
			  "activity": "Audit - Start Process",
			  "dependencyConditions":
			  [
				"Succeeded"
			  ]
			}
		  ],
		  "userProperties":
		  [
		  ],
		  "typeProperties":
		  {
			"pipeline":
			{
			  "referenceName": "Load Aternity DW aternityHostResource",
			  "type": "PipelineReference"
			},
			"waitOnCompletion": true,
			"parameters":
			{
			  "StartDateTime":
			  {
				"value": "@pipeline().parameters.StartDateTime",
				"type": "Expression"
			  },
			  "EndDateTime":
			  {
				"value": "@pipeline().parameters.EndDateTime",
				"type": "Expression"
			  },
			  "ParentExecutionKey":
			  {
				"value": "@activity('Audit - Start Process').output.firstRow.ProcessExecutionKey",
				"type": "Expression"
			  },
			  "ParentExtractionTimeKey":
			  {
				"value": "@pipeline().parameters.ParentExtractionTimeKey",
				"type": "Expression"
			  }
			}
		  }
		},
		{
		  "name": "Load DW aternityIncident",
		  "type": "ExecutePipeline",
		  "dependsOn":
		  [
			{
			  "activity": "Audit - Start Process",
			  "dependencyConditions":
			  [
				"Succeeded"
			  ]
			}
		  ],
		  "userProperties":
		  [
		  ],
		  "typeProperties":
		  {
			"pipeline":
			{
			  "referenceName": "Load Aternity DW aternityIncident",
			  "type": "PipelineReference"
			},
			"waitOnCompletion": true,
			"parameters":
			{
			  "StartDateTime":
			  {
				"value": "@pipeline().parameters.StartDateTime",
				"type": "Expression"
			  },
			  "EndDateTime":
			  {
				"value": "@pipeline().parameters.EndDateTime",
				"type": "Expression"
			  },
			  "ParentExecutionKey":
			  {
				"value": "@activity('Audit - Start Process').output.firstRow.ProcessExecutionKey",
				"type": "Expression"
			  },
			  "ParentExtractionTimeKey":
			  {
				"value": "@pipeline().parameters.ParentExtractionTimeKey",
				"type": "Expression"
			  }
			}
		  }
		},
		{
		  "name": "Load DW aternityInstalledSoftware",
		  "type": "ExecutePipeline",
		  "dependsOn":
		  [
			{
			  "activity": "Audit - Start Process",
			  "dependencyConditions":
			  [
				"Succeeded"
			  ]
			}
		  ],
		  "userProperties":
		  [
		  ],
		  "typeProperties":
		  {
			"pipeline":
			{
			  "referenceName": "Load Aternity DW aternityInstalledSoftware",
			  "type": "PipelineReference"
			},
			"waitOnCompletion": true,
			"parameters":
			{
			  "StartDateTime":
			  {
				"value": "@pipeline().parameters.StartDateTime",
				"type": "Expression"
			  },
			  "EndDateTime":
			  {
				"value": "@pipeline().parameters.EndDateTime",
				"type": "Expression"
			  },
			  "ParentExecutionKey":
			  {
				"value": "@activity('Audit - Start Process').output.firstRow.ProcessExecutionKey",
				"type": "Expression"
			  },
			  "ParentExtractionTimeKey":
			  {
				"value": "@pipeline().parameters.ParentExtractionTimeKey",
				"type": "Expression"
			  }
			}
		  }
		},
		{
		  "name": "Load DW aternityInstalledSoftwareChangeLog",
		  "type": "ExecutePipeline",
		  "dependsOn":
		  [
			{
			  "activity": "Audit - Start Process",
			  "dependencyConditions":
			  [
				"Succeeded"
			  ]
			}
		  ],
		  "userProperties":
		  [
		  ],
		  "typeProperties":
		  {
			"pipeline":
			{
			  "referenceName": "Load Aternity DW aternityInstalledSoftwareChangeLog",
			  "type": "PipelineReference"
			},
			"waitOnCompletion": true,
			"parameters":
			{
			  "StartDateTime":
			  {
				"value": "@pipeline().parameters.StartDateTime",
				"type": "Expression"
			  },
			  "EndDateTime":
			  {
				"value": "@pipeline().parameters.EndDateTime",
				"type": "Expression"
			  },
			  "ParentExecutionKey":
			  {
				"value": "@activity('Audit - Start Process').output.firstRow.ProcessExecutionKey",
				"type": "Expression"
			  },
			  "ParentExtractionTimeKey":
			  {
				"value": "@pipeline().parameters.ParentExtractionTimeKey",
				"type": "Expression"
			  }
			}
		  }
		},
		{
		  "name": "Load DW aternityMobileApplicationsInventory",
		  "type": "ExecutePipeline",
		  "dependsOn":
		  [
			{
			  "activity": "Audit - Start Process",
			  "dependencyConditions":
			  [
				"Succeeded"
			  ]
			}
		  ],
		  "userProperties":
		  [
		  ],
		  "typeProperties":
		  {
			"pipeline":
			{
			  "referenceName": "Load Aternity DW aternityMobileApplicationsInventory",
			  "type": "PipelineReference"
			},
			"waitOnCompletion": true,
			"parameters":
			{
			  "StartDateTime":
			  {
				"value": "@pipeline().parameters.StartDateTime",
				"type": "Expression"
			  },
			  "EndDateTime":
			  {
				"value": "@pipeline().parameters.EndDateTime",
				"type": "Expression"
			  },
			  "ParentExecutionKey":
			  {
				"value": "@activity('Audit - Start Process').output.firstRow.ProcessExecutionKey",
				"type": "Expression"
			  },
			  "ParentExtractionTimeKey":
			  {
				"value": "@pipeline().parameters.ParentExtractionTimeKey",
				"type": "Expression"
			  }
			}
		  }
		},
		{
		  "name": "Load DW aternityReportingAgentsCount",
		  "type": "ExecutePipeline",
		  "dependsOn":
		  [
			{
			  "activity": "Audit - Start Process",
			  "dependencyConditions":
			  [
				"Succeeded"
			  ]
			}
		  ],
		  "userProperties":
		  [
		  ],
		  "typeProperties":
		  {
			"pipeline":
			{
			  "referenceName": "Load Aternity DW aternityReportingAgentsCount",
			  "type": "PipelineReference"
			},
			"waitOnCompletion": true,
			"parameters":
			{
			  "StartDateTime":
			  {
				"value": "@pipeline().parameters.StartDateTime",
				"type": "Expression"
			  },
			  "EndDateTime":
			  {
				"value": "@pipeline().parameters.EndDateTime",
				"type": "Expression"
			  },
			  "ParentExecutionKey":
			  {
				"value": "@activity('Audit - Start Process').output.firstRow.ProcessExecutionKey",
				"type": "Expression"
			  },
			  "ParentExtractionTimeKey":
			  {
				"value": "@pipeline().parameters.ParentExtractionTimeKey",
				"type": "Expression"
			  }
			}
		  }
		},
		{
		  "name": "Load DW aternityServiceDeskAlert",
		  "type": "ExecutePipeline",
		  "dependsOn":
		  [
			{
			  "activity": "Audit - Start Process",
			  "dependencyConditions":
			  [
				"Succeeded"
			  ]
			}
		  ],
		  "userProperties":
		  [
		  ],
		  "typeProperties":
		  {
			"pipeline":
			{
			  "referenceName": "Load Aternity DW aternityServiceDeskAlert",
			  "type": "PipelineReference"
			},
			"waitOnCompletion": true,
			"parameters":
			{
			  "StartDateTime":
			  {
				"value": "@pipeline().parameters.StartDateTime",
				"type": "Expression"
			  },
			  "EndDateTime":
			  {
				"value": "@pipeline().parameters.EndDateTime",
				"type": "Expression"
			  },
			  "ParentExecutionKey":
			  {
				"value": "@activity('Audit - Start Process').output.firstRow.ProcessExecutionKey",
				"type": "Expression"
			  },
			  "ParentExtractionTimeKey":
			  {
				"value": "@pipeline().parameters.ParentExtractionTimeKey",
				"type": "Expression"
			  }
			}
		  }
		},
		{
		  "name": "Load DW aternityWifiStatistic",
		  "type": "ExecutePipeline",
		  "dependsOn":
		  [
			{
			  "activity": "Audit - Start Process",
			  "dependencyConditions":
			  [
				"Succeeded"
			  ]
			}
		  ],
		  "userProperties":
		  [
		  ],
		  "typeProperties":
		  {
			"pipeline":
			{
			  "referenceName": "Load Aternity DW aternityWifiStatistic",
			  "type": "PipelineReference"
			},
			"waitOnCompletion": true,
			"parameters":
			{
			  "StartDateTime":
			  {
				"value": "@pipeline().parameters.StartDateTime",
				"type": "Expression"
			  },
			  "EndDateTime":
			  {
				"value": "@pipeline().parameters.EndDateTime",
				"type": "Expression"
			  },
			  "ParentExecutionKey":
			  {
				"value": "@activity('Audit - Start Process').output.firstRow.ProcessExecutionKey",
				"type": "Expression"
			  },
			  "ParentExtractionTimeKey":
			  {
				"value": "@pipeline().parameters.ParentExtractionTimeKey",
				"type": "Expression"
			  }
			}
		  }
		},
		{
		  "name": "Load DW aternityWindowsMachineBoot",
		  "type": "ExecutePipeline",
		  "dependsOn":
		  [
			{
			  "activity": "Audit - Start Process",
			  "dependencyConditions":
			  [
				"Succeeded"
			  ]
			}
		  ],
		  "userProperties":
		  [
		  ],
		  "typeProperties":
		  {
			"pipeline":
			{
			  "referenceName": "Load Aternity DW aternityWindowsMachineBoot",
			  "type": "PipelineReference"
			},
			"waitOnCompletion": true,
			"parameters":
			{
			  "StartDateTime":
			  {
				"value": "@pipeline().parameters.StartDateTime",
				"type": "Expression"
			  },
			  "EndDateTime":
			  {
				"value": "@pipeline().parameters.EndDateTime",
				"type": "Expression"
			  },
			  "ParentExecutionKey":
			  {
				"value": "@activity('Audit - Start Process').output.firstRow.ProcessExecutionKey",
				"type": "Expression"
			  },
			  "ParentExtractionTimeKey":
			  {
				"value": "@pipeline().parameters.ParentExtractionTimeKey",
				"type": "Expression"
			  }
			}
		  }
		},
		{
		  "name": "Load DW aternityRemediationActionsRun",
		  "type": "ExecutePipeline",
		  "dependsOn":
		  [
			{
			  "activity": "Audit - Start Process",
			  "dependencyConditions":
			  [
				"Succeeded"
			  ]
			}
		  ],
		  "userProperties":
		  [
		  ],
		  "typeProperties":
		  {
			"pipeline":
			{
			  "referenceName": "Load Aternity DW aternityRemediationActionsRun",
			  "type": "PipelineReference"
			},
			"waitOnCompletion": true,
			"parameters":
			{
			  "StartDateTime":
			  {
				"value": "@pipeline().parameters.StartDateTime",
				"type": "Expression"
			  },
			  "EndDateTime":
			  {
				"value": "@pipeline().parameters.EndDateTime",
				"type": "Expression"
			  },
			  "ParentExecutionKey":
			  {
				"value": "@activity('Audit - Start Process').output.firstRow.ProcessExecutionKey",
				"type": "Expression"
			  },
			  "ParentExtractionTimeKey":
			  {
				"value": "@pipeline().parameters.ParentExtractionTimeKey",
				"type": "Expression"
			  }
			}
		  }
		}
	  ],
	  "parameters":
	  {
		"StartDateTime":
		{
		  "type": "string"
		},
		"EndDateTime":
		{
		  "type": "string"
		},
		"ParentExecutionKey":
		{
		  "type": "string"
		},
		"ParentExtractionTimeKey":
		{
		  "type": "string"
		}
	  },
	  "folder":
	  {
		"name": "Aternity/Process Data Warehouse"
	  },
	  "annotations":
	  [
	  ],
	  "lastPublishTime": "2021-09-23T16:49:03Z"
	},
	"type": "Microsoft.DataFactory/factories/pipelines"
  }