{
	"name": "Load CdeReporting DL Stage Tables",
	"properties": {
		"activities": [
			{
				"name": "Audit - Start Process",
				"type": "Lookup",
				"dependsOn": [],
				"policy": {
					"timeout": "0.00:01:00",
					"retry": 3,
					"retryIntervalInSeconds": 30,
					"secureOutput": false,
					"secureInput": false
				},
				"userProperties": [],
				"typeProperties": {
					"source": {
						"type": "SqlServerSource",
						"sqlReaderQuery": {
							"value": "@concat(\n'\nDECLARE @ProcessExecutionKey int\n\nEXEC [etlaudit].[usp_InsertAuditProcessExecution]\n  @ProcessName = ''', pipeline().Pipeline ,'''\n, @ParentProcessExecutionKey = ''', pipeline().parameters.ParentExecutionKey, '''\n, @ExecutionStartDatetime = ''', pipeline().parameters.StartDateTime, '''\n, @ExecutionStopDatetime = ''', pipeline().parameters.EndDateTime, '''\n, @ExtractionTimeKey = ''', pipeline().parameters.ParentExtractionTimeKey, '''\n, @ProcessExecutionKey = @ProcessExecutionKey OUTPUT;\n\nSELECT @ProcessExecutionKey AS ProcessExecutionKey\n'\n)\n",
							"type": "Expression"
						},
						"queryTimeout": "02:00:00",
						"partitionOption": "None"
					},
					"dataset": {
						"referenceName": "Database_SQLServer",
						"type": "DatasetReference"
					},
					"firstRowOnly": true
				}
			},
			{
				"name": "Audit - End Process - Success",
				"type": "SqlServerStoredProcedure",
				"dependsOn": [
					{
						"activity": "Load PbiDatasetRefresh from PbiDatasetRefresh",
						"dependencyConditions": [
							"Succeeded"
						]
					},
					{
						"activity": "Load PbiDataflowRefresh from PbiDataflowRefresh",
						"dependencyConditions": [
							"Succeeded"
						]
					},
					{
						"activity": "Load pbiDataflowDatasetRefreshMapping from PbiWorkspace",
						"dependencyConditions": [
							"Succeeded"
						]
					},
					{
						"activity": "Load pbiWorkspace from PbiWorkspaceGroup",
						"dependencyConditions": [
							"Succeeded"
						]
					},
					{
						"activity": "Load pbiCapacity from pbiCapacity",
						"dependencyConditions": [
							"Succeeded"
						]
					},
					{
						"activity": "Load pbiActivityEvent from PbiActivityEvent",
						"dependencyConditions": [
							"Succeeded"
						]
					},
					{
						"activity": "Load aadGroup from aadGroup",
						"dependencyConditions": [
							"Succeeded"
						]
					},
					{
						"activity": "Load aadGroupMember from aadGroupMember",
						"dependencyConditions": [
							"Succeeded"
						]
					},
					{
						"activity": "Load pbiCapacityRefresh from pbiCapacityRefresh",
						"dependencyConditions": [
							"Succeeded"
						]
					},
					{
						"activity": "Load pbiDatasetAsAdmin from pbiDatasetAsAdmin",
						"dependencyConditions": [
							"Succeeded"
						]
					},
					{
						"activity": "Load pbiDataflowAsAdmin from pbiDataflowAsAdmin",
						"dependencyConditions": [
							"Succeeded"
						]
					},
					{
						"activity": "Load PbiGroupUser from PbiGroupUser",
						"dependencyConditions": [
							"Succeeded"
						]
					},
					{
						"activity": "Load pbiWorkspaceScan from PbiWorkspaceScan",
						"dependencyConditions": [
							"Succeeded"
						]
					}
				],
				"policy": {
					"timeout": "0.00:01:00",
					"retry": 3,
					"retryIntervalInSeconds": 30,
					"secureOutput": false,
					"secureInput": false
				},
				"userProperties": [],
				"typeProperties": {
					"storedProcedureName": "[etlaudit].[usp_UpdateAuditProcessExecution]",
					"storedProcedureParameters": {
						"ProcessExecutionKey": {
							"value": {
								"value": "@activity('Audit - Start Process').output.firstRow.ProcessExecutionKey",
								"type": "Expression"
							},
							"type": "Int32"
						},
						"SuccessfulProcessingIndicator": {
							"value": "Y",
							"type": "String"
						}
					}
				},
				"linkedServiceName": {
					"referenceName": "LS_SqlServer",
					"type": "LinkedServiceReference"
				}
			},
			{
				"name": "Audit - End Process - Failure",
				"type": "SqlServerStoredProcedure",
				"dependsOn": [
					{
						"activity": "Load PbiDatasetRefresh from PbiDatasetRefresh",
						"dependencyConditions": [
							"Failed"
						]
					},
					{
						"activity": "Load PbiDataflowRefresh from PbiDataflowRefresh",
						"dependencyConditions": [
							"Failed"
						]
					},
					{
						"activity": "Load pbiDataflowDatasetRefreshMapping from PbiWorkspace",
						"dependencyConditions": [
							"Failed"
						]
					},
					{
						"activity": "Load pbiWorkspace from PbiWorkspaceGroup",
						"dependencyConditions": [
							"Failed"
						]
					},
					{
						"activity": "Load pbiCapacity from pbiCapacity",
						"dependencyConditions": [
							"Failed"
						]
					},
					{
						"activity": "Load pbiActivityEvent from PbiActivityEvent",
						"dependencyConditions": [
							"Failed"
						]
					},
					{
						"activity": "Load aadGroup from aadGroup",
						"dependencyConditions": [
							"Failed"
						]
					},
					{
						"activity": "Load aadGroupMember from aadGroupMember",
						"dependencyConditions": [
							"Failed"
						]
					},
					{
						"activity": "Load pbiCapacityRefresh from pbiCapacityRefresh",
						"dependencyConditions": [
							"Failed"
						]
					},
					{
						"activity": "Load pbiDatasetAsAdmin from pbiDatasetAsAdmin",
						"dependencyConditions": [
							"Failed"
						]
					},
					{
						"activity": "Load pbiDataflowAsAdmin from pbiDataflowAsAdmin",
						"dependencyConditions": [
							"Failed"
						]
					},
					{
						"activity": "Load PbiGroupUser from PbiGroupUser",
						"dependencyConditions": [
							"Failed"
						]
					},
					{
						"activity": "Load pbiWorkspaceScan from PbiWorkspaceScan",
						"dependencyConditions": [
							"Failed"
						]
					}
				],
				"policy": {
					"timeout": "0.00:01:00",
					"retry": 3,
					"retryIntervalInSeconds": 30,
					"secureOutput": false,
					"secureInput": false
				},
				"userProperties": [],
				"typeProperties": {
					"storedProcedureName": "[etlaudit].[usp_UpdateAuditProcessExecution]",
					"storedProcedureParameters": {
						"ProcessExecutionKey": {
							"value": {
								"value": "@activity('Audit - Start Process').output.firstRow.ProcessExecutionKey",
								"type": "Expression"
							},
							"type": "Int32"
						},
						"SuccessfulProcessingIndicator": {
							"value": "N",
							"type": "String"
						}
					}
				},
				"linkedServiceName": {
					"referenceName": "LS_SqlServer",
					"type": "LinkedServiceReference"
				}
			},
			{
				"name": "Load PbiDatasetRefresh from PbiDatasetRefresh",
				"type": "ExecutePipeline",
				"dependsOn": [
					{
						"activity": "Audit - Start Process",
						"dependencyConditions": [
							"Succeeded"
						]
					}
				],
				"userProperties": [],
				"typeProperties": {
					"pipeline": {
						"referenceName": "Load CdeReporting pbiDatasetRefresh From pbiDatasetRefresh",
						"type": "PipelineReference"
					},
					"waitOnCompletion": true,
					"parameters": {
						"StartDateTime": {
							"value": "@pipeline().parameters.StartDateTime",
							"type": "Expression"
						},
						"EndDateTime": {
							"value": "@pipeline().parameters.EndDateTime",
							"type": "Expression"
						},
						"ParentExecutionKey": {
							"value": "@activity('Audit - Start Process').output.firstRow.ProcessExecutionKey",
							"type": "Expression"
						},
						"ParentExtractionTimeKey": {
							"value": "@pipeline().parameters.ParentExtractionTimeKey",
							"type": "Expression"
						}
					}
				}
			},
			{
				"name": "Load PbiDataflowRefresh from PbiDataflowRefresh",
				"type": "ExecutePipeline",
				"dependsOn": [
					{
						"activity": "Audit - Start Process",
						"dependencyConditions": [
							"Succeeded"
						]
					}
				],
				"userProperties": [],
				"typeProperties": {
					"pipeline": {
						"referenceName": "Load CdeReporting pbiDataflowRefresh From pbiDataflowRefresh",
						"type": "PipelineReference"
					},
					"waitOnCompletion": true,
					"parameters": {
						"StartDateTime": {
							"value": "@pipeline().parameters.StartDateTime",
							"type": "Expression"
						},
						"EndDateTime": {
							"value": "@pipeline().parameters.EndDateTime",
							"type": "Expression"
						},
						"ParentExecutionKey": {
							"value": "@activity('Audit - Start Process').output.firstRow.ProcessExecutionKey",
							"type": "Expression"
						},
						"ParentExtractionTimeKey": {
							"value": "@pipeline().parameters.ParentExtractionTimeKey",
							"type": "Expression"
						}
					}
				}
			},
			{
				"name": "Load pbiDataflowDatasetRefreshMapping from PbiWorkspace",
				"type": "ExecutePipeline",
				"dependsOn": [
					{
						"activity": "Audit - Start Process",
						"dependencyConditions": [
							"Succeeded"
						]
					}
				],
				"userProperties": [],
				"typeProperties": {
					"pipeline": {
						"referenceName": "Load CdeReporting pbiDataflowDatasetRefreshMapping From pbiWorkspace",
						"type": "PipelineReference"
					},
					"waitOnCompletion": true,
					"parameters": {
						"StartDateTime": {
							"value": "@pipeline().parameters.StartDateTime",
							"type": "Expression"
						},
						"EndDateTime": {
							"value": "@pipeline().parameters.EndDateTime",
							"type": "Expression"
						},
						"ParentExecutionKey": {
							"value": "@activity('Audit - Start Process').output.firstRow.ProcessExecutionKey",
							"type": "Expression"
						},
						"ParentExtractionTimeKey": {
							"value": "@pipeline().parameters.ParentExtractionTimeKey",
							"type": "Expression"
						}
					}
				}
			},
			{
				"name": "Load pbiWorkspace from PbiWorkspaceGroup",
				"type": "ExecutePipeline",
				"dependsOn": [
					{
						"activity": "Audit - Start Process",
						"dependencyConditions": [
							"Succeeded"
						]
					}
				],
				"userProperties": [],
				"typeProperties": {
					"pipeline": {
						"referenceName": "Load CdeReporting pbiWorkspace From pbiWorkspaceGroup",
						"type": "PipelineReference"
					},
					"waitOnCompletion": true,
					"parameters": {
						"StartDateTime": {
							"value": "@pipeline().parameters.StartDateTime",
							"type": "Expression"
						},
						"EndDateTime": {
							"value": "@pipeline().parameters.EndDateTime",
							"type": "Expression"
						},
						"ParentExecutionKey": {
							"value": "@activity('Audit - Start Process').output.firstRow.ProcessExecutionKey",
							"type": "Expression"
						},
						"ParentExtractionTimeKey": {
							"value": "@pipeline().parameters.ParentExtractionTimeKey",
							"type": "Expression"
						}
					}
				}
			},
			{
				"name": "Load pbiCapacity from pbiCapacity",
				"type": "ExecutePipeline",
				"dependsOn": [
					{
						"activity": "Audit - Start Process",
						"dependencyConditions": [
							"Succeeded"
						]
					}
				],
				"userProperties": [],
				"typeProperties": {
					"pipeline": {
						"referenceName": "Load CdeReporting pbiCapacity From pbiCapacity",
						"type": "PipelineReference"
					},
					"waitOnCompletion": true,
					"parameters": {
						"StartDateTime": {
							"value": "@pipeline().parameters.StartDateTime",
							"type": "Expression"
						},
						"EndDateTime": {
							"value": "@pipeline().parameters.EndDateTime",
							"type": "Expression"
						},
						"ParentExecutionKey": {
							"value": "@activity('Audit - Start Process').output.firstRow.ProcessExecutionKey",
							"type": "Expression"
						},
						"ParentExtractionTimeKey": {
							"value": "@pipeline().parameters.ParentExtractionTimeKey",
							"type": "Expression"
						}
					}
				}
			},
			{
				"name": "Load pbiActivityEvent from PbiActivityEvent",
				"type": "ExecutePipeline",
				"dependsOn": [
					{
						"activity": "Audit - Start Process",
						"dependencyConditions": [
							"Succeeded"
						]
					}
				],
				"userProperties": [],
				"typeProperties": {
					"pipeline": {
						"referenceName": "Load CdeReporting pbiActivityEvent From pbiActivityEvent",
						"type": "PipelineReference"
					},
					"waitOnCompletion": true,
					"parameters": {
						"StartDateTime": {
							"value": "@pipeline().parameters.StartDateTime",
							"type": "Expression"
						},
						"EndDateTime": {
							"value": "@pipeline().parameters.EndDateTime",
							"type": "Expression"
						},
						"ParentExecutionKey": {
							"value": "@activity('Audit - Start Process').output.firstRow.ProcessExecutionKey",
							"type": "Expression"
						},
						"ParentExtractionTimeKey": {
							"value": "@pipeline().parameters.ParentExtractionTimeKey",
							"type": "Expression"
						}
					}
				}
			},
			{
				"name": "Load aadGroup from aadGroup",
				"type": "ExecutePipeline",
				"dependsOn": [
					{
						"activity": "Audit - Start Process",
						"dependencyConditions": [
							"Succeeded"
						]
					}
				],
				"userProperties": [],
				"typeProperties": {
					"pipeline": {
						"referenceName": "Load CdeReporting aadGroup From aadGroup",
						"type": "PipelineReference"
					},
					"waitOnCompletion": true,
					"parameters": {
						"StartDateTime": {
							"value": "@pipeline().parameters.StartDateTime",
							"type": "Expression"
						},
						"EndDateTime": {
							"value": "@pipeline().parameters.EndDateTime",
							"type": "Expression"
						},
						"ParentExecutionKey": {
							"value": "@activity('Audit - Start Process').output.firstRow.ProcessExecutionKey",
							"type": "Expression"
						},
						"ParentExtractionTimeKey": {
							"value": "@pipeline().parameters.ParentExtractionTimeKey",
							"type": "Expression"
						}
					}
				}
			},
			{
				"name": "Load aadGroupMember from aadGroupMember",
				"type": "ExecutePipeline",
				"dependsOn": [
					{
						"activity": "Audit - Start Process",
						"dependencyConditions": [
							"Succeeded"
						]
					}
				],
				"userProperties": [],
				"typeProperties": {
					"pipeline": {
						"referenceName": "Load CdeReporting aadGroupMember From aadGroupMember",
						"type": "PipelineReference"
					},
					"waitOnCompletion": true,
					"parameters": {
						"StartDateTime": {
							"value": "@pipeline().parameters.StartDateTime",
							"type": "Expression"
						},
						"EndDateTime": {
							"value": "@pipeline().parameters.EndDateTime",
							"type": "Expression"
						},
						"ParentExecutionKey": {
							"value": "@activity('Audit - Start Process').output.firstRow.ProcessExecutionKey",
							"type": "Expression"
						},
						"ParentExtractionTimeKey": {
							"value": "@pipeline().parameters.ParentExtractionTimeKey",
							"type": "Expression"
						}
					}
				}
			},
			{
				"name": "Load pbiCapacityRefresh from pbiCapacityRefresh",
				"type": "ExecutePipeline",
				"dependsOn": [
					{
						"activity": "Audit - Start Process",
						"dependencyConditions": [
							"Succeeded"
						]
					}
				],
				"userProperties": [],
				"typeProperties": {
					"pipeline": {
						"referenceName": "Load CdeReporting pbiCapacityRefresh From pbiCapacityRefresh",
						"type": "PipelineReference"
					},
					"waitOnCompletion": true,
					"parameters": {
						"StartDateTime": {
							"value": "@pipeline().parameters.StartDateTime",
							"type": "Expression"
						},
						"EndDateTime": {
							"value": "@pipeline().parameters.EndDateTime",
							"type": "Expression"
						},
						"ParentExecutionKey": {
							"value": "@activity('Audit - Start Process').output.firstRow.ProcessExecutionKey",
							"type": "Expression"
						},
						"ParentExtractionTimeKey": {
							"value": "@pipeline().parameters.ParentExtractionTimeKey",
							"type": "Expression"
						}
					}
				}
			},
			{
				"name": "Load pbiDatasetAsAdmin from pbiDatasetAsAdmin",
				"description": "",
				"type": "ExecutePipeline",
				"dependsOn": [
					{
						"activity": "Audit - Start Process",
						"dependencyConditions": [
							"Succeeded"
						]
					}
				],
				"userProperties": [],
				"typeProperties": {
					"pipeline": {
						"referenceName": "Load CdeReporting pbiDatasetAsAdmin From pbiDatasetAsAdmin",
						"type": "PipelineReference"
					},
					"waitOnCompletion": true,
					"parameters": {
						"StartDateTime": {
							"value": "@pipeline().parameters.StartDateTime",
							"type": "Expression"
						},
						"EndDateTime": {
							"value": "@pipeline().parameters.EndDateTime",
							"type": "Expression"
						},
						"ParentExecutionKey": {
							"value": "@activity('Audit - Start Process').output.firstRow.ProcessExecutionKey",
							"type": "Expression"
						},
						"ParentExtractionTimeKey": {
							"value": "@pipeline().parameters.ParentExtractionTimeKey",
							"type": "Expression"
						}
					}
				}
			},
			{
				"name": "Load pbiDataflowAsAdmin from pbiDataflowAsAdmin",
				"description": "",
				"type": "ExecutePipeline",
				"dependsOn": [
					{
						"activity": "Audit - Start Process",
						"dependencyConditions": [
							"Succeeded"
						]
					}
				],
				"userProperties": [],
				"typeProperties": {
					"pipeline": {
						"referenceName": "Load CdeReporting pbiDataflowAsAdmin From pbiDataflowAsAdmin",
						"type": "PipelineReference"
					},
					"waitOnCompletion": true,
					"parameters": {
						"StartDateTime": {
							"value": "@pipeline().parameters.StartDateTime",
							"type": "Expression"
						},
						"EndDateTime": {
							"value": "@pipeline().parameters.EndDateTime",
							"type": "Expression"
						},
						"ParentExecutionKey": {
							"value": "@activity('Audit - Start Process').output.firstRow.ProcessExecutionKey",
							"type": "Expression"
						},
						"ParentExtractionTimeKey": {
							"value": "@pipeline().parameters.ParentExtractionTimeKey",
							"type": "Expression"
						}
					}
				}
			},
			{
				"name": "Load PbiGroupUser from PbiGroupUser",
				"type": "ExecutePipeline",
				"dependsOn": [
					{
						"activity": "Audit - Start Process",
						"dependencyConditions": [
							"Succeeded"
						]
					}
				],
				"userProperties": [],
				"typeProperties": {
					"pipeline": {
						"referenceName": "Load CdeReporting pbiGroupUser From pbiGroupUser",
						"type": "PipelineReference"
					},
					"waitOnCompletion": true,
					"parameters": {
						"StartDateTime": {
							"value": "@pipeline().parameters.StartDateTime",
							"type": "Expression"
						},
						"EndDateTime": {
							"value": "@pipeline().parameters.EndDateTime",
							"type": "Expression"
						},
						"ParentExecutionKey": {
							"value": "@activity('Audit - Start Process').output.firstRow.ProcessExecutionKey",
							"type": "Expression"
						},
						"ParentExtractionTimeKey": {
							"value": "@pipeline().parameters.ParentExtractionTimeKey",
							"type": "Expression"
						}
					}
				}
			},
			{
				"name": "Load pbiWorkspaceScan from PbiWorkspaceScan",
				"type": "ExecutePipeline",
				"dependsOn": [
					{
						"activity": "Audit - Start Process",
						"dependencyConditions": [
							"Succeeded"
						]
					}
				],
				"userProperties": [],
				"typeProperties": {
					"pipeline": {
						"referenceName": "Load CdeReporting pbiWorkspaceScan From pbiWorkspaceScan",
						"type": "PipelineReference"
					},
					"waitOnCompletion": true,
					"parameters": {
						"StartDateTime": {
							"value": "@pipeline().parameters.StartDateTime",
							"type": "Expression"
						},
						"EndDateTime": {
							"value": "@pipeline().parameters.EndDateTime",
							"type": "Expression"
						},
						"ParentExecutionKey": {
							"value": "@activity('Audit - Start Process').output.firstRow.ProcessExecutionKey",
							"type": "Expression"
						},
						"ParentExtractionTimeKey": {
							"value": "@pipeline().parameters.ParentExtractionTimeKey",
							"type": "Expression"
						}
					}
				}
			}
		],
		"parameters": {
			"StartDateTime": {
				"type": "string"
			},
			"EndDateTime": {
				"type": "string"
			},
			"ParentExecutionKey": {
				"type": "string"
			},
			"ParentExtractionTimeKey": {
				"type": "string"
			}
		},
		"folder": {
			"name": "CdeReporting/Process Data Warehouse"
		},
		"annotations": [],
		"lastPublishTime": "2021-09-23T16:49:03Z"
	},
	"type": "Microsoft.DataFactory/factories/pipelines"
}