{
	"name": "Load Device DW Stage Dims",
	"properties": {
		"activities": [
			{
				"name": "Audit - Start Process",
				"type": "Lookup",
				"dependsOn": [],
				"policy": {
					"timeout": "0.00:01:00",
					"retry": 3,
					"retryIntervalInSeconds": 30,
					"secureOutput": false,
					"secureInput": false
				},
				"userProperties": [],
				"typeProperties": {
					"source": {
						"type": "SqlServerSource",
						"sqlReaderQuery": {
							"value": "@concat(\n'\nDECLARE @ProcessExecutionKey int\n\nEXEC [etlaudit].[usp_InsertAuditProcessExecution]\n  @ProcessName = ''', pipeline().Pipeline ,'''\n, @ParentProcessExecutionKey = ''', pipeline().parameters.ParentExecutionKey, '''\n, @ExecutionStartDatetime = ''', pipeline().parameters.StartDateTime, '''\n, @ExecutionStopDatetime = ''', pipeline().parameters.EndDateTime, '''\n, @ExtractionTimeKey = ''', pipeline().parameters.ParentExtractionTimeKey, '''\n, @ProcessExecutionKey = @ProcessExecutionKey OUTPUT;\n\nSELECT @ProcessExecutionKey AS ProcessExecutionKey\n'\n)\n",
							"type": "Expression"
						},
						"queryTimeout": "02:00:00",
						"partitionOption": "None"
					},
					"dataset": {
						"referenceName": "Database_SQLServer",
						"type": "DatasetReference"
					},
					"firstRowOnly": true
				}
			},
			{
				"name": "Audit - End Process - Success",
				"type": "SqlServerStoredProcedure",
				"dependsOn": [
					{
						"activity": "Load DW severityDim_device",
						"dependencyConditions": [
							"Succeeded"
						]
					},
					{
						"activity": "Load DW statusDim_device",
						"dependencyConditions": [
							"Succeeded"
						]
					},
					{
						"activity": "Load DW urlDim_device",
						"dependencyConditions": [
							"Succeeded"
						]
					},
					{
						"activity": "Load DW deviceDim_device",
						"dependencyConditions": [
							"Succeeded"
						]
					},
					{
						"activity": "Load DW operatingSystemDim_device",
						"dependencyConditions": [
							"Succeeded"
						]
					},
					{
						"activity": "Load DW versionNumberDim_device",
						"dependencyConditions": [
							"Succeeded"
						]
					},
					{
						"activity": "Load DW malwareDim_device",
						"dependencyConditions": [
							"Succeeded"
						]
					},
					{
						"activity": "Load DW devicePolicyDefDim_device",
						"dependencyConditions": [
							"Succeeded"
						]
					},
					{
						"activity": "Load DW deviceStatusDim_device",
						"dependencyConditions": [
							"Succeeded"
						]
					},
					{
						"activity": "Load DW intuneDevice",
						"dependencyConditions": [
							"Succeeded"
						]
					}
				],
				"policy": {
					"timeout": "0.00:01:00",
					"retry": 3,
					"retryIntervalInSeconds": 30,
					"secureOutput": false,
					"secureInput": false
				},
				"userProperties": [],
				"typeProperties": {
					"storedProcedureName": "[etlaudit].[usp_UpdateAuditProcessExecution]",
					"storedProcedureParameters": {
						"ProcessExecutionKey": {
							"value": {
								"value": "@activity('Audit - Start Process').output.firstRow.ProcessExecutionKey",
								"type": "Expression"
							},
							"type": "Int32"
						},
						"SuccessfulProcessingIndicator": {
							"value": "Y",
							"type": "String"
						}
					}
				},
				"linkedServiceName": {
					"referenceName": "LS_SqlServer",
					"type": "LinkedServiceReference"
				}
			},
			{
				"name": "Audit - End Process - Failure",
				"type": "SqlServerStoredProcedure",
				"dependsOn": [
					{
						"activity": "Load DW severityDim_device",
						"dependencyConditions": [
							"Failed"
						]
					},
					{
						"activity": "Load DW statusDim_device",
						"dependencyConditions": [
							"Failed"
						]
					},
					{
						"activity": "Load DW urlDim_device",
						"dependencyConditions": [
							"Failed"
						]
					},
					{
						"activity": "Load DW deviceDim_device",
						"dependencyConditions": [
							"Failed"
						]
					},
					{
						"activity": "Load DW operatingSystemDim_device",
						"dependencyConditions": [
							"Failed"
						]
					},
					{
						"activity": "Load DW versionNumberDim_device",
						"dependencyConditions": [
							"Failed"
						]
					},
					{
						"activity": "Load DW malwareDim_device",
						"dependencyConditions": [
							"Failed"
						]
					},
					{
						"activity": "Load DW devicePolicyDefDim_device",
						"dependencyConditions": [
							"Failed"
						]
					},
					{
						"activity": "Load DW deviceStatusDim_device",
						"dependencyConditions": [
							"Failed"
						]
					},
					{
						"activity": "Load DW intuneDevice",
						"dependencyConditions": [
							"Failed"
						]
					}
				],
				"policy": {
					"timeout": "0.00:01:00",
					"retry": 3,
					"retryIntervalInSeconds": 30,
					"secureOutput": false,
					"secureInput": false
				},
				"userProperties": [],
				"typeProperties": {
					"storedProcedureName": "[etlaudit].[usp_UpdateAuditProcessExecution]",
					"storedProcedureParameters": {
						"ProcessExecutionKey": {
							"value": {
								"value": "@activity('Audit - Start Process').output.firstRow.ProcessExecutionKey",
								"type": "Expression"
							},
							"type": "Int32"
						},
						"SuccessfulProcessingIndicator": {
							"value": "N",
							"type": "String"
						}
					}
				},
				"linkedServiceName": {
					"referenceName": "LS_SqlServer",
					"type": "LinkedServiceReference"
				}
			},
			{
				"name": "Load DW severityDim_device",
				"type": "ExecutePipeline",
				"dependsOn": [
					{
						"activity": "Audit - Start Process",
						"dependencyConditions": [
							"Succeeded"
						]
					}
				],
				"userProperties": [],
				"typeProperties": {
					"pipeline": {
						"referenceName": "Load Device DW severityDim_device",
						"type": "PipelineReference"
					},
					"waitOnCompletion": true,
					"parameters": {
						"StartDateTime": {
							"value": "@pipeline().parameters.StartDateTime",
							"type": "Expression"
						},
						"EndDateTime": {
							"value": "@pipeline().parameters.EndDateTime",
							"type": "Expression"
						},
						"ParentExecutionKey": {
							"value": "@activity('Audit - Start Process').output.firstRow.ProcessExecutionKey",
							"type": "Expression"
						},
						"ParentExtractionTimeKey": {
							"value": "@pipeline().parameters.ParentExtractionTimeKey",
							"type": "Expression"
						}
					}
				}
			},
			{
				"name": "Load DW statusDim_device",
				"type": "ExecutePipeline",
				"dependsOn": [
					{
						"activity": "Audit - Start Process",
						"dependencyConditions": [
							"Succeeded"
						]
					}
				],
				"userProperties": [],
				"typeProperties": {
					"pipeline": {
						"referenceName": "Load Device DW statusDim_device",
						"type": "PipelineReference"
					},
					"waitOnCompletion": true,
					"parameters": {
						"StartDateTime": {
							"value": "@pipeline().parameters.StartDateTime",
							"type": "Expression"
						},
						"EndDateTime": {
							"value": "@pipeline().parameters.EndDateTime",
							"type": "Expression"
						},
						"ParentExecutionKey": {
							"value": "@activity('Audit - Start Process').output.firstRow.ProcessExecutionKey",
							"type": "Expression"
						},
						"ParentExtractionTimeKey": {
							"value": "@pipeline().parameters.ParentExtractionTimeKey",
							"type": "Expression"
						}
					}
				}
			},
			{
				"name": "Load DW urlDim_device",
				"type": "ExecutePipeline",
				"dependsOn": [
					{
						"activity": "Audit - Start Process",
						"dependencyConditions": [
							"Succeeded"
						]
					}
				],
				"userProperties": [],
				"typeProperties": {
					"pipeline": {
						"referenceName": "Load Device DW urlDim_device",
						"type": "PipelineReference"
					},
					"waitOnCompletion": true,
					"parameters": {
						"StartDateTime": {
							"value": "@pipeline().parameters.StartDateTime",
							"type": "Expression"
						},
						"EndDateTime": {
							"value": "@pipeline().parameters.EndDateTime",
							"type": "Expression"
						},
						"ParentExecutionKey": {
							"value": "@activity('Audit - Start Process').output.firstRow.ProcessExecutionKey",
							"type": "Expression"
						},
						"ParentExtractionTimeKey": {
							"value": "@pipeline().parameters.ParentExtractionTimeKey",
							"type": "Expression"
						}
					}
				}
			},
			{
				"name": "Load DW deviceDim_device",
				"type": "ExecutePipeline",
				"dependsOn": [
					{
						"activity": "Audit - Start Process",
						"dependencyConditions": [
							"Succeeded"
						]
					}
				],
				"userProperties": [],
				"typeProperties": {
					"pipeline": {
						"referenceName": "Load Device DW deviceDim_device",
						"type": "PipelineReference"
					},
					"waitOnCompletion": true,
					"parameters": {
						"StartDateTime": {
							"value": "@pipeline().parameters.StartDateTime",
							"type": "Expression"
						},
						"EndDateTime": {
							"value": "@pipeline().parameters.EndDateTime",
							"type": "Expression"
						},
						"ParentExecutionKey": {
							"value": "@activity('Audit - Start Process').output.firstRow.ProcessExecutionKey",
							"type": "Expression"
						},
						"ParentExtractionTimeKey": {
							"value": "@pipeline().parameters.ParentExtractionTimeKey",
							"type": "Expression"
						}
					}
				}
			},
			{
				"name": "Load DW operatingSystemDim_device",
				"type": "ExecutePipeline",
				"dependsOn": [
					{
						"activity": "Audit - Start Process",
						"dependencyConditions": [
							"Succeeded"
						]
					}
				],
				"userProperties": [],
				"typeProperties": {
					"pipeline": {
						"referenceName": "Load Device DW operatingSystemDim_device",
						"type": "PipelineReference"
					},
					"waitOnCompletion": true,
					"parameters": {
						"StartDateTime": {
							"value": "@pipeline().parameters.StartDateTime",
							"type": "Expression"
						},
						"EndDateTime": {
							"value": "@pipeline().parameters.EndDateTime",
							"type": "Expression"
						},
						"ParentExecutionKey": {
							"value": "@activity('Audit - Start Process').output.firstRow.ProcessExecutionKey",
							"type": "Expression"
						},
						"ParentExtractionTimeKey": {
							"value": "@pipeline().parameters.ParentExtractionTimeKey",
							"type": "Expression"
						}
					}
				}
			},
			{
				"name": "Load DW versionNumberDim_device",
				"type": "ExecutePipeline",
				"dependsOn": [
					{
						"activity": "Audit - Start Process",
						"dependencyConditions": [
							"Succeeded"
						]
					}
				],
				"userProperties": [],
				"typeProperties": {
					"pipeline": {
						"referenceName": "Load Device DW versionNumberDim_device",
						"type": "PipelineReference"
					},
					"waitOnCompletion": true,
					"parameters": {
						"StartDateTime": {
							"value": "@pipeline().parameters.StartDateTime",
							"type": "Expression"
						},
						"EndDateTime": {
							"value": "@pipeline().parameters.EndDateTime",
							"type": "Expression"
						},
						"ParentExecutionKey": {
							"value": "@activity('Audit - Start Process').output.firstRow.ProcessExecutionKey",
							"type": "Expression"
						},
						"ParentExtractionTimeKey": {
							"value": "@pipeline().parameters.ParentExtractionTimeKey",
							"type": "Expression"
						}
					}
				}
			},
			{
				"name": "Load DW malwareDim_device",
				"type": "ExecutePipeline",
				"dependsOn": [
					{
						"activity": "Audit - Start Process",
						"dependencyConditions": [
							"Succeeded"
						]
					}
				],
				"userProperties": [],
				"typeProperties": {
					"pipeline": {
						"referenceName": "Load Device DW malwareDim_device",
						"type": "PipelineReference"
					},
					"waitOnCompletion": true,
					"parameters": {
						"StartDateTime": {
							"value": "@pipeline().parameters.StartDateTime",
							"type": "Expression"
						},
						"EndDateTime": {
							"value": "@pipeline().parameters.EndDateTime",
							"type": "Expression"
						},
						"ParentExecutionKey": {
							"value": "@activity('Audit - Start Process').output.firstRow.ProcessExecutionKey",
							"type": "Expression"
						},
						"ParentExtractionTimeKey": {
							"value": "@pipeline().parameters.ParentExtractionTimeKey",
							"type": "Expression"
						}
					}
				}
			},
			{
				"name": "Load DW devicePolicyDefDim_device",
				"type": "ExecutePipeline",
				"dependsOn": [
					{
						"activity": "Audit - Start Process",
						"dependencyConditions": [
							"Succeeded"
						]
					}
				],
				"userProperties": [],
				"typeProperties": {
					"pipeline": {
						"referenceName": "Load Device DW devicePolicyDefDim_device",
						"type": "PipelineReference"
					},
					"waitOnCompletion": true,
					"parameters": {
						"StartDateTime": {
							"value": "@pipeline().parameters.StartDateTime",
							"type": "Expression"
						},
						"EndDateTime": {
							"value": "@pipeline().parameters.EndDateTime",
							"type": "Expression"
						},
						"ParentExecutionKey": {
							"value": "@activity('Audit - Start Process').output.firstRow.ProcessExecutionKey",
							"type": "Expression"
						},
						"ParentExtractionTimeKey": {
							"value": "@pipeline().parameters.ParentExtractionTimeKey",
							"type": "Expression"
						}
					}
				}
			},
			{
				"name": "Load DW deviceStatusDim_device",
				"type": "ExecutePipeline",
				"dependsOn": [
					{
						"activity": "Audit - Start Process",
						"dependencyConditions": [
							"Succeeded"
						]
					}
				],
				"userProperties": [],
				"typeProperties": {
					"pipeline": {
						"referenceName": "Load Device DW deviceStatusDim_device",
						"type": "PipelineReference"
					},
					"waitOnCompletion": true,
					"parameters": {
						"StartDateTime": {
							"value": "@pipeline().parameters.StartDateTime",
							"type": "Expression"
						},
						"EndDateTime": {
							"value": "@pipeline().parameters.EndDateTime",
							"type": "Expression"
						},
						"ParentExecutionKey": {
							"value": "@activity('Audit - Start Process').output.firstRow.ProcessExecutionKey",
							"type": "Expression"
						},
						"ParentExtractionTimeKey": {
							"value": "@pipeline().parameters.ParentExtractionTimeKey",
							"type": "Expression"
						}
					}
				}
			},
			{
				"name": "Load DW intuneDevice",
				"type": "ExecutePipeline",
				"dependsOn": [
					{
						"activity": "Audit - Start Process",
						"dependencyConditions": [
							"Succeeded"
						]
					}
				],
				"userProperties": [],
				"typeProperties": {
					"pipeline": {
						"referenceName": "Load Device DW intuneDevice_intuneDevice",
						"type": "PipelineReference"
					},
					"waitOnCompletion": true,
					"parameters": {
						"StartDateTime": {
							"value": "@pipeline().parameters.StartDateTime",
							"type": "Expression"
						},
						"EndDateTime": {
							"value": "@pipeline().parameters.EndDateTime",
							"type": "Expression"
						},
						"ParentExecutionKey": {
							"value": "@activity('Audit - Start Process').output.firstRow.ProcessExecutionKey",
							"type": "Expression"
						},
						"ParentExtractionTimeKey": {
							"value": "@pipeline().parameters.ParentExtractionTimeKey",
							"type": "Expression"
						}
					}
				}
			}
		],
		"parameters": {
			"StartDateTime": {
				"type": "string"
			},
			"EndDateTime": {
				"type": "string"
			},
			"ParentExecutionKey": {
				"type": "string"
			},
			"ParentExtractionTimeKey": {
				"type": "string"
			}
		},
		"folder": {
			"name": "Device/Process Data Warehouse"
		},
		"annotations": [],
		"lastPublishTime": "2021-09-23T16:49:03Z"
	},
	"type": "Microsoft.DataFactory/factories/pipelines"
}