{
	"name": "Blob_Excel_Survey_File",
	"properties": {
		"linkedServiceName": {
			"referenceName": "LS_AzureBlobStorage",
			"type": "LinkedServiceReference"
		},
		"parameters": {
			"folderPath": {
				"type": "string"
			},
			"container": {
				"type": "string"
			},
			"fileName": {
				"type": "string"
			},
			"worksheetName": {
				"type": "string"
			}
		},
		"annotations": [],
		"type": "Excel",
		"typeProperties": {
			"sheetName": {
				"value": "@dataset().worksheetName",
				"type": "Expression"
			},
			"location": {
				"type": "AzureBlobStorageLocation",
				"fileName": {
					"value": "@dataset().fileName",
					"type": "Expression"
				},
				"folderPath": {
					"value": "@dataset().folderPath",
					"type": "Expression"
				},
				"container": {
					"value": "@dataset().container",
					"type": "Expression"
				}
			},
			"firstRowAsHeader": false
		},
		"schema": []
	},
	"type": "Microsoft.DataFactory/factories/datasets"
}