{
	"name": "Database_Synapse",
	"properties": {
		"linkedServiceName": {
			"referenceName": "LS_DataWarehouse",
			"type": "LinkedServiceReference"
		},
		"parameters": {
			"schema": {
				"type": "string"
			},
			"table": {
				"type": "string"
			}
		},
		"annotations": [],
		"type": "AzureSqlDWTable",
		"schema": [
			{
				"name": "StartDateTime",
				"type": "datetime",
				"precision": 23,
				"scale": 3
			},
			{
				"name": "EndDateTime",
				"type": "datetime",
				"precision": 23,
				"scale": 3
			},
			{
				"name": "count",
				"type": "bigint",
				"precision": 19
			}
		],
		"typeProperties": {
			"schema": {
				"value": "@dataset().schema",
				"type": "Expression"
			},
			"table": {
				"value": "@dataset().table",
				"type": "Expression"
			}
		}
	},
	"type": "Microsoft.DataFactory/factories/datasets"
}