{
	"name": "Rest_Device_API",
	"properties": {
		"linkedServiceName": {
			"referenceName": "LS_DeviceAPI",
			"type": "LinkedServiceReference",
			"parameters": {
				"baseUrl": "@dataset().hostName"
			}
		},
		"parameters": {
			"hostName": {
				"type": "string",
				"defaultValue": "@dataset().hostName"
			}
		},
		"annotations": [],
		"type": "DelimitedText",
		"typeProperties": {
			"location": {
				"type": "HttpServerLocation"
			},
			"columnDelimiter": ",",
			"compressionCodec": "ZipDeflate",
			"escapeChar": "\\",
			"firstRowAsHeader": true,
			"quoteChar": "\""
		},
		"schema": []
	},
	"type": "Microsoft.DataFactory/factories/datasets"
}