{
	"name": "Rest_PolicyStates",
	"properties": {
		"linkedServiceName": {
			"referenceName": "LS_ManagementAPI",
			"type": "LinkedServiceReference"
		},
		"parameters": {
			"subscriptionId": {
				"type": "string"
			}
		},
		"annotations": [],
		"type": "RestResource",
		"typeProperties": {
			"relativeUrl": {
				"value": "@concat\n(\n'subscriptions/'\n, dataset().subscriptionId\n, '/providers/Microsoft.PolicyInsights/policyStates/latest/queryResults?api-version=2019-10-01'\n)\n\n\n",
				"type": "Expression"
			}
		},
		"schema": []
	},
	"type": "Microsoft.DataFactory/factories/datasets"
}