{
	"name": "Rest_PolicyDefinitions",
	"properties": {
		"linkedServiceName": {
			"referenceName": "LS_ManagementAPI",
			"type": "LinkedServiceReference"
		},
		"parameters": {
			"subscriptionId": {
				"type": "string"
			}
		},
		"annotations": [],
		"type": "RestResource",
		"typeProperties": {
			"relativeUrl": {
				"value": "@concat\n(\n'subscriptions/'\n, dataset().subscriptionId\n, '/providers/Microsoft.Authorization/policyDefinitions?api-version=2020-09-01'\n)",
				"type": "Expression"
			}
		},
		"schema": []
	},
	"type": "Microsoft.DataFactory/factories/datasets"
}