{
	"name": "Begin Synapse Update Statistics",
	"properties": {
		"activities": [
			{
				"name": "Synapse Update Statistics",
				"type": "SqlServerStoredProcedure",
				"dependsOn": [],
				"policy": {
					"timeout": "0.04:00:00",
					"retry": 3,
					"retryIntervalInSeconds": 30,
					"secureOutput": false,
					"secureInput": false
				},
				"userProperties": [],
				"typeProperties": {
					"storedProcedureName": "[etl].[usp_updateStats]"
				},
				"linkedServiceName": {
					"referenceName": "LS_DataWarehouse",
					"type": "LinkedServiceReference"
				}
			}
		],
		"concurrency": 1,
		"policy": {
			"elapsedTimeMetric": {
				"duration": "0.01:00:00"
			}
		},
		"folder": {
			"name": "Maintenance"
		},
		"annotations": []
	}
}