{
	"name": "Begin Restart Databricks Environment",
	"properties": {
		"description": "This Pipeline will make an API call to restart all Databricks clusters and jobs. When you Run this pipeline, it will ask you to enter / modify the parameter 'RunThisPipelineYN'. By default, it is set to no as a precaution to make sure this isn't ran accidentally. Set the value to 'Yes' to run.",
		"activities": [
			{
				"name": "Check if RunThisPipelineYN is Yes",
				"description": "Checks if the parameter 'RunThisPipelineYN' is set to 'Yes'.\nBy default it is set to 'No'. When the trigger calls this pipeline, it passes in 'Yes' as a parameter. \nTo run this manually, change the parameter to 'Yes' when prompted.",
				"type": "IfCondition",
				"dependsOn": [],
				"userProperties": [],
				"typeProperties": {
					"expression": {
						"value": "@equals(toLower(string(pipeline().parameters.RunThisPipelineYN)),'yes')\n \n",
						"type": "Expression"
					},
					"ifTrueActivities": [
						{
							"name": "Restart Databricks Clusters",
							"type": "ExecutePipeline",
							"dependsOn": [
								{
									"activity": "Shutdown Databricks Autoloader Jobs",
									"dependencyConditions": [
										"Succeeded"
									]
								}
							],
							"userProperties": [],
							"typeProperties": {
								"pipeline": {
									"referenceName": "Restart Databricks Clusters",
									"type": "PipelineReference"
								},
								"waitOnCompletion": true,
								"parameters": {
									"RunThisPipelineYN": "Yes"
								}
							}
						},
						{
							"name": "Wait 30 seconds",
							"description": "Wait for clusters to settle after restart",
							"type": "Wait",
							"dependsOn": [
								{
									"activity": "Restart Databricks Clusters",
									"dependencyConditions": [
										"Succeeded"
									]
								}
							],
							"userProperties": [],
							"typeProperties": {
								"waitTimeInSeconds": 180
							}
						},
						{
							"name": "Start Databricks Autoloader Jobs",
							"type": "ExecutePipeline",
							"dependsOn": [
								{
									"activity": "Wait 30 seconds",
									"dependencyConditions": [
										"Succeeded"
									]
								}
							],
							"userProperties": [],
							"typeProperties": {
								"pipeline": {
									"referenceName": "Start Databricks Autoloader Jobs",
									"type": "PipelineReference"
								},
								"waitOnCompletion": true,
								"parameters": {
									"RunThisPipelineYN": "Yes"
								}
							}
						},
						{
							"name": "Shutdown Databricks Autoloader Jobs",
							"type": "ExecutePipeline",
							"dependsOn": [],
							"userProperties": [],
							"typeProperties": {
								"pipeline": {
									"referenceName": "Shutdown Databricks Autoloader Jobs",
									"type": "PipelineReference"
								},
								"waitOnCompletion": true,
								"parameters": {
									"RunThisPipelineYN": "Yes"
								}
							}
						}
					]
				}
			}
		],
		"concurrency": 1,
		"policy": {
			"elapsedTimeMetric": {
				"duration": "0.00:30:00"
			}
		},
		"parameters": {
			"RunThisPipelineYN": {
				"type": "string",
				"defaultValue": "No"
			}
		},
		"folder": {
			"name": "Maintenance/Restart Databricks Environment"
		},
		"annotations": [],
		"lastPublishTime": "2022-02-17T23:21:46Z"
	},
	"type": "Microsoft.DataFactory/factories/pipelines"
}