{
	"name": "Begin Remove Extraneous Blobs - Users",
	"properties": {
		"activities": [
			{
				"name": "Remove Extraneous Blobs - Users",
				"description": "",
				"type": "DatabricksNotebook",
				"dependsOn": [],
				"policy": {
					"timeout": "0.01:00:00",
					"retry": 3,
					"retryIntervalInSeconds": 30,
					"secureOutput": false,
					"secureInput": false
				},
				"userProperties": [],
				"typeProperties": {
					"notebookPath": "/Common/Scripts/Remove_Extraneous_Blobs",
					"baseParameters": {
						"ContainerName": "users"
					}
				},
				"linkedServiceName": {
					"referenceName": "LS_Databricks",
					"type": "LinkedServiceReference"
				}
			}
		],
		"concurrency": 1,
		"policy": {
			"elapsedTimeMetric": {
				"duration": "0.00:30:00"
			}
		},
		"folder": {
			"name": "Maintenance"
		},
		"annotations": []
	}
}