{
	"name": "Begin OrgHierarchy Workflow",
	"properties": {
		"activities": [
			{
				"name": "Copy Excel data to Synapse stage",
				"type": "Copy",
				"dependsOn": [
					{
						"activity": "Pull fromType",
						"dependencyConditions": [
							"Succeeded"
						]
					}
				],
				"policy": {
					"timeout": "0.00:10:00",
					"retry": 3,
					"retryIntervalInSeconds": 30,
					"secureOutput": false,
					"secureInput": false
				},
				"userProperties": [],
				"typeProperties": {
					"source": {
						"type": "ExcelSource",
						"additionalColumns": [
							{
								"name": "whoCreated",
								"value": "ADF"
							},
							{
								"name": "whenCreated",
								"value": {
									"value": "@utcnow()",
									"type": "Expression"
								}
							},
							{
								"name": "fromSource",
								"value": {
									"value": "@variables('varSourceName')",
									"type": "Expression"
								}
							},
							{
								"name": "fromType",
								"value": {
									"value": "@activity('Pull fromType').output.firstRow.fromType",
									"type": "Expression"
								}
							}
						],
						"storeSettings": {
							"type": "AzureBlobStorageReadSettings",
							"recursive": true,
							"enablePartitionDiscovery": false
						}
					},
					"sink": {
						"type": "SqlDWSink",
						"preCopyScript": {
							"value": "@{concat(\n'exec etl.usp_truncateStage',\nvariables('varTableName')\n)}",
							"type": "Expression"
						},
						"disableMetricsCollection": false
					},
					"enableStaging": false,
					"translator": {
						"type": "TabularTranslator",
						"mappings": [
							{
								"source": {
									"name": "PK_UIC",
									"physicalType": "String"
								},
								"sink": {
									"name": "orgHierarchyKey",
									"type": "Int64",
									"physicalType": "bigint"
								}
							},
							{
								"source": {
									"name": "UIC",
									"physicalType": "String"
								},
								"sink": {
									"name": "UIC",
									"type": "String",
									"physicalType": "varchar"
								}
							},
							{
								"source": {
									"name": "OPCON",
									"physicalType": "String"
								},
								"sink": {
									"name": "OPCON",
									"type": "String",
									"physicalType": "varchar"
								}
							},
							{
								"source": {
									"name": "ADCON",
									"physicalType": "String"
								},
								"sink": {
									"name": "ADCON",
									"type": "String",
									"physicalType": "varchar"
								}
							},
							{
								"source": {
									"name": "CommandAbbrev",
									"physicalType": "String"
								},
								"sink": {
									"name": "commandAbbrv",
									"type": "String",
									"physicalType": "varchar"
								}
							},
							{
								"source": {
									"name": "SubCommandAbbrev",
									"physicalType": "String"
								},
								"sink": {
									"name": "subcommandAbbrv",
									"type": "String",
									"physicalType": "varchar"
								}
							},
							{
								"source": {
									"name": "MACOM",
									"physicalType": "String"
								},
								"sink": {
									"name": "MACOMName",
									"type": "String",
									"physicalType": "varchar"
								}
							},
							{
								"source": {
									"name": "SUBCOM",
									"physicalType": "String"
								},
								"sink": {
									"name": "SUBCOMName",
									"type": "String",
									"physicalType": "varchar"
								}
							},
							{
								"source": {
									"name": "UnitName",
									"type": "String",
									"physicalType": "String"
								},
								"sink": {
									"name": "unitName",
									"type": "String",
									"physicalType": "varchar"
								}
							},
							{
								"source": {
									"name": "UnitShortName",
									"type": "String",
									"physicalType": "String"
								},
								"sink": {
									"name": "unitShortName",
									"type": "String",
									"physicalType": "varchar"
								}
							},
							{
								"source": {
									"name": "TPSNCode",
									"type": "String",
									"physicalType": "String"
								},
								"sink": {
									"name": "TPSNCode",
									"type": "String",
									"physicalType": "varchar"
								}
							},
							{
								"source": {
									"name": "TPSN",
									"type": "String",
									"physicalType": "String"
								},
								"sink": {
									"name": "TPSNName",
									"type": "String",
									"physicalType": "varchar"
								}
							},
							{
								"source": {
									"name": "ULCCode",
									"type": "String",
									"physicalType": "String"
								},
								"sink": {
									"name": "ULCCode",
									"type": "String",
									"physicalType": "varchar"
								}
							},
							{
								"source": {
									"name": "ULC",
									"type": "String",
									"physicalType": "String"
								},
								"sink": {
									"name": "ULCName",
									"type": "String",
									"physicalType": "varchar"
								}
							},
							{
								"source": {
									"name": "Source",
									"type": "String",
									"physicalType": "String"
								},
								"sink": {
									"name": "sourceName",
									"type": "String",
									"physicalType": "varchar"
								}
							},
							{
								"source": {
									"name": "AllLevelsToParse",
									"type": "String",
									"physicalType": "String"
								},
								"sink": {
									"name": "levelParseCode",
									"type": "String",
									"physicalType": "varchar"
								}
							},
							{
								"source": {
									"name": "L1",
									"type": "String",
									"physicalType": "String"
								},
								"sink": {
									"name": "L1Code",
									"type": "String",
									"physicalType": "varchar"
								}
							},
							{
								"source": {
									"name": "L2",
									"type": "String",
									"physicalType": "String"
								},
								"sink": {
									"name": "L2Code",
									"type": "String",
									"physicalType": "varchar"
								}
							},
							{
								"source": {
									"name": "L3",
									"type": "String",
									"physicalType": "String"
								},
								"sink": {
									"name": "L3Code",
									"type": "String",
									"physicalType": "varchar"
								}
							},
							{
								"source": {
									"name": "L4",
									"type": "String",
									"physicalType": "String"
								},
								"sink": {
									"name": "L4Code",
									"type": "String",
									"physicalType": "varchar"
								}
							},
							{
								"source": {
									"name": "L5",
									"type": "String",
									"physicalType": "String"
								},
								"sink": {
									"name": "L5Code",
									"type": "String",
									"physicalType": "varchar"
								}
							},
							{
								"source": {
									"name": "L6",
									"type": "String",
									"physicalType": "String"
								},
								"sink": {
									"name": "L6Code",
									"type": "String",
									"physicalType": "varchar"
								}
							},
							{
								"source": {
									"name": "L7",
									"type": "String",
									"physicalType": "String"
								},
								"sink": {
									"name": "L7Code",
									"type": "String",
									"physicalType": "varchar"
								}
							},
							{
								"source": {
									"name": "L8",
									"type": "String",
									"physicalType": "String"
								},
								"sink": {
									"name": "L8Code",
									"type": "String",
									"physicalType": "varchar"
								}
							},
							{
								"source": {
									"name": "L9",
									"type": "String",
									"physicalType": "String"
								},
								"sink": {
									"name": "L9Code",
									"type": "String",
									"physicalType": "varchar"
								}
							},
							{
								"source": {
									"name": "L10",
									"type": "String",
									"physicalType": "String"
								},
								"sink": {
									"name": "L10Code",
									"type": "String",
									"physicalType": "varchar"
								}
							},
							{
								"source": {
									"name": "L1UnitName",
									"type": "String",
									"physicalType": "String"
								},
								"sink": {
									"name": "L1Name",
									"type": "String",
									"physicalType": "varchar"
								}
							},
							{
								"source": {
									"name": "L2UnitName",
									"type": "String",
									"physicalType": "String"
								},
								"sink": {
									"name": "L2Name",
									"type": "String",
									"physicalType": "varchar"
								}
							},
							{
								"source": {
									"name": "L3UnitName",
									"type": "String",
									"physicalType": "String"
								},
								"sink": {
									"name": "L3Name",
									"type": "String",
									"physicalType": "varchar"
								}
							},
							{
								"source": {
									"name": "L4UnitName",
									"type": "String",
									"physicalType": "String"
								},
								"sink": {
									"name": "L4Name",
									"type": "String",
									"physicalType": "varchar"
								}
							},
							{
								"source": {
									"name": "L5UnitName",
									"type": "String",
									"physicalType": "String"
								},
								"sink": {
									"name": "L5Name",
									"type": "String",
									"physicalType": "varchar"
								}
							},
							{
								"source": {
									"name": "L6UnitName",
									"type": "String",
									"physicalType": "String"
								},
								"sink": {
									"name": "L6Name",
									"type": "String",
									"physicalType": "varchar"
								}
							},
							{
								"source": {
									"name": "L7UnitName",
									"type": "String",
									"physicalType": "String"
								},
								"sink": {
									"name": "L7Name",
									"type": "String",
									"physicalType": "varchar"
								}
							},
							{
								"source": {
									"name": "L8UnitName",
									"type": "String",
									"physicalType": "String"
								},
								"sink": {
									"name": "L8Name",
									"type": "String",
									"physicalType": "varchar"
								}
							},
							{
								"source": {
									"name": "L9UnitName",
									"type": "String",
									"physicalType": "String"
								},
								"sink": {
									"name": "L9Name",
									"type": "String",
									"physicalType": "varchar"
								}
							},
							{
								"source": {
									"name": "L10UnitName",
									"type": "String",
									"physicalType": "String"
								},
								"sink": {
									"name": "L10Name",
									"type": "String",
									"physicalType": "varchar"
								}
							},
							{
								"source": {
									"name": "_IsArmy",
									"type": "String",
									"physicalType": "String"
								},
								"sink": {
									"name": "isArmyYN",
									"type": "Boolean",
									"physicalType": "bit"
								}
							},
							{
								"source": {
									"name": "_IsActive",
									"type": "String",
									"physicalType": "String"
								},
								"sink": {
									"name": "isActiveYN",
									"type": "Boolean",
									"physicalType": "bit"
								}
							},
							{
								"source": {
									"name": "RPTOR",
									"physicalType": "String"
								},
								"sink": {
									"name": "RPTORCode",
									"type": "String",
									"physicalType": "varchar"
								}
							},
							{
								"source": {
									"name": "whoCreated",
									"type": "String"
								},
								"sink": {
									"name": "whoCreated",
									"type": "String",
									"physicalType": "varchar"
								}
							},
							{
								"source": {
									"name": "whenCreated",
									"type": "String"
								},
								"sink": {
									"name": "whenCreated",
									"type": "DateTime",
									"physicalType": "datetime2"
								}
							},
							{
								"source": {
									"name": "fromSource",
									"type": "String"
								},
								"sink": {
									"name": "fromSource",
									"type": "String",
									"physicalType": "varchar"
								}
							},
							{
								"source": {
									"name": "fromType",
									"type": "String"
								},
								"sink": {
									"name": "fromType",
									"type": "String",
									"physicalType": "varchar"
								}
							}
						],
						"typeConversion": true,
						"typeConversionSettings": {
							"allowDataTruncation": true,
							"treatBooleanAsNumber": true
						}
					}
				},
				"inputs": [
					{
						"referenceName": "Blob_Excel_File",
						"type": "DatasetReference",
						"parameters": {
							"folderPath": {
								"value": "@pipeline().parameters.folderPath",
								"type": "Expression"
							},
							"container": " ",
							"fileName": {
								"value": "@pipeline().parameters.fileName",
								"type": "Expression"
							},
							"worksheetName": "org-hierarchy"
						}
					}
				],
				"outputs": [
					{
						"referenceName": "Database_Synapse",
						"type": "DatasetReference",
						"parameters": {
							"schema": "stage",
							"table": {
								"value": "@variables('varTableName')",
								"type": "Expression"
							}
						}
					}
				]
			},
			{
				"name": "Set SourceName",
				"type": "SetVariable",
				"dependsOn": [],
				"policy": {
					"secureOutput": false,
					"secureInput": false
				},
				"userProperties": [],
				"typeProperties": {
					"variableName": "varSourceName",
					"value": "orgHierarchy"
				}
			},
			{
				"name": "Move from stage to dbo table",
				"type": "SqlServerStoredProcedure",
				"dependsOn": [
					{
						"activity": "Copy Excel data to Synapse stage",
						"dependencyConditions": [
							"Succeeded"
						]
					}
				],
				"policy": {
					"timeout": "0.00:20:00",
					"retry": 3,
					"retryIntervalInSeconds": 30,
					"secureOutput": false,
					"secureInput": false
				},
				"userProperties": [],
				"typeProperties": {
					"storedProcedureName": {
						"value": "@concat(\n'etl.usp_populateStage2DW_',\nvariables('varTableName')\n)",
						"type": "Expression"
					}
				},
				"linkedServiceName": {
					"referenceName": "LS_DataWarehouse",
					"type": "LinkedServiceReference"
				}
			},
			{
				"name": "Pull fromType",
				"type": "Lookup",
				"dependsOn": [
					{
						"activity": "Set Table Name",
						"dependencyConditions": [
							"Succeeded"
						]
					},
					{
						"activity": "Set SourceName",
						"dependencyConditions": [
							"Succeeded"
						]
					}
				],
				"policy": {
					"timeout": "0.00:01:00",
					"retry": 3,
					"retryIntervalInSeconds": 30,
					"secureOutput": false,
					"secureInput": false
				},
				"userProperties": [],
				"typeProperties": {
					"source": {
						"type": "SqlDWSource",
						"sqlReaderQuery": {
							"value": "@concat(\n'SELECT fromType FROM etl.fromSourceTypeLup WHERE fromSource = ''',\nvariables('varSourceName'),\n''''\n)",
							"type": "Expression"
						},
						"queryTimeout": "02:00:00",
						"partitionOption": "None"
					},
					"dataset": {
						"referenceName": "Database_Synapse",
						"type": "DatasetReference",
						"parameters": {
							"schema": " ",
							"table": " "
						}
					},
					"firstRowOnly": true
				}
			},
			{
				"name": "Set Table Name",
				"type": "SetVariable",
				"dependsOn": [],
				"policy": {
					"secureOutput": false,
					"secureInput": false
				},
				"userProperties": [],
				"typeProperties": {
					"variableName": "varTableName",
					"value": "orgHierarchyLup"
				}
			}
		],
		"concurrency": 1,
		"policy": {
			"elapsedTimeMetric": {
				"duration": "0.00:10:00"
			}
		},
		"parameters": {
			"folderPath": {
				"type": "string",
				"defaultValue": "orghierarchy/testfolder"
			},
			"fileName": {
				"type": "string",
				"defaultValue": "Test.xlsx"
			}
		},
		"variables": {
			"varSourceName": {
				"type": "String"
			},
			"varTableName": {
				"type": "String"
			}
		},
		"folder": {
			"name": "OrgHierarchy"
		},
		"annotations": [],
		"lastPublishTime": "2021-09-24T19:41:16Z"
	},
	"type": "Microsoft.DataFactory/factories/pipelines"
}