{
	"name": "Begin Start All Environments",
	"properties": {
		"description": "This Pipeline will make an API call to start all CDE Processes in its environment. When you Run this pipeline, it will ask you to enter / modify the parameter 'RunThisPipelineYN'. By default, it is set to no as a precaution to make sure this isn't ran accidentally. Set the value to 'Yes' to run.",
		"activities": [
			{
				"name": "Check if Dev or Auto Environment",
				"type": "IfCondition",
				"dependsOn": [
					{
						"activity": "Set IsDevRun Variable",
						"dependencyConditions": [
							"Succeeded"
						]
					},
					{
						"activity": "Set IsAutoRun Variable",
						"dependencyConditions": [
							"Succeeded"
						]
					}
				],
				"userProperties": [],
				"typeProperties": {
					"expression": {
						"value": "@or(\n    equals(toLower(string(pipeline().parameters.RunThisPipelineYN)),'yes'),\n    or(\n        equals(variables('IsAutoRun'), true), \n        equals(variables('IsDevRun'), true)\n    )\n)",
						"type": "Expression"
					},
					"ifTrueActivities": [
						{
							"name": "Start Datafactory Environment",
							"type": "ExecutePipeline",
							"dependsOn": [],
							"userProperties": [],
							"typeProperties": {
								"pipeline": {
									"referenceName": "Start Datafactory Environment",
									"type": "PipelineReference"
								},
								"waitOnCompletion": true,
								"parameters": {
									"RunThisPipelineYN": "Yes"
								}
							}
						},
						{
							"name": "Start Databricks Environment",
							"type": "ExecutePipeline",
							"dependsOn": [],
							"userProperties": [],
							"typeProperties": {
								"pipeline": {
									"referenceName": "Start Databricks Environment",
									"type": "PipelineReference"
								},
								"waitOnCompletion": true,
								"parameters": {
									"RunThisPipelineYN": "Yes"
								}
							}
						},
						{
							"name": "Start Synapse Environment",
							"type": "ExecutePipeline",
							"dependsOn": [],
							"userProperties": [],
							"typeProperties": {
								"pipeline": {
									"referenceName": "Start Synapse Environment",
									"type": "PipelineReference"
								},
								"waitOnCompletion": true,
								"parameters": {
									"RunThisPipelineYN": "Yes"
								}
							}
						}
					]
				}
			},
			{
				"name": "Set IsDevRun Variable",
				"type": "SetVariable",
				"dependsOn": [],
				"userProperties": [],
				"typeProperties": {
					"variableName": "IsDevRun",
					"value": {
						"value": "@and(\n    equals('dev-cde-elt-datafactory',pipeline().DataFactory), \n    equals('Start_Environment_Trigger_Dev',pipeline().TriggerName)\n)",
						"type": "Expression"
					}
				}
			},
			{
				"name": "Set IsAutoRun Variable",
				"type": "SetVariable",
				"dependsOn": [],
				"userProperties": [],
				"typeProperties": {
					"variableName": "IsAutoRun",
					"value": {
						"value": "@and(\n    equals('cde-elt-datafactory',pipeline().DataFactory), \n    equals('Start_Environment_Trigger_AutoSbx',pipeline().TriggerName)\n)",
						"type": "Expression"
					}
				}
			}
		],
		"concurrency": 1,
		"policy": {
			"elapsedTimeMetric": {
				"duration": "0.00:10:00"
			}
		},
		"parameters": {
			"RunThisPipelineYN": {
				"type": "string",
				"defaultValue": "No"
			}
		},
		"variables": {
			"IsDevRun": {
				"type": "Boolean",
				"defaultValue": false
			},
			"IsAutoRun": {
				"type": "Boolean",
				"defaultValue": false
			}
		},
		"folder": {
			"name": "Maintenance/Start Environment"
		},
		"annotations": [],
		"lastPublishTime": "2022-02-17T23:21:46Z"
	},
	"type": "Microsoft.DataFactory/factories/pipelines"
}