{
	"name": "Begin AFC User Workflow",
	"properties": {
		"activities": [
			{
				"name": "If Prod Environment",
				"type": "IfCondition",
				"dependsOn": [
					{
						"activity": "Load AFC User Login",
						"dependencyConditions": [
							"Succeeded"
						]
					}
				],
				"userProperties": [],
				"typeProperties": {
					"expression": {
						"value": "@equals('prod-cde-elt-datafactory',pipeline().DataFactory)",
						"type": "Expression"
					},
					"ifTrueActivities": [
						{
							"name": "Refresh Power Bi",
							"type": "ExecutePipeline",
							"dependsOn": [],
							"userProperties": [],
							"typeProperties": {
								"pipeline": {
									"referenceName": "Refresh Power BI",
									"type": "PipelineReference"
								},
								"waitOnCompletion": true,
								"parameters": {
									"DataflowNamePrefix": "Device Flow",
									"DatasetNamePrefix": "AFC User Login"
								}
							}
						}
					]
				}
			},
			{
				"name": "Load AFC User Login",
				"type": "SqlServerStoredProcedure",
				"dependsOn": [],
				"policy": {
					"timeout": "0.00:20:00",
					"retry": 3,
					"retryIntervalInSeconds": 30,
					"secureOutput": false,
					"secureInput": false
				},
				"userProperties": [],
				"typeProperties": {
					"storedProcedureName": "[etl].[usp_populateStage2DW_AFCUserLogin]"
				},
				"linkedServiceName": {
					"referenceName": "LS_DataWarehouse",
					"type": "LinkedServiceReference"
				}
			}
		],
		"variables": {
			"varFromSource": {
				"type": "String",
				"defaultValue": "afcUser"
			},
			"varFromType": {
				"type": "String",
				"defaultValue": "StorageAccount"
			}
		},
		"folder": {
			"name": "AFC User"
		},
		"annotations": [],
		"lastPublishTime": "2024-01-08T21:10:41Z"
	},
	"type": "Microsoft.DataFactory/factories/pipelines"
}