{
	"name": "Begin Append Blob Archival_Databricks_v1",
	"properties": {
		"activities": [
			{
				"name": "Archive And Delete Append Blobs",
				"type": "DatabricksNotebook",
				"dependsOn": [
					{
						"activity": "Set StartDatetime Variable",
						"dependencyConditions": [
							"Succeeded"
						]
					},
					{
						"activity": "Set EndDatetime Variable",
						"dependencyConditions": [
							"Succeeded"
						]
					}
				],
				"policy": {
					"timeout": "0.12:00:00",
					"retry": 3,
					"retryIntervalInSeconds": 30,
					"secureOutput": false,
					"secureInput": false
				},
				"userProperties": [],
				"typeProperties": {
					"notebookPath": {
						"value": "/Maintenance/Prod_Data_Copy/Archive_Delete_AppendBlob",
						"type": "Expression"
					},
					"baseParameters": {
						"StartDateTime": {
							"value": "@pipeline().parameters.startDatetime",
							"type": "Expression"
						},
						"EndDateTime": {
							"value": "@pipeline().parameters.endDatetime",
							"type": "Expression"
						}
					}
				},
				"linkedServiceName": {
					"referenceName": "LS_Databricks",
					"type": "LinkedServiceReference"
				}
			},
			{
				"name": "Set StartDatetime Variable",
				"type": "SetVariable",
				"dependsOn": [
					{
						"activity": "Audit - Get Extraction Time Range",
						"dependencyConditions": [
							"Succeeded"
						]
					}
				],
				"userProperties": [],
				"typeProperties": {
					"variableName": "startDatetime",
					"value": {
						"value": "@formatDateTime(addDays(utcnow(),-30), 'yyyy-MM-dd')\n",
						"type": "Expression"
					}
				}
			},
			{
				"name": "Set EndDatetime Variable",
				"type": "SetVariable",
				"dependsOn": [
					{
						"activity": "Audit - Get Extraction Time Range",
						"dependencyConditions": [
							"Succeeded"
						]
					}
				],
				"userProperties": [],
				"typeProperties": {
					"variableName": "endDatetime",
					"value": {
						"value": "@formatDateTime(addDays(utcnow(),-1), 'yyyy-MM-dd')\n",
						"type": "Expression"
					}
				}
			},
			{
				"name": "Audit - Get Extraction Time Range",
				"type": "Lookup",
				"dependsOn": [
					{
						"activity": "Audit - Start Workflow",
						"dependencyConditions": [
							"Succeeded"
						]
					}
				],
				"policy": {
					"timeout": "0.00:01:00",
					"retry": 3,
					"retryIntervalInSeconds": 30,
					"secureOutput": false,
					"secureInput": false
				},
				"userProperties": [],
				"typeProperties": {
					"source": {
						"type": "SqlServerSource",
						"sqlReaderQuery": {
							"value": "@concat(\n'\nDECLARE @ExtractionTimeKey int\nDECLARE @ExtractionStartDatetime DateTime2\nDECLARE @ExtractionStopDatetime DateTime2\n\nEXEC [etlaudit].[usp_InsertAuditExtractionTime]\n  @SourceSystem = ''Begin Append Blob Archival''\n, @ProcessExecutionKey = ''', activity('Audit - Start Workflow').output.firstRow.ProcessExecutionKey, '''\n, @ExtractionStartDatetime = @ExtractionStartDatetime OUTPUT\n, @ExtractionStopDatetime = @ExtractionStopDatetime OUTPUT\n, @ExtractionTimeKey = @ExtractionTimeKey OUTPUT;\n\nSELECT @ExtractionTimeKey AS ExtractionTimeKey\n , @ExtractionStartDatetime  AS ExtractionStartDatetime\n , @ExtractionStopDatetime AS ExtractionStopDatetime\n'\n)\n",
							"type": "Expression"
						},
						"queryTimeout": "02:00:00",
						"partitionOption": "None"
					},
					"dataset": {
						"referenceName": "Database_SQLServer",
						"type": "DatasetReference"
					},
					"firstRowOnly": true
				}
			},
			{
				"name": "Audit - Start Workflow",
				"description": "",
				"type": "Lookup",
				"dependsOn": [],
				"policy": {
					"timeout": "0.00:01:00",
					"retry": 3,
					"retryIntervalInSeconds": 30,
					"secureOutput": false,
					"secureInput": false
				},
				"userProperties": [],
				"typeProperties": {
					"source": {
						"type": "SqlServerSource",
						"sqlReaderQuery": {
							"value": "@concat(\n'\nDECLARE @ProcessExecutionKey int\n\nEXEC [etlaudit].[usp_InsertAuditProcessExecution]\n  @ProcessName = ''', pipeline().Pipeline ,'''\n, @ProcessExecutionKey = @ProcessExecutionKey OUTPUT;\n\nSELECT @ProcessExecutionKey AS ProcessExecutionKey\n'\n)\n",
							"type": "Expression"
						},
						"queryTimeout": "02:00:00",
						"partitionOption": "None"
					},
					"dataset": {
						"referenceName": "Database_SQLServer",
						"type": "DatasetReference"
					},
					"firstRowOnly": true
				}
			},
			{
				"name": "Audit - End Workflow - Success",
				"type": "SqlServerStoredProcedure",
				"dependsOn": [
					{
						"activity": "Archive And Delete Append Blobs",
						"dependencyConditions": [
							"Succeeded"
						]
					}
				],
				"policy": {
					"timeout": "0.00:01:00",
					"retry": 3,
					"retryIntervalInSeconds": 30,
					"secureOutput": false,
					"secureInput": false
				},
				"userProperties": [],
				"typeProperties": {
					"storedProcedureName": "[etlaudit].[usp_UpdateAuditProcessExecution]",
					"storedProcedureParameters": {
						"ProcessExecutionKey": {
							"value": {
								"value": "@activity('Audit - Start Workflow').output.firstRow.ProcessExecutionKey",
								"type": "Expression"
							},
							"type": "Int32"
						},
						"SuccessfulProcessingIndicator": {
							"value": "Y",
							"type": "String"
						}
					}
				},
				"linkedServiceName": {
					"referenceName": "LS_SqlServer",
					"type": "LinkedServiceReference"
				}
			},
			{
				"name": "Audit - End Workflow - Failure",
				"type": "SqlServerStoredProcedure",
				"dependsOn": [
					{
						"activity": "Archive And Delete Append Blobs",
						"dependencyConditions": [
							"Failed"
						]
					}
				],
				"policy": {
					"timeout": "0.00:01:00",
					"retry": 3,
					"retryIntervalInSeconds": 30,
					"secureOutput": false,
					"secureInput": false
				},
				"userProperties": [],
				"typeProperties": {
					"storedProcedureName": "[etlaudit].[usp_UpdateAuditProcessExecution]",
					"storedProcedureParameters": {
						"ProcessExecutionKey": {
							"value": {
								"value": "@activity('Audit - Start Workflow').output.firstRow.ProcessExecutionKey",
								"type": "Expression"
							},
							"type": "Int32"
						},
						"SuccessfulProcessingIndicator": {
							"value": "N",
							"type": "String"
						}
					}
				},
				"linkedServiceName": {
					"referenceName": "LS_SqlServer",
					"type": "LinkedServiceReference"
				}
			}
		],
		"parameters": {
			"startDatetime": {
				"type": "string",
				"defaultValue": "2021-08-01T00:00:00"
			},
			"endDatetime": {
				"type": "string",
				"defaultValue": "2021-08-31T23:59:59"
			}
		},
		"variables": {
			"folderPath": {
				"type": "String"
			},
			"source_folder_path": {
				"type": "String"
			},
			"source_container": {
				"type": "String"
			},
			"source_file_extension": {
				"type": "String",
				"defaultValue": "*.json"
			},
			"startDatetime": {
				"type": "String",
				"defaultValue": "2023-02-01T00:00:00.000Z"
			},
			"endDatetime": {
				"type": "String",
				"defaultValue": "2023-02-10T23:59:59.999Z"
			},
			"destination_container": {
				"type": "String",
				"defaultValue": "archivedblob-deletelog"
			}
		},
		"folder": {
			"name": "Maintenance"
		},
		"annotations": []
	}
}