{
	"name": "Begin QA Workflow",
	"properties": {
		"activities": [
			{
				"name": "usp_getFactData",
				"type": "SqlServerStoredProcedure",
				"dependsOn": [],
				"policy": {
					"timeout": "0.00:45:00",
					"retry": 0,
					"retryIntervalInSeconds": 30,
					"secureOutput": false,
					"secureInput": false
				},
				"userProperties": [],
				"typeProperties": {
					"storedProcedureName": "[qa].[usp_getFactData]"
				},
				"linkedServiceName": {
					"referenceName": "LS_DataWarehouse",
					"type": "LinkedServiceReference"
				}
			},
			{
				"name": "usp_getSchemaData",
				"type": "SqlServerStoredProcedure",
				"dependsOn": [],
				"policy": {
					"timeout": "0.00:45:00",
					"retry": 0,
					"retryIntervalInSeconds": 30,
					"secureOutput": false,
					"secureInput": false
				},
				"userProperties": [],
				"typeProperties": {
					"storedProcedureName": "[qa].[usp_getSchemaData]"
				},
				"linkedServiceName": {
					"referenceName": "LS_DataWarehouse",
					"type": "LinkedServiceReference"
				}
			},
			{
				"name": "usp_getTableData",
				"type": "SqlServerStoredProcedure",
				"dependsOn": [],
				"policy": {
					"timeout": "0.00:45:00",
					"retry": 0,
					"retryIntervalInSeconds": 30,
					"secureOutput": false,
					"secureInput": false
				},
				"userProperties": [],
				"typeProperties": {
					"storedProcedureName": "[qa].[usp_getTableData]"
				},
				"linkedServiceName": {
					"referenceName": "LS_DataWarehouse",
					"type": "LinkedServiceReference"
				}
			},
			{
				"name": "usp_getDuplicateDataDBO",
				"type": "SqlServerStoredProcedure",
				"dependsOn": [
					{
						"activity": "Truncate Stage QA Duplicate Data",
						"dependencyConditions": [
							"Succeeded"
						]
					}
				],
				"policy": {
					"timeout": "0.00:59:00",
					"retry": 0,
					"retryIntervalInSeconds": 30,
					"secureOutput": false,
					"secureInput": false
				},
				"userProperties": [],
				"typeProperties": {
					"storedProcedureName": "[qa].[usp_getDuplicateDataDBO]"
				},
				"linkedServiceName": {
					"referenceName": "LS_DataWarehouse",
					"type": "LinkedServiceReference"
				}
			},
			{
				"name": "Execute databricksFileData Notebook",
				"type": "DatabricksNotebook",
				"dependsOn": [],
				"policy": {
					"timeout": "0.00:55:00",
					"retry": 0,
					"retryIntervalInSeconds": 30,
					"secureOutput": false,
					"secureInput": false
				},
				"userProperties": [],
				"typeProperties": {
					"notebookPath": "/QA/QA_databricksFileData"
				},
				"linkedServiceName": {
					"referenceName": "LS_Databricks",
					"type": "LinkedServiceReference"
				}
			},
			{
				"name": "Execute databricksSchemaData Notebook",
				"type": "DatabricksNotebook",
				"dependsOn": [],
				"policy": {
					"timeout": "0.00:55:00",
					"retry": 0,
					"retryIntervalInSeconds": 30,
					"secureOutput": false,
					"secureInput": false
				},
				"userProperties": [],
				"typeProperties": {
					"notebookPath": "/QA/QA_databricksSchemaData"
				},
				"linkedServiceName": {
					"referenceName": "LS_Databricks",
					"type": "LinkedServiceReference"
				}
			},
			{
				"name": "usp_getDuplicateDataAM",
				"type": "SqlServerStoredProcedure",
				"dependsOn": [
					{
						"activity": "Truncate Stage QA Duplicate Data",
						"dependencyConditions": [
							"Succeeded"
						]
					}
				],
				"policy": {
					"timeout": "0.00:59:00",
					"retry": 0,
					"retryIntervalInSeconds": 30,
					"secureOutput": false,
					"secureInput": false
				},
				"userProperties": [],
				"typeProperties": {
					"storedProcedureName": "[qa].[usp_getDuplicateDataAM]"
				},
				"linkedServiceName": {
					"referenceName": "LS_DataWarehouse",
					"type": "LinkedServiceReference"
				}
			},
			{
				"name": "usp_getDuplicateDataNZ",
				"type": "SqlServerStoredProcedure",
				"dependsOn": [
					{
						"activity": "Truncate Stage QA Duplicate Data",
						"dependencyConditions": [
							"Succeeded"
						]
					}
				],
				"policy": {
					"timeout": "0.00:59:00",
					"retry": 0,
					"retryIntervalInSeconds": 30,
					"secureOutput": false,
					"secureInput": false
				},
				"userProperties": [],
				"typeProperties": {
					"storedProcedureName": "[qa].[usp_getDuplicateDataNZ]"
				},
				"linkedServiceName": {
					"referenceName": "LS_DataWarehouse",
					"type": "LinkedServiceReference"
				}
			},
			{
				"name": "Truncate Stage QA Duplicate Data",
				"type": "Script",
				"dependsOn": [
					{
						"activity": "Set Days Back for Duplicate Check",
						"dependencyConditions": [
							"Succeeded"
						]
					}
				],
				"policy": {
					"timeout": "0.12:00:00",
					"retry": 0,
					"retryIntervalInSeconds": 30,
					"secureOutput": false,
					"secureInput": false
				},
				"userProperties": [],
				"linkedServiceName": {
					"referenceName": "LS_DataWarehouse",
					"type": "LinkedServiceReference"
				},
				"typeProperties": {
					"scripts": [
						{
							"type": "Query",
							"text": "TRUNCATE TABLE qa.duplicateData;\nDELETE from qa.latestTableUpdates where Source = 'databricks';"
						}
					],
					"scriptBlockExecutionTimeout": "02:00:00"
				}
			},
			{
				"name": "Set Days Back for Duplicate Check",
				"type": "SetVariable",
				"dependsOn": [],
				"policy": {
					"secureOutput": false,
					"secureInput": false
				},
				"userProperties": [],
				"typeProperties": {
					"variableName": "daysBack",
					"value": "1"
				}
			},
			{
				"name": "usp_loadLatestTableUpdates",
				"type": "SqlServerStoredProcedure",
				"dependsOn": [],
				"policy": {
					"timeout": "0.00:45:00",
					"retry": 0,
					"retryIntervalInSeconds": 30,
					"secureOutput": false,
					"secureInput": false
				},
				"userProperties": [],
				"typeProperties": {
					"storedProcedureName": "[qa].[usp_loadLatestTableUpdates]"
				},
				"linkedServiceName": {
					"referenceName": "LS_DataWarehouse",
					"type": "LinkedServiceReference"
				}
			},
			{
				"name": "Execute databricksTableData Notebook",
				"type": "DatabricksNotebook",
				"dependsOn": [],
				"policy": {
					"timeout": "0.00:55:00",
					"retry": 0,
					"retryIntervalInSeconds": 30,
					"secureOutput": false,
					"secureInput": false
				},
				"userProperties": [],
				"typeProperties": {
					"notebookPath": "/QA/QA_databricksTableData"
				},
				"linkedServiceName": {
					"referenceName": "LS_Databricks",
					"type": "LinkedServiceReference"
				}
			}
		],
		"concurrency": 1,
		"policy": {
			"elapsedTimeMetric": {
				"duration": "0.01:00:00"
			}
		},
		"variables": {
			"daysBack": {
				"type": "String"
			}
		},
		"folder": {
			"name": "QA"
		},
		"annotations": [],
		"lastPublishTime": "2021-09-22T15:02:16Z"
	},
	"type": "Microsoft.DataFactory/factories/pipelines"
}