{
	"name": "Begin SQL Update Statistics",
	"properties": {
		"activities": [
			{
				"name": "SQL Update Statistics",
				"type": "SqlServerStoredProcedure",
				"dependsOn": [
					{
						"activity": "SQL Index Defragmentation",
						"dependencyConditions": [
							"Succeeded"
						]
					}
				],
				"policy": {
					"timeout": "0.04:00:00",
					"retry": 3,
					"retryIntervalInSeconds": 30,
					"secureOutput": false,
					"secureInput": false
				},
				"userProperties": [],
				"typeProperties": {
					"storedProcedureName": "[etlaudit].[usp_updateStats]"
				},
				"linkedServiceName": {
					"referenceName": "LS_SqlServer",
					"type": "LinkedServiceReference"
				}
			},
			{
				"name": "SQL Index Defragmentation",
				"type": "SqlServerStoredProcedure",
				"dependsOn": [],
				"policy": {
					"timeout": "0.04:00:00",
					"retry": 3,
					"retryIntervalInSeconds": 30,
					"secureOutput": false,
					"secureInput": false
				},
				"userProperties": [],
				"typeProperties": {
					"storedProcedureName": "[dbo].[usp_AdaptiveIndexDefrag]",
					"storedProcedureParameters": {
						"abortAfterwait": {
							"value": null,
							"type": "Boolean"
						},
						"dataCompression": {
							"value": "'PAGE'",
							"type": "String"
						},
						"dbScope": {
							"value": "'ETLAudit'",
							"type": "String"
						},
						"dealLOB": {
							"value": "false",
							"type": "Boolean"
						},
						"dealMaxPartition": {
							"value": null,
							"type": "Boolean"
						},
						"dealROWG": {
							"value": "false",
							"type": "Boolean"
						},
						"debugMode": {
							"value": "true",
							"type": "Boolean"
						},
						"defragDelay": {
							"value": "'00:00:00'",
							"type": "String"
						},
						"defragOrderColumn": {
							"value": "'range_scan_count'",
							"type": "String"
						},
						"defragSortOrder": {
							"value": "'DESC'",
							"type": "String"
						},
						"disableNCIX": {
							"value": "false",
							"type": "Boolean"
						},
						"Exec_Print": {
							"value": "true",
							"type": "Boolean"
						},
						"fillfactor": {
							"value": "false",
							"type": "Boolean"
						},
						"forceRescan": {
							"value": "true",
							"type": "Boolean"
						},
						"getBlobfrag": {
							"value": "false",
							"type": "Boolean"
						},
						"ignoreDropObj": {
							"value": "false",
							"type": "Boolean"
						},
						"ix_statsnorecompute": {
							"value": "false",
							"type": "Boolean"
						},
						"ixtypeOption": {
							"value": null,
							"type": "Boolean"
						},
						"maxDopRestriction": {
							"value": null,
							"type": "Byte"
						},
						"maxPageCount": {
							"value": null,
							"type": "Int32"
						},
						"minFragmentation": {
							"value": "1",
							"type": "Double"
						},
						"minPageCount": {
							"value": "8",
							"type": "Int32"
						},
						"offlinelocktimeout": {
							"value": "-1",
							"type": "Int32"
						},
						"onlinelocktimeout": {
							"value": "5",
							"type": "Int32"
						},
						"onlineRebuild": {
							"value": "false",
							"type": "Boolean"
						},
						"outputResults": {
							"value": "true",
							"type": "Boolean"
						},
						"persistStatsSample": {
							"value": null,
							"type": "Boolean"
						},
						"printCmds": {
							"value": "true",
							"type": "Boolean"
						},
						"rebuildThreshold": {
							"value": "3",
							"type": "Double"
						},
						"rebuildThreshold_cs": {
							"value": "10.0",
							"type": "Double"
						},
						"resumableRebuild": {
							"value": null,
							"type": "Boolean"
						},
						"scanMode": {
							"value": "'LIMITED'",
							"type": "String"
						},
						"sortInTempDB": {
							"value": "true",
							"type": "Boolean"
						},
						"statsIncremental": {
							"value": null,
							"type": "Boolean"
						},
						"statsMinRows": {
							"value": null,
							"type": "Int64"
						},
						"statsSample": {
							"value": null,
							"type": "String"
						},
						"statsThreshold": {
							"value": null,
							"type": "Double"
						},
						"tblName": {
							"value": null,
							"type": "String"
						},
						"timeLimit": {
							"value": "180",
							"type": "Int32"
						},
						"updateStats": {
							"value": "true",
							"type": "Boolean"
						},
						"updateStatsWhere": {
							"value": "true",
							"type": "Boolean"
						}
					}
				},
				"linkedServiceName": {
					"referenceName": "LS_SqlServer",
					"type": "LinkedServiceReference"
				}
			}
		],
		"concurrency": 1,
		"policy": {
			"elapsedTimeMetric": {
				"duration": "0.00:30:00"
			}
		},
		"folder": {
			"name": "Maintenance"
		},
		"annotations": []
	}
}