{
	"name": "Check AVD Record Count",
	"properties": {
		"activities": [
			{
				"name": "Get Service Principal ID",
				"type": "WebActivity",
				"dependsOn": [],
				"policy": {
					"timeout": "0.00:01:00",
					"retry": 3,
					"retryIntervalInSeconds": 30,
					"secureOutput": false,
					"secureInput": false
				},
				"userProperties": [],
				"typeProperties": {
					"method": "GET",
					"url": {
						"value": "@concat('https://',\npipeline().globalParameters.Keyvault_Name,\n'.vault.usgovcloudapi.net/secrets/service-principal-id/?api-version=7.1')",
						"type": "Expression"
					},
					"connectVia": {
						"referenceName": "AutoResolveIntegrationRuntime",
						"type": "IntegrationRuntimeReference"
					},
					"authentication": {
						"type": "MSI",
						"resource": "https://vault.usgovcloudapi.net"
					}
				}
			},
			{
				"name": "Get Service Principal Key",
				"type": "WebActivity",
				"dependsOn": [],
				"policy": {
					"timeout": "0.00:01:00",
					"retry": 3,
					"retryIntervalInSeconds": 30,
					"secureOutput": false,
					"secureInput": false
				},
				"userProperties": [],
				"typeProperties": {
					"method": "GET",
					"url": {
						"value": "@concat('https://',\npipeline().globalParameters.Keyvault_Name,\n'.vault.usgovcloudapi.net/secrets/service-principal-key/?api-version=7.1')",
						"type": "Expression"
					},
					"connectVia": {
						"referenceName": "AutoResolveIntegrationRuntime",
						"type": "IntegrationRuntimeReference"
					},
					"authentication": {
						"type": "MSI",
						"resource": "https://vault.usgovcloudapi.net"
					}
				}
			},
			{
				"name": "Get TenantId",
				"type": "WebActivity",
				"dependsOn": [],
				"policy": {
					"timeout": "0.00:01:00",
					"retry": 3,
					"retryIntervalInSeconds": 30,
					"secureOutput": false,
					"secureInput": false
				},
				"userProperties": [],
				"typeProperties": {
					"method": "GET",
					"url": {
						"value": "@concat('https://',\npipeline().globalParameters.Keyvault_Name,\n'.vault.usgovcloudapi.net/secrets/tenant-id/?api-version=7.1')",
						"type": "Expression"
					},
					"connectVia": {
						"referenceName": "AutoResolveIntegrationRuntime",
						"type": "IntegrationRuntimeReference"
					},
					"authentication": {
						"type": "MSI",
						"resource": "https://vault.usgovcloudapi.net"
					}
				}
			},
			{
				"name": "Get Bearer Token",
				"type": "WebActivity",
				"dependsOn": [
					{
						"activity": "Get Service Principal Key",
						"dependencyConditions": [
							"Succeeded"
						]
					},
					{
						"activity": "Get Service Principal ID",
						"dependencyConditions": [
							"Succeeded"
						]
					},
					{
						"activity": "Get TenantId",
						"dependencyConditions": [
							"Succeeded"
						]
					}
				],
				"policy": {
					"timeout": "0.00:01:00",
					"retry": 3,
					"retryIntervalInSeconds": 30,
					"secureOutput": false,
					"secureInput": false
				},
				"userProperties": [
					{
						"name": "ClientId",
						"value": "f32ae638-147a-4457-b2b3-9f07c74ec05f"
					},
					{
						"name": "ClientSecret",
						"value": "_rLBUs02_0mXKDFb_3~w.B5X8f_9b2Jbra"
					},
					{
						"name": "Scope",
						"value": "https://api.loganalytics.us/.default"
					}
				],
				"typeProperties": {
					"method": "POST",
					"headers": {
						"Content-Type": "application/x-www-form-urlencoded"
					},
					"url": {
						"value": "@concat('https://login.microsoftonline.us/',\nactivity('Get TenantId').output.value,\n'/oauth2/token')",
						"type": "Expression"
					},
					"connectVia": {
						"referenceName": "AutoResolveIntegrationRuntime",
						"type": "IntegrationRuntimeReference"
					},
					"body": {
						"value": "@concat(\n'client_id='\n,activity('Get Service Principal ID').output.value\n,'&client_secret='\n,activity('Get Service Principal Key').output.value\n,'&grant_type=client_credentials&resource=https://api.loganalytics.us')",
						"type": "Expression"
					}
				}
			},
			{
				"name": "Set StartDatetime Variable",
				"type": "SetVariable",
				"dependsOn": [
					{
						"activity": "Get Bearer Token",
						"dependencyConditions": [
							"Succeeded"
						]
					}
				],
				"policy": {
					"secureOutput": false,
					"secureInput": false
				},
				"userProperties": [],
				"typeProperties": {
					"variableName": "StartDateTime",
					"value": {
						"value": "@formatDateTime(pipeline().parameters.StartDateTime, 'yyyy-MM-ddT00:00:00.0000000Z')",
						"type": "Expression"
					}
				}
			},
			{
				"name": "Set EndDatetime Variable",
				"type": "SetVariable",
				"dependsOn": [
					{
						"activity": "Get Bearer Token",
						"dependencyConditions": [
							"Succeeded"
						]
					}
				],
				"policy": {
					"secureOutput": false,
					"secureInput": false
				},
				"userProperties": [],
				"typeProperties": {
					"variableName": "EndDateTime",
					"value": {
						"value": "@formatDateTime(pipeline().parameters.EndDateTime, 'yyyy-MM-ddT23:59:59.9999999Z')",
						"type": "Expression"
					}
				}
			},
			{
				"name": "Pull AVD Record Count",
				"type": "WebActivity",
				"dependsOn": [
					{
						"activity": "Set StartDatetime Variable",
						"dependencyConditions": [
							"Succeeded"
						]
					},
					{
						"activity": "Set EndDatetime Variable",
						"dependencyConditions": [
							"Succeeded"
						]
					}
				],
				"policy": {
					"timeout": "0.12:00:00",
					"retry": 0,
					"retryIntervalInSeconds": 30,
					"secureOutput": false,
					"secureInput": false
				},
				"userProperties": [],
				"typeProperties": {
					"method": "GET",
					"headers": {
						"Authorization": {
							"value": "@concat('Bearer ', activity('Get Bearer Token').output.access_token)",
							"type": "Expression"
						}
					},
					"url": {
						"value": "@concat(\n'https://api.loganalytics.us/v1/workspaces/cd6ae788-85d5-4f98-9f6c-663af6875954/' \n,'query?query='\n,'WVDConnections | where TimeGenerated between (todatetime(''',\nvariables('StartDateTime'),\n''') .. todatetime(''',\nvariables('EndDateTime'),\n''')) | count'\n)",
						"type": "Expression"
					},
					"connectVia": {
						"referenceName": "AutoResolveIntegrationRuntime",
						"type": "IntegrationRuntimeReference"
					}
				}
			},
			{
				"name": "Set varCount",
				"type": "SetVariable",
				"dependsOn": [
					{
						"activity": "Pull AVD Record Count",
						"dependencyConditions": [
							"Succeeded"
						]
					}
				],
				"policy": {
					"secureOutput": false,
					"secureInput": false
				},
				"userProperties": [],
				"typeProperties": {
					"variableName": "varCount",
					"value": {
						"value": "@activity('Pull AVD Record Count').output.tables[0].rows[0]\n\n",
						"type": "Expression"
					}
				}
			},
			{
				"name": "Check Record Count less than threshold",
				"type": "IfCondition",
				"dependsOn": [
					{
						"activity": "Set varCount",
						"dependencyConditions": [
							"Succeeded"
						]
					}
				],
				"userProperties": [],
				"typeProperties": {
					"expression": {
						"value": "@lessOrEquals(int(variables('varCount')[0]),85000)",
						"type": "Expression"
					},
					"ifFalseActivities": [
						{
							"name": "Loop Through 6 Hours",
							"type": "ExecutePipeline",
							"dependsOn": [],
							"policy": {
								"secureInput": false
							},
							"userProperties": [],
							"typeProperties": {
								"pipeline": {
									"referenceName": "Loop Through 6 Hours",
									"type": "PipelineReference"
								},
								"waitOnCompletion": true,
								"parameters": {
									"startDate": {
										"value": "@variables('StartDateTime')",
										"type": "Expression"
									},
									"daysToGet": 4,
									"ParentExecutionKey": {
										"value": "@pipeline().parameters.ParentExecutionKey",
										"type": "Expression"
									},
									"ParentExtractionTimeKey": {
										"value": "@pipeline().parameters.ParentExtractionTimeKey",
										"type": "Expression"
									},
									"StartDateTime": {
										"value": "@pipeline().parameters.StartDateTime",
										"type": "Expression"
									},
									"EndDateTime": {
										"value": "@pipeline().parameters.EndDateTime",
										"type": "Expression"
									}
								}
							}
						}
					],
					"ifTrueActivities": [
						{
							"name": "Pull AVD AVD Log By Day",
							"type": "ExecutePipeline",
							"dependsOn": [],
							"policy": {
								"secureInput": false
							},
							"userProperties": [],
							"typeProperties": {
								"pipeline": {
									"referenceName": "Pull AVD AVD Log By Day",
									"type": "PipelineReference"
								},
								"waitOnCompletion": true,
								"parameters": {
									"StartDateTime": {
										"value": "@variables('StartDateTime')",
										"type": "Expression"
									},
									"EndDateTime": {
										"value": "@variables('EndDateTime')",
										"type": "Expression"
									},
									"ProcessDate": {
										"value": "@variables('StartDateTime')",
										"type": "Expression"
									}
								}
							}
						},
						{
							"name": "Load AVD Log DW Stage",
							"description": "",
							"type": "ExecutePipeline",
							"dependsOn": [
								{
									"activity": "Truncate AVD Log DW Stage Tables",
									"dependencyConditions": [
										"Succeeded"
									]
								}
							],
							"policy": {
								"secureInput": false
							},
							"userProperties": [],
							"typeProperties": {
								"pipeline": {
									"referenceName": "Load AVD Log DW Stage",
									"type": "PipelineReference"
								},
								"waitOnCompletion": true,
								"parameters": {
									"StartDateTime": {
										"value": "@pipeline().parameters.StartDateTime",
										"type": "Expression"
									},
									"EndDateTime": {
										"value": "@pipeline().parameters.EndDateTime",
										"type": "Expression"
									},
									"ParentExecutionKey": {
										"value": "@pipeline().parameters.ParentExecutionKey",
										"type": "Expression"
									},
									"ParentExtractionTimeKey": {
										"value": "@pipeline().parameters.ParentExtractionTimeKey",
										"type": "Expression"
									},
									"ProcessDate": {
										"value": "@variables('StartDateTime')",
										"type": "Expression"
									}
								}
							}
						},
						{
							"name": "Load AVD Log DW",
							"description": "",
							"type": "ExecutePipeline",
							"dependsOn": [
								{
									"activity": "Load AVD Log DW Stage",
									"dependencyConditions": [
										"Succeeded"
									]
								}
							],
							"policy": {
								"secureInput": false
							},
							"userProperties": [],
							"typeProperties": {
								"pipeline": {
									"referenceName": "Load AVD Log DW",
									"type": "PipelineReference"
								},
								"waitOnCompletion": true,
								"parameters": {
									"StartDateTime": {
										"value": "@pipeline().parameters.StartDateTime",
										"type": "Expression"
									},
									"EndDateTime": {
										"value": "@pipeline().parameters.EndDateTime",
										"type": "Expression"
									},
									"ParentExecutionKey": {
										"value": "@pipeline().parameters.ParentExecutionKey",
										"type": "Expression"
									},
									"ParentExtractionTimeKey": {
										"value": "@pipeline().parameters.ParentExtractionTimeKey",
										"type": "Expression"
									}
								}
							}
						},
						{
							"name": "Truncate AVD Log DW Stage Tables",
							"description": "",
							"type": "ExecutePipeline",
							"dependsOn": [
								{
									"activity": "Pull AVD AVD Log By Day",
									"dependencyConditions": [
										"Succeeded"
									]
								}
							],
							"policy": {
								"secureInput": false
							},
							"userProperties": [],
							"typeProperties": {
								"pipeline": {
									"referenceName": "Truncate AVD Log DW Stage Tables",
									"type": "PipelineReference"
								},
								"waitOnCompletion": true,
								"parameters": {
									"StartDateTime": {
										"value": "@pipeline().parameters.StartDateTime",
										"type": "Expression"
									},
									"EndDateTime": {
										"value": "@pipeline().parameters.EndDateTime",
										"type": "Expression"
									},
									"ParentExecutionKey": {
										"value": "@pipeline().parameters.ParentExecutionKey",
										"type": "Expression"
									},
									"ParentExtractionTimeKey": {
										"value": "@pipeline().parameters.ParentExtractionTimeKey",
										"type": "Expression"
									}
								}
							}
						}
					]
				}
			}
		],
		"parameters": {
			"StartDateTime": {
				"type": "string",
				"defaultValue": "01/01/1900"
			},
			"EndDateTime": {
				"type": "string",
				"defaultValue": "04/10/2024"
			},
			"ParentExecutionKey": {
				"type": "string"
			},
			"ParentExtractionTimeKey": {
				"type": "string"
			}
		},
		"variables": {
			"EndDateTime": {
				"type": "String"
			},
			"StartDateTime": {
				"type": "String"
			},
			"varCount": {
				"type": "Array"
			}
		},
		"folder": {
			"name": "AVD/Process Data Warehouse/Pull Data"
		},
		"annotations": [],
		"lastPublishTime": "2024-04-18T17:53:16Z"
	},
	"type": "Microsoft.DataFactory/factories/pipelines"
}