{
	"name": "FutureUse - A365 Single Day ReportRefreshDate",
	"properties": {
		"activities": [
			{
				"name": "Set File Name",
				"type": "SetVariable",
				"dependsOn": [],
				"userProperties": [],
				"typeProperties": {
					"variableName": "varDestinationFileName",
					"value": {
						"value": "@concat\n(\npipeline().parameters.FileName\n, formatDateTime(pipeline().parameters.ProcessDate, '_yyyy-MM-dd-HH-mm')\n, '.csv'\n)",
						"type": "Expression"
					}
				}
			},
			{
				"name": "Get Bearer Token",
				"type": "WebActivity",
				"dependsOn": [
					{
						"activity": "Get Service Principal ID",
						"dependencyConditions": [
							"Succeeded"
						]
					},
					{
						"activity": "Get TenantId",
						"dependencyConditions": [
							"Succeeded"
						]
					},
					{
						"activity": "Get Service Principal Key",
						"dependencyConditions": [
							"Succeeded"
						]
					},
					{
						"activity": "Set Day Decrementor Value",
						"dependencyConditions": [
							"Succeeded"
						]
					},
					{
						"activity": "Set Folder Path",
						"dependencyConditions": [
							"Succeeded"
						]
					},
					{
						"activity": "Set File Name",
						"dependencyConditions": [
							"Succeeded"
						]
					}
				],
				"policy": {
					"timeout": "0.00:01:00",
					"retry": 3,
					"retryIntervalInSeconds": 30,
					"secureOutput": false,
					"secureInput": false
				},
				"userProperties": [
					{
						"name": "ClientId",
						"value": "f32ae638-147a-4457-b2b3-9f07c74ec05f"
					},
					{
						"name": "ClientSecret",
						"value": "_rLBUs02_0mXKDFb_3~w.B5X8f_9b2Jbra"
					},
					{
						"name": "Scope",
						"value": "https://api.loganalytics.us/.default"
					}
				],
				"typeProperties": {
					"url": {
						"value": "@concat('https://login.microsoftonline.us/',\nactivity('Get TenantId').output.value,\n'/oauth2/v2.0/token')",
						"type": "Expression"
					},
					"connectVia": {
						"referenceName": "AutoResolveIntegrationRuntime",
						"type": "IntegrationRuntimeReference"
					},
					"method": "POST",
					"headers": {
						"Content-Type": "application/x-www-form-urlencoded"
					},
					"body": {
						"value": "@concat(\n'client_id='\n,activity('Get Service Principal ID').output.value\n,'&client_secret='\n,activity('Get Service Principal Key').output.value\n,'&grant_type=client_credentials&scope=https://dod-graph.microsoft.us/.default')",
						"type": "Expression"
					}
				}
			},
			{
				"name": "Get Service Principal ID",
				"type": "WebActivity",
				"dependsOn": [],
				"policy": {
					"timeout": "0.00:01:00",
					"retry": 3,
					"retryIntervalInSeconds": 30,
					"secureOutput": false,
					"secureInput": false
				},
				"userProperties": [],
				"typeProperties": {
					"url": {
						"value": "@concat('https://',\npipeline().globalParameters.Keyvault_Name,\n'.vault.usgovcloudapi.net/secrets/service-principal-id/?api-version=7.1')",
						"type": "Expression"
					},
					"connectVia": {
						"referenceName": "AutoResolveIntegrationRuntime",
						"type": "IntegrationRuntimeReference"
					},
					"method": "GET",
					"authentication": {
						"type": "MSI",
						"resource": "https://vault.usgovcloudapi.net"
					}
				}
			},
			{
				"name": "Get Service Principal Key",
				"type": "WebActivity",
				"dependsOn": [],
				"policy": {
					"timeout": "0.00:01:00",
					"retry": 3,
					"retryIntervalInSeconds": 30,
					"secureOutput": false,
					"secureInput": false
				},
				"userProperties": [],
				"typeProperties": {
					"url": {
						"value": "@concat('https://',\npipeline().globalParameters.Keyvault_Name,\n'.vault.usgovcloudapi.net/secrets/service-principal-key/?api-version=7.1')",
						"type": "Expression"
					},
					"connectVia": {
						"referenceName": "AutoResolveIntegrationRuntime",
						"type": "IntegrationRuntimeReference"
					},
					"method": "GET",
					"authentication": {
						"type": "MSI",
						"resource": "https://vault.usgovcloudapi.net"
					}
				}
			},
			{
				"name": "Get TenantId",
				"type": "WebActivity",
				"dependsOn": [],
				"policy": {
					"timeout": "0.00:01:00",
					"retry": 3,
					"retryIntervalInSeconds": 30,
					"secureOutput": false,
					"secureInput": false
				},
				"userProperties": [],
				"typeProperties": {
					"url": {
						"value": "@concat('https://',\npipeline().globalParameters.Keyvault_Name,\n'.vault.usgovcloudapi.net/secrets/tenant-id/?api-version=7.1')",
						"type": "Expression"
					},
					"connectVia": {
						"referenceName": "AutoResolveIntegrationRuntime",
						"type": "IntegrationRuntimeReference"
					},
					"method": "GET",
					"authentication": {
						"type": "MSI",
						"resource": "https://vault.usgovcloudapi.net"
					}
				}
			},
			{
				"name": "Set Folder Path",
				"type": "SetVariable",
				"dependsOn": [],
				"userProperties": [],
				"typeProperties": {
					"variableName": "varDestinationFolderPath",
					"value": {
						"value": "@formatDateTime(pipeline().parameters.ProcessDate, 'yyyy/MM/dd')",
						"type": "Expression"
					}
				}
			},
			{
				"name": "Until Correct ReportRefreshDate",
				"type": "Until",
				"dependsOn": [
					{
						"activity": "Get Bearer Token",
						"dependencyConditions": [
							"Succeeded"
						]
					}
				],
				"userProperties": [],
				"typeProperties": {
					"expression": {
						"value": "@or(\nvariables('varFileHasData'),\nlessOrEquals(\n    int(variables('varDayDecrementor')),\n    -14)\n)",
						"type": "Expression"
					},
					"activities": [
						{
							"name": "Set Temp Day Decrementor Value",
							"type": "SetVariable",
							"dependsOn": [],
							"userProperties": [],
							"typeProperties": {
								"variableName": "varTempDayDecrementor",
								"value": {
									"value": "@variables('varDayDecrementor')",
									"type": "Expression"
								}
							}
						},
						{
							"name": "Decrement Day Value",
							"type": "SetVariable",
							"dependsOn": [
								{
									"activity": "Set Temp Day Decrementor Value",
									"dependencyConditions": [
										"Succeeded"
									]
								}
							],
							"userProperties": [],
							"typeProperties": {
								"variableName": "varDayDecrementor",
								"value": {
									"value": "@string(add(int(variables('varTempDayDecrementor')),-1))",
									"type": "Expression"
								}
							}
						},
						{
							"name": "If No Data",
							"type": "IfCondition",
							"dependsOn": [
								{
									"activity": "Copy CSV to blob Storage",
									"dependencyConditions": [
										"Succeeded"
									]
								}
							],
							"userProperties": [],
							"typeProperties": {
								"expression": {
									"value": "@less(int(activity('Copy CSV to blob Storage').output.dataWritten),100000)",
									"type": "Expression"
								},
								"ifFalseActivities": [
									{
										"name": "Set FileHasData to True",
										"type": "SetVariable",
										"dependsOn": [],
										"userProperties": [],
										"typeProperties": {
											"variableName": "varFileHasData",
											"value": true
										}
									}
								],
								"ifTrueActivities": [
									{
										"name": "Delete Empty File",
										"type": "Delete",
										"dependsOn": [],
										"policy": {
											"timeout": "0.00:05:00",
											"retry": 3,
											"retryIntervalInSeconds": 30,
											"secureOutput": false,
											"secureInput": false
										},
										"userProperties": [],
										"typeProperties": {
											"dataset": {
												"referenceName": "Blob_CSV_File",
												"type": "DatasetReference",
												"parameters": {
													"container": {
														"value": "@pipeline().parameters.ContainerName",
														"type": "Expression"
													},
													"fileName": {
														"value": "@variables('varDestinationFileName')",
														"type": "Expression"
													},
													"folderPath": {
														"value": "@variables('varDestinationFolderPath')",
														"type": "Expression"
													}
												}
											},
											"enableLogging": false,
											"storeSettings": {
												"type": "AzureBlobStorageReadSettings",
												"recursive": true,
												"enablePartitionDiscovery": false
											}
										}
									},
									{
										"name": "Wait 1 Minute",
										"type": "Wait",
										"dependsOn": [
											{
												"activity": "Delete Empty File",
												"dependencyConditions": [
													"Succeeded"
												]
											}
										],
										"userProperties": [],
										"typeProperties": {
											"waitTimeInSeconds": 60
										}
									}
								]
							}
						},
						{
							"name": "Copy CSV to blob Storage",
							"type": "Copy",
							"dependsOn": [
								{
									"activity": "Decrement Day Value",
									"dependencyConditions": [
										"Succeeded"
									]
								}
							],
							"policy": {
								"timeout": "0.00:10:00",
								"retry": 5,
								"retryIntervalInSeconds": 300,
								"secureOutput": false,
								"secureInput": false
							},
							"userProperties": [],
							"typeProperties": {
								"source": {
									"type": "DelimitedTextSource",
									"additionalColumns": [
										{
											"name": "filepath",
											"value": {
												"value": "@variables('varDestinationFileName')",
												"type": "Expression"
											}
										},
										{
											"name": "fileCreatedDate",
											"value": {
												"value": "@formatDateTime(utcNow(),'yyyy-MM-dd')",
												"type": "Expression"
											}
										},
										{
											"name": "fileCreatedDateTime",
											"value": {
												"value": "@utcNow()",
												"type": "Expression"
											}
										},
										{
											"name": "fromSource",
											"value": {
												"value": "@pipeline().parameters.FileName",
												"type": "Expression"
											}
										},
										{
											"name": "fromType",
											"value": "a365"
										}
									],
									"storeSettings": {
										"type": "HttpReadSettings",
										"requestMethod": "GET",
										"additionalHeaders": {
											"value": "@{concat(\n'authorization : bearer ',activity('Get Bearer Token').output.access_token)}",
											"type": "Expression"
										},
										"requestTimeout": ""
									},
									"formatSettings": {
										"type": "DelimitedTextReadSettings"
									}
								},
								"sink": {
									"type": "DelimitedTextSink",
									"storeSettings": {
										"type": "AzureBlobStorageWriteSettings"
									},
									"formatSettings": {
										"type": "DelimitedTextWriteSettings",
										"quoteAllText": true,
										"fileExtension": ".txt"
									}
								},
								"enableStaging": false
							},
							"inputs": [
								{
									"referenceName": "HTTP_DoD_Graph_API_Csv",
									"type": "DatasetReference",
									"parameters": {
										"relativeUrl": {
											"value": "@concat(\n'beta/reports/'\n,pipeline().parameters.RelativeUrl\n,'(date='\n,formatDateTime(addDays(pipeline().parameters.ProcessDate,int(variables('varDayDecrementor'))),'yyyy-MM-dd')\n,')'\n)",
											"type": "Expression"
										}
									}
								}
							],
							"outputs": [
								{
									"referenceName": "Blob_CSV_File",
									"type": "DatasetReference",
									"parameters": {
										"container": {
											"value": "@pipeline().parameters.ContainerName",
											"type": "Expression"
										},
										"fileName": {
											"value": "@variables('varDestinationFileName')",
											"type": "Expression"
										},
										"folderPath": {
											"value": "@variables('varDestinationFolderPath')",
											"type": "Expression"
										}
									}
								}
							]
						}
					],
					"timeout": "0.00:40:00"
				}
			},
			{
				"name": "Set Day Decrementor Value",
				"type": "SetVariable",
				"dependsOn": [],
				"userProperties": [],
				"typeProperties": {
					"variableName": "varDayDecrementor",
					"value": "-1"
				}
			}
		],
		"parameters": {
			"ProcessDate": {
				"type": "string"
			},
			"FileName": {
				"type": "string"
			},
			"RelativeUrl": {
				"type": "string"
			},
			"ContainerName": {
				"type": "string"
			}
		},
		"variables": {
			"varDestinationFileName": {
				"type": "String"
			},
			"varDestinationFolderPath": {
				"type": "String"
			},
			"varFileHasData": {
				"type": "Boolean",
				"defaultValue": false
			},
			"varTempDayDecrementor": {
				"type": "String"
			},
			"varDayDecrementor": {
				"type": "String"
			}
		},
		"folder": {
			"name": "A365/Process Data Warehouse/Pull Data"
		},
		"annotations": [],
		"lastPublishTime": "2021-09-24T15:20:33Z"
	},
	"type": "Microsoft.DataFactory/factories/pipelines"
}