{
	"name": "Load A365 DW a365EmailActivity",
	"properties": {
		"activities": [
			{
				"name": "Audit - Start Process",
				"type": "Lookup",
				"dependsOn": [],
				"policy": {
					"timeout": "0.00:01:00",
					"retry": 3,
					"retryIntervalInSeconds": 30,
					"secureOutput": false,
					"secureInput": false
				},
				"userProperties": [],
				"typeProperties": {
					"source": {
						"type": "SqlServerSource",
						"sqlReaderQuery": {
							"value": "@concat(\n'\nDECLARE @ProcessExecutionKey int\n\nEXEC [etlaudit].[usp_InsertAuditProcessExecution]\n  @ProcessName = ''', pipeline().Pipeline ,'''\n, @ParentProcessExecutionKey = ''', pipeline().parameters.ParentExecutionKey, '''\n, @ExecutionStartDatetime = ''', pipeline().parameters.StartDateTime, '''\n, @ExecutionStopDatetime = ''', pipeline().parameters.EndDateTime, '''\n, @ExtractionTimeKey = ''', pipeline().parameters.ParentExtractionTimeKey, '''\n, @ProcessExecutionKey = @ProcessExecutionKey OUTPUT;\n\nSELECT @ProcessExecutionKey AS ProcessExecutionKey\n'\n)\n",
							"type": "Expression"
						},
						"queryTimeout": "02:00:00",
						"partitionOption": "None"
					},
					"dataset": {
						"referenceName": "Database_SQLServer",
						"type": "DatasetReference"
					},
					"firstRowOnly": true
				}
			},
			{
				"name": "Audit - End Process - Success",
				"type": "SqlServerStoredProcedure",
				"dependsOn": [
					{
						"activity": "Copy Source File to Synapse Stage Table",
						"dependencyConditions": [
							"Succeeded"
						]
					}
				],
				"policy": {
					"timeout": "0.00:01:00",
					"retry": 3,
					"retryIntervalInSeconds": 30,
					"secureOutput": false,
					"secureInput": false
				},
				"userProperties": [],
				"typeProperties": {
					"storedProcedureName": "[etlaudit].[usp_UpdateAuditProcessExecution]",
					"storedProcedureParameters": {
						"ProcessExecutionKey": {
							"value": {
								"value": "@activity('Audit - Start Process').output.firstRow.ProcessExecutionKey",
								"type": "Expression"
							},
							"type": "Int32"
						},
						"SuccessfulProcessingIndicator": {
							"value": "Y",
							"type": "String"
						}
					}
				},
				"linkedServiceName": {
					"referenceName": "LS_SqlServer",
					"type": "LinkedServiceReference"
				}
			},
			{
				"name": "Audit - End Process - Failure",
				"type": "SqlServerStoredProcedure",
				"dependsOn": [
					{
						"activity": "Copy Source File to Synapse Stage Table",
						"dependencyConditions": [
							"Failed"
						]
					}
				],
				"policy": {
					"timeout": "0.00:01:00",
					"retry": 3,
					"retryIntervalInSeconds": 30,
					"secureOutput": false,
					"secureInput": false
				},
				"userProperties": [],
				"typeProperties": {
					"storedProcedureName": "[etlaudit].[usp_UpdateAuditProcessExecution]",
					"storedProcedureParameters": {
						"ProcessExecutionKey": {
							"value": {
								"value": "@activity('Audit - Start Process').output.firstRow.ProcessExecutionKey",
								"type": "Expression"
							},
							"type": "Int32"
						},
						"SuccessfulProcessingIndicator": {
							"value": "N",
							"type": "String"
						}
					}
				},
				"linkedServiceName": {
					"referenceName": "LS_SqlServer",
					"type": "LinkedServiceReference"
				}
			},
			{
				"name": "Copy Source File to Synapse Stage Table",
				"type": "Copy",
				"dependsOn": [
					{
						"activity": "Audit - Start Process",
						"dependencyConditions": [
							"Succeeded"
						]
					}
				],
				"policy": {
					"timeout": "0.00:10:00",
					"retry": 3,
					"retryIntervalInSeconds": 30,
					"secureOutput": false,
					"secureInput": false
				},
				"userProperties": [],
				"typeProperties": {
					"source": {
						"type": "DelimitedTextSource",
						"storeSettings": {
							"type": "AzureBlobStorageReadSettings",
							"recursive": false,
							"enablePartitionDiscovery": false
						},
						"formatSettings": {
							"type": "DelimitedTextReadSettings"
						}
					},
					"sink": {
						"type": "SqlDWSink",
						"writeBehavior": "Insert",
						"sqlWriterUseTableLock": false
					},
					"enableStaging": false,
					"translator": {
						"type": "TabularTranslator",
						"mappings": [
							{
								"source": {
									"name": "Report Refresh Date",
									"type": "String",
									"physicalType": "String"
								},
								"sink": {
									"name": "reportRefreshDate",
									"type": "DateTime",
									"physicalType": "date"
								}
							},
							{
								"source": {
									"name": "User Principal Name",
									"type": "String",
									"physicalType": "String"
								},
								"sink": {
									"name": "userPrincipalName",
									"type": "String",
									"physicalType": "varchar"
								}
							},
							{
								"source": {
									"name": "Display Name",
									"type": "String",
									"physicalType": "String"
								},
								"sink": {
									"name": "displayName",
									"type": "String",
									"physicalType": "varchar"
								}
							},
							{
								"source": {
									"name": "Is Deleted",
									"type": "String",
									"physicalType": "String"
								},
								"sink": {
									"name": "isDeleted",
									"type": "Boolean",
									"physicalType": "bit"
								}
							},
							{
								"source": {
									"name": "Deleted Date",
									"type": "String",
									"physicalType": "String"
								},
								"sink": {
									"name": "deletedDate",
									"type": "DateTime",
									"physicalType": "date"
								}
							},
							{
								"source": {
									"name": "Last Activity Date",
									"type": "String",
									"physicalType": "String"
								},
								"sink": {
									"name": "lastActivityDate",
									"type": "DateTime",
									"physicalType": "date"
								}
							},
							{
								"source": {
									"name": "Send Count",
									"type": "String",
									"physicalType": "String"
								},
								"sink": {
									"name": "sendCount",
									"type": "Int64",
									"physicalType": "bigint"
								}
							},
							{
								"source": {
									"name": "Receive Count",
									"type": "String",
									"physicalType": "String"
								},
								"sink": {
									"name": "receiveCount",
									"type": "Int64",
									"physicalType": "bigint"
								}
							},
							{
								"source": {
									"name": "Read Count",
									"type": "String",
									"physicalType": "String"
								},
								"sink": {
									"name": "readCount",
									"type": "Int64",
									"physicalType": "bigint"
								}
							},
							{
								"source": {
									"name": "Meeting Created Count",
									"type": "String",
									"physicalType": "String"
								},
								"sink": {
									"name": "meetingCreatedCount",
									"type": "Int64",
									"physicalType": "bigint"
								}
							},
							{
								"source": {
									"name": "Meeting Interacted Count",
									"type": "String",
									"physicalType": "String"
								},
								"sink": {
									"name": "meetingInteractedCount",
									"type": "Int64",
									"physicalType": "bigint"
								}
							},
							{
								"source": {
									"name": "Assigned Products",
									"type": "String",
									"physicalType": "String"
								},
								"sink": {
									"name": "assignedProducts",
									"type": "String",
									"physicalType": "varchar"
								}
							},
							{
								"source": {
									"name": "Report Period",
									"type": "String",
									"physicalType": "String"
								},
								"sink": {
									"name": "reportPeriod",
									"type": "Int32",
									"physicalType": "int"
								}
							},
							{
								"source": {
									"name": "filepath",
									"type": "String",
									"physicalType": "String"
								},
								"sink": {
									"name": "filepath",
									"type": "String",
									"physicalType": "varchar"
								}
							},
							{
								"source": {
									"name": "fileCreatedDate",
									"type": "String",
									"physicalType": "String"
								},
								"sink": {
									"name": "fileCreatedDate",
									"type": "DateTime",
									"physicalType": "date"
								}
							},
							{
								"source": {
									"name": "fileCreatedDateTime",
									"type": "String",
									"physicalType": "String"
								},
								"sink": {
									"name": "fileCreatedDateTime",
									"type": "DateTime",
									"physicalType": "datetime2"
								}
							},
							{
								"source": {
									"name": "fromSource",
									"type": "String",
									"physicalType": "String"
								},
								"sink": {
									"name": "fromSource",
									"type": "String",
									"physicalType": "varchar"
								}
							},
							{
								"source": {
									"name": "fromType",
									"type": "String",
									"physicalType": "String"
								},
								"sink": {
									"name": "fromType",
									"type": "String",
									"physicalType": "varchar"
								}
							}
						],
						"typeConversion": true,
						"typeConversionSettings": {
							"allowDataTruncation": true,
							"treatBooleanAsNumber": false
						}
					}
				},
				"inputs": [
					{
						"referenceName": "Blob_CSV_File",
						"type": "DatasetReference",
						"parameters": {
							"container": {
								"value": "@variables('varContainerName')",
								"type": "Expression"
							},
							"fileName": {
								"value": "@concat(\nvariables('varFileName')\n, formatDateTime(pipeline().parameters.ProcessDate, '_yyyy-MM-dd-HH-mm')\n, '.csv')",
								"type": "Expression"
							},
							"folderPath": {
								"value": "@formatDateTime(pipeline().parameters.ProcessDate, 'yyyy/MM/dd')",
								"type": "Expression"
							}
						}
					}
				],
				"outputs": [
					{
						"referenceName": "Database_Synapse",
						"type": "DatasetReference",
						"parameters": {
							"schema": "stage",
							"table": {
								"value": "@variables('varDestinationTableName')",
								"type": "Expression"
							}
						}
					}
				]
			}
		],
		"parameters": {
			"StartDateTime": {
				"type": "string"
			},
			"EndDateTime": {
				"type": "string"
			},
			"ParentExecutionKey": {
				"type": "string"
			},
			"ParentExtractionTimeKey": {
				"type": "string"
			},
			"ProcessDate": {
				"type": "string"
			}
		},
		"variables": {
			"varContainerName": {
				"type": "String",
				"defaultValue": "a365-emailactivity"
			},
			"varFileName": {
				"type": "String",
				"defaultValue": "emailActivity"
			},
			"varDestinationTableName": {
				"type": "String",
				"defaultValue": "a365EmailActivity"
			}
		},
		"folder": {
			"name": "A365/Process Data Warehouse/Load DW Stage"
		},
		"annotations": [],
		"lastPublishTime": "2021-09-22T18:11:48Z"
	},
	"type": "Microsoft.DataFactory/factories/pipelines"
}