{"name": "Load Aternity remediationActionsRun from DW Stage", "properties": {"activities": [{"name": "Audit - Start Process", "type": "Lookup", "dependsOn": [], "policy": {"timeout": "0.00:01:00", "retry": 3, "retryIntervalInSeconds": 30, "secureOutput": false, "secureInput": false}, "userProperties": [], "typeProperties": {"source": {"type": "SqlServerSource", "sqlReaderQuery": {"value": "@concat(\n'\nDECLARE @ProcessExecutionKey int\n\nEXEC [etlaudit].[usp_InsertAuditProcessExecution]\n  @ProcessName = ''', pipeline().Pipeline ,'''\n, @ParentProcessExecutionKey = ''', pipeline().parameters.ParentExecutionKey, '''\n, @ExecutionStartDatetime = ''', pipeline().parameters.StartDateTime, '''\n, @ExecutionStopDatetime = ''', pipeline().parameters.EndDateTime, '''\n, @ExtractionTimeKey = ''', pipeline().parameters.ParentExtractionTimeKey, '''\n, @ProcessExecutionKey = @ProcessExecutionKey OUTPUT;\n\nSELECT @ProcessExecutionKey AS ProcessExecutionKey\n'\n)\n", "type": "Expression"}, "queryTimeout": "02:00:00", "partitionOption": "None"}, "dataset": {"referenceName": "Database_SQLServer", "type": "DatasetReference"}, "firstRowOnly": true}}, {"name": "Audit - End Process - Success", "type": "SqlServerStoredProcedure", "dependsOn": [{"activity": "Load remediationActionsRun from DW Stage", "dependencyConditions": ["Succeeded"]}], "policy": {"timeout": "0.00:01:00", "retry": 3, "retryIntervalInSeconds": 30, "secureOutput": false, "secureInput": false}, "userProperties": [], "typeProperties": {"storedProcedureName": "[etlaudit].[usp_UpdateAuditProcessExecution]", "storedProcedureParameters": {"ProcessExecutionKey": {"value": {"value": "@activity('Audit - Start Process').output.firstRow.ProcessExecutionKey", "type": "Expression"}, "type": "Int32"}, "SuccessfulProcessingIndicator": {"value": "Y", "type": "String"}}}, "linkedServiceName": {"referenceName": "LS_SqlServer", "type": "LinkedServiceReference"}}, {"name": "Audit - End Process - Failure", "type": "SqlServerStoredProcedure", "dependsOn": [{"activity": "Load remediationActionsRun from DW Stage", "dependencyConditions": ["Failed"]}], "policy": {"timeout": "0.00:01:00", "retry": 3, "retryIntervalInSeconds": 30, "secureOutput": false, "secureInput": false}, "userProperties": [], "typeProperties": {"storedProcedureName": "[etlaudit].[usp_UpdateAuditProcessExecution]", "storedProcedureParameters": {"ProcessExecutionKey": {"value": {"value": "@activity('Audit - Start Process').output.firstRow.ProcessExecutionKey", "type": "Expression"}, "type": "Int32"}, "SuccessfulProcessingIndicator": {"value": "N", "type": "String"}}}, "linkedServiceName": {"referenceName": "LS_SqlServer", "type": "LinkedServiceReference"}}, {"name": "Load remediationActionsRun from DW Stage", "description": "", "type": "SqlServerStoredProcedure", "dependsOn": [{"activity": "Audit - Start Process", "dependencyConditions": ["Succeeded"]}], "policy": {"timeout": "0.00:20:00", "retry": 3, "retryIntervalInSeconds": 30, "secureOutput": false, "secureInput": false}, "userProperties": [{"name": "AdminPasswordSecretName", "value": "abc"}], "typeProperties": {"storedProcedureName": "[etl].[usp_populateStage2DW_aternityRemediationActionsRun]"}, "linkedServiceName": {"referenceName": "LS_DataWarehouse", "type": "LinkedServiceReference"}}], "parameters": {"StartDateTime": {"type": "string"}, "EndDateTime": {"type": "string"}, "ParentExecutionKey": {"type": "string"}, "ParentExtractionTimeKey": {"type": "string"}}, "folder": {"name": "Aternity/Process Data Warehouse/Load DW"}, "annotations": [], "lastPublishTime": "2021-09-22T19:51:25Z"}, "type": "Microsoft.DataFactory/factories/pipelines"}