{
	"name": "Load CdeReporting DW Stage Tables",
	"properties": {
		"activities": [
			{
				"name": "Audit - Start Process",
				"type": "Lookup",
				"dependsOn": [],
				"policy": {
					"timeout": "0.00:01:00",
					"retry": 3,
					"retryIntervalInSeconds": 30,
					"secureOutput": false,
					"secureInput": false
				},
				"userProperties": [],
				"typeProperties": {
					"source": {
						"type": "SqlServerSource",
						"sqlReaderQuery": {
							"value": "@concat(\n'\nDECLARE @ProcessExecutionKey int\n\nEXEC [etlaudit].[usp_InsertAuditProcessExecution]\n  @ProcessName = ''', pipeline().Pipeline ,'''\n, @ParentProcessExecutionKey = ''', pipeline().parameters.ParentExecutionKey, '''\n, @ExecutionStartDatetime = ''', pipeline().parameters.StartDateTime, '''\n, @ExecutionStopDatetime = ''', pipeline().parameters.EndDateTime, '''\n, @ExtractionTimeKey = ''', pipeline().parameters.ParentExtractionTimeKey, '''\n, @ProcessExecutionKey = @ProcessExecutionKey OUTPUT;\n\nSELECT @ProcessExecutionKey AS ProcessExecutionKey\n'\n)\n",
							"type": "Expression"
						},
						"queryTimeout": "02:00:00",
						"partitionOption": "None"
					},
					"dataset": {
						"referenceName": "Database_SQLServer",
						"type": "DatasetReference"
					},
					"firstRowOnly": true
				}
			},
			{
				"name": "Audit - End Process - Success",
				"type": "SqlServerStoredProcedure",
				"dependsOn": [
					{
						"activity": "Load DW PbiDatasetRefresh",
						"dependencyConditions": [
							"Succeeded"
						]
					},
					{
						"activity": "Load DW PbiDataflowRefresh",
						"dependencyConditions": [
							"Succeeded"
						]
					},
					{
						"activity": "Load DW PbiDataflowDatasetRefreshMapping",
						"dependencyConditions": [
							"Succeeded"
						]
					},
					{
						"activity": "Load DW PbiActivityEvent",
						"dependencyConditions": [
							"Succeeded"
						]
					},
					{
						"activity": "Load DW PbiCapacity",
						"dependencyConditions": [
							"Succeeded"
						]
					},
					{
						"activity": "Load DW PbiWorkspace",
						"dependencyConditions": [
							"Succeeded"
						]
					},
					{
						"activity": "Load DW aadGroupMember",
						"dependencyConditions": [
							"Succeeded"
						]
					},
					{
						"activity": "Load DW aadGroup",
						"dependencyConditions": [
							"Succeeded"
						]
					},
					{
						"activity": "Load DW PbiCapacityRefresh",
						"dependencyConditions": [
							"Succeeded"
						]
					},
					{
						"activity": "Load DW PbiDatasetAsAdmin",
						"dependencyConditions": [
							"Succeeded"
						]
					},
					{
						"activity": "Load DW PbiDataflowAsAdmin",
						"dependencyConditions": [
							"Succeeded"
						]
					},
					{
						"activity": "Load DW PbiGroupUser",
						"dependencyConditions": [
							"Succeeded"
						]
					},
					{
						"activity": "Load DW PbiWorkspaceScan",
						"dependencyConditions": [
							"Succeeded"
						]
					}
				],
				"policy": {
					"timeout": "0.00:01:00",
					"retry": 3,
					"retryIntervalInSeconds": 30,
					"secureOutput": false,
					"secureInput": false
				},
				"userProperties": [],
				"typeProperties": {
					"storedProcedureName": "[etlaudit].[usp_UpdateAuditProcessExecution]",
					"storedProcedureParameters": {
						"ProcessExecutionKey": {
							"value": {
								"value": "@activity('Audit - Start Process').output.firstRow.ProcessExecutionKey",
								"type": "Expression"
							},
							"type": "Int32"
						},
						"SuccessfulProcessingIndicator": {
							"value": "Y",
							"type": "String"
						}
					}
				},
				"linkedServiceName": {
					"referenceName": "LS_SqlServer",
					"type": "LinkedServiceReference"
				}
			},
			{
				"name": "Audit - End Process - Failure",
				"type": "SqlServerStoredProcedure",
				"dependsOn": [
					{
						"activity": "Load DW PbiDatasetRefresh",
						"dependencyConditions": [
							"Failed"
						]
					},
					{
						"activity": "Load DW PbiDataflowRefresh",
						"dependencyConditions": [
							"Failed"
						]
					},
					{
						"activity": "Load DW PbiDataflowDatasetRefreshMapping",
						"dependencyConditions": [
							"Failed"
						]
					},
					{
						"activity": "Load DW PbiActivityEvent",
						"dependencyConditions": [
							"Failed"
						]
					},
					{
						"activity": "Load DW PbiCapacity",
						"dependencyConditions": [
							"Failed"
						]
					},
					{
						"activity": "Load DW PbiWorkspace",
						"dependencyConditions": [
							"Failed"
						]
					},
					{
						"activity": "Load DW aadGroupMember",
						"dependencyConditions": [
							"Failed"
						]
					},
					{
						"activity": "Load DW aadGroup",
						"dependencyConditions": [
							"Failed"
						]
					},
					{
						"activity": "Load DW PbiCapacityRefresh",
						"dependencyConditions": [
							"Failed"
						]
					},
					{
						"activity": "Load DW PbiDatasetAsAdmin",
						"dependencyConditions": [
							"Failed"
						]
					},
					{
						"activity": "Load DW PbiDataflowAsAdmin",
						"dependencyConditions": [
							"Failed"
						]
					},
					{
						"activity": "Load DW PbiGroupUser",
						"dependencyConditions": [
							"Failed"
						]
					},
					{
						"activity": "Load DW PbiWorkspaceScan",
						"dependencyConditions": [
							"Failed"
						]
					}
				],
				"policy": {
					"timeout": "0.00:01:00",
					"retry": 3,
					"retryIntervalInSeconds": 30,
					"secureOutput": false,
					"secureInput": false
				},
				"userProperties": [],
				"typeProperties": {
					"storedProcedureName": "[etlaudit].[usp_UpdateAuditProcessExecution]",
					"storedProcedureParameters": {
						"ProcessExecutionKey": {
							"value": {
								"value": "@activity('Audit - Start Process').output.firstRow.ProcessExecutionKey",
								"type": "Expression"
							},
							"type": "Int32"
						},
						"SuccessfulProcessingIndicator": {
							"value": "N",
							"type": "String"
						}
					}
				},
				"linkedServiceName": {
					"referenceName": "LS_SqlServer",
					"type": "LinkedServiceReference"
				}
			},
			{
				"name": "Load DW PbiDatasetRefresh",
				"type": "ExecutePipeline",
				"dependsOn": [
					{
						"activity": "Audit - Start Process",
						"dependencyConditions": [
							"Succeeded"
						]
					}
				],
				"userProperties": [],
				"typeProperties": {
					"pipeline": {
						"referenceName": "Load CdeReporting DW pbiDatasetRefresh",
						"type": "PipelineReference"
					},
					"waitOnCompletion": true,
					"parameters": {
						"StartDateTime": {
							"value": "@pipeline().parameters.StartDateTime",
							"type": "Expression"
						},
						"EndDateTime": {
							"value": "@pipeline().parameters.EndDateTime",
							"type": "Expression"
						},
						"ParentExecutionKey": {
							"value": "@activity('Audit - Start Process').output.firstRow.ProcessExecutionKey",
							"type": "Expression"
						},
						"ParentExtractionTimeKey": {
							"value": "@pipeline().parameters.ParentExtractionTimeKey",
							"type": "Expression"
						}
					}
				}
			},
			{
				"name": "Load DW PbiDataflowRefresh",
				"type": "ExecutePipeline",
				"dependsOn": [
					{
						"activity": "Audit - Start Process",
						"dependencyConditions": [
							"Succeeded"
						]
					}
				],
				"userProperties": [],
				"typeProperties": {
					"pipeline": {
						"referenceName": "Load CdeReporting DW pbiDataflowRefresh",
						"type": "PipelineReference"
					},
					"waitOnCompletion": true,
					"parameters": {
						"StartDateTime": {
							"value": "@pipeline().parameters.StartDateTime",
							"type": "Expression"
						},
						"EndDateTime": {
							"value": "@pipeline().parameters.EndDateTime",
							"type": "Expression"
						},
						"ParentExecutionKey": {
							"value": "@activity('Audit - Start Process').output.firstRow.ProcessExecutionKey",
							"type": "Expression"
						},
						"ParentExtractionTimeKey": {
							"value": "@pipeline().parameters.ParentExtractionTimeKey",
							"type": "Expression"
						}
					}
				}
			},
			{
				"name": "Load DW PbiDataflowDatasetRefreshMapping",
				"type": "ExecutePipeline",
				"dependsOn": [
					{
						"activity": "Audit - Start Process",
						"dependencyConditions": [
							"Succeeded"
						]
					}
				],
				"userProperties": [],
				"typeProperties": {
					"pipeline": {
						"referenceName": "Load CdeReporting DW pbiDataflowDatasetRefreshMapping",
						"type": "PipelineReference"
					},
					"waitOnCompletion": true,
					"parameters": {
						"StartDateTime": {
							"value": "@pipeline().parameters.StartDateTime",
							"type": "Expression"
						},
						"EndDateTime": {
							"value": "@pipeline().parameters.EndDateTime",
							"type": "Expression"
						},
						"ParentExecutionKey": {
							"value": "@activity('Audit - Start Process').output.firstRow.ProcessExecutionKey",
							"type": "Expression"
						},
						"ParentExtractionTimeKey": {
							"value": "@pipeline().parameters.ParentExtractionTimeKey",
							"type": "Expression"
						}
					}
				}
			},
			{
				"name": "Load DW PbiActivityEvent",
				"description": "",
				"type": "ExecutePipeline",
				"dependsOn": [
					{
						"activity": "Audit - Start Process",
						"dependencyConditions": [
							"Succeeded"
						]
					}
				],
				"userProperties": [],
				"typeProperties": {
					"pipeline": {
						"referenceName": "Load CdeReporting DW pbiActivityEvent",
						"type": "PipelineReference"
					},
					"waitOnCompletion": true,
					"parameters": {
						"ParentExecutionKey": {
							"value": "@activity('Audit - Start Process').output.firstRow.ProcessExecutionKey",
							"type": "Expression"
						},
						"StartDateTime": {
							"value": "@pipeline().parameters.StartDateTime",
							"type": "Expression"
						},
						"EndDateTime": {
							"value": "@pipeline().parameters.EndDateTime",
							"type": "Expression"
						}
					}
				}
			},
			{
				"name": "Load DW PbiCapacity",
				"description": "",
				"type": "ExecutePipeline",
				"dependsOn": [
					{
						"activity": "Audit - Start Process",
						"dependencyConditions": [
							"Succeeded"
						]
					}
				],
				"userProperties": [],
				"typeProperties": {
					"pipeline": {
						"referenceName": "Load CdeReporting DW pbiCapacity",
						"type": "PipelineReference"
					},
					"waitOnCompletion": true,
					"parameters": {
						"ParentExecutionKey": {
							"value": "@activity('Audit - Start Process').output.firstRow.ProcessExecutionKey",
							"type": "Expression"
						},
						"StartDateTime": {
							"value": "@pipeline().parameters.StartDateTime",
							"type": "Expression"
						},
						"EndDateTime": {
							"value": "@pipeline().parameters.EndDateTime",
							"type": "Expression"
						}
					}
				}
			},
			{
				"name": "Load DW PbiWorkspace",
				"type": "ExecutePipeline",
				"dependsOn": [
					{
						"activity": "Audit - Start Process",
						"dependencyConditions": [
							"Succeeded"
						]
					}
				],
				"userProperties": [],
				"typeProperties": {
					"pipeline": {
						"referenceName": "Load CdeReporting DW pbiWorkspace",
						"type": "PipelineReference"
					},
					"waitOnCompletion": true,
					"parameters": {
						"StartDateTime": {
							"value": "@pipeline().parameters.StartDateTime",
							"type": "Expression"
						},
						"EndDateTime": {
							"value": "@pipeline().parameters.EndDateTime",
							"type": "Expression"
						},
						"ParentExecutionKey": {
							"value": "@activity('Audit - Start Process').output.firstRow.ProcessExecutionKey",
							"type": "Expression"
						},
						"ParentExtractionTimeKey": {
							"value": "@pipeline().parameters.ParentExtractionTimeKey",
							"type": "Expression"
						}
					}
				}
			},
			{
				"name": "Load DW aadGroupMember",
				"type": "ExecutePipeline",
				"dependsOn": [
					{
						"activity": "Audit - Start Process",
						"dependencyConditions": [
							"Succeeded"
						]
					}
				],
				"userProperties": [],
				"typeProperties": {
					"pipeline": {
						"referenceName": "Load CdeReporting DW aadGroupMember",
						"type": "PipelineReference"
					},
					"waitOnCompletion": true,
					"parameters": {
						"ParentExecutionKey": {
							"value": "@activity('Audit - Start Process').output.firstRow.ProcessExecutionKey",
							"type": "Expression"
						},
						"StartDateTime": {
							"value": "@pipeline().parameters.StartDateTime",
							"type": "Expression"
						},
						"EndDateTime": {
							"value": "@pipeline().parameters.EndDateTime",
							"type": "Expression"
						}
					}
				}
			},
			{
				"name": "Load DW aadGroup",
				"type": "ExecutePipeline",
				"dependsOn": [
					{
						"activity": "Audit - Start Process",
						"dependencyConditions": [
							"Succeeded"
						]
					}
				],
				"userProperties": [],
				"typeProperties": {
					"pipeline": {
						"referenceName": "Load CdeReporting DW aadGroup",
						"type": "PipelineReference"
					},
					"waitOnCompletion": true,
					"parameters": {
						"ParentExecutionKey": {
							"value": "@activity('Audit - Start Process').output.firstRow.ProcessExecutionKey",
							"type": "Expression"
						},
						"StartDateTime": {
							"value": "@pipeline().parameters.StartDateTime",
							"type": "Expression"
						},
						"EndDateTime": {
							"value": "@pipeline().parameters.EndDateTime",
							"type": "Expression"
						}
					}
				}
			},
			{
				"name": "Load DW PbiCapacityRefresh",
				"type": "ExecutePipeline",
				"dependsOn": [
					{
						"activity": "Audit - Start Process",
						"dependencyConditions": [
							"Succeeded"
						]
					}
				],
				"userProperties": [],
				"typeProperties": {
					"pipeline": {
						"referenceName": "Load CdeReporting DW pbiCapacityRefresh",
						"type": "PipelineReference"
					},
					"waitOnCompletion": true,
					"parameters": {
						"StartDateTime": {
							"value": "@pipeline().parameters.StartDateTime",
							"type": "Expression"
						},
						"EndDateTime": {
							"value": "@pipeline().parameters.EndDateTime",
							"type": "Expression"
						},
						"ParentExecutionKey": {
							"value": "@activity('Audit - Start Process').output.firstRow.ProcessExecutionKey",
							"type": "Expression"
						},
						"ParentExtractionTimeKey": {
							"value": "@pipeline().parameters.ParentExtractionTimeKey",
							"type": "Expression"
						}
					}
				}
			},
			{
				"name": "Load DW PbiDatasetAsAdmin",
				"type": "ExecutePipeline",
				"dependsOn": [
					{
						"activity": "Audit - Start Process",
						"dependencyConditions": [
							"Succeeded"
						]
					}
				],
				"userProperties": [],
				"typeProperties": {
					"pipeline": {
						"referenceName": "Load CdeReporting DW pbiDatasetAsAdmin",
						"type": "PipelineReference"
					},
					"waitOnCompletion": true,
					"parameters": {
						"StartDateTime": {
							"value": "@pipeline().parameters.StartDateTime",
							"type": "Expression"
						},
						"EndDateTime": {
							"value": "@pipeline().parameters.EndDateTime",
							"type": "Expression"
						},
						"ParentExecutionKey": {
							"value": "@activity('Audit - Start Process').output.firstRow.ProcessExecutionKey",
							"type": "Expression"
						},
						"ParentExtractionTimeKey": {
							"value": "@pipeline().parameters.ParentExtractionTimeKey",
							"type": "Expression"
						}
					}
				}
			},
			{
				"name": "Load DW PbiDataflowAsAdmin",
				"type": "ExecutePipeline",
				"dependsOn": [
					{
						"activity": "Audit - Start Process",
						"dependencyConditions": [
							"Succeeded"
						]
					}
				],
				"userProperties": [],
				"typeProperties": {
					"pipeline": {
						"referenceName": "Load CdeReporting DW pbiDataflowAsAdmin",
						"type": "PipelineReference"
					},
					"waitOnCompletion": true,
					"parameters": {
						"StartDateTime": {
							"value": "@pipeline().parameters.StartDateTime",
							"type": "Expression"
						},
						"EndDateTime": {
							"value": "@pipeline().parameters.EndDateTime",
							"type": "Expression"
						},
						"ParentExecutionKey": {
							"value": "@activity('Audit - Start Process').output.firstRow.ProcessExecutionKey",
							"type": "Expression"
						},
						"ParentExtractionTimeKey": {
							"value": "@pipeline().parameters.ParentExtractionTimeKey",
							"type": "Expression"
						}
					}
				}
			},
			{
				"name": "Load DW PbiGroupUser",
				"type": "ExecutePipeline",
				"dependsOn": [
					{
						"activity": "Audit - Start Process",
						"dependencyConditions": [
							"Succeeded"
						]
					}
				],
				"userProperties": [],
				"typeProperties": {
					"pipeline": {
						"referenceName": "Load CdeReporting DW pbiGroupUser",
						"type": "PipelineReference"
					},
					"waitOnCompletion": true,
					"parameters": {
						"StartDateTime": {
							"value": "@pipeline().parameters.StartDateTime",
							"type": "Expression"
						},
						"EndDateTime": {
							"value": "@pipeline().parameters.EndDateTime",
							"type": "Expression"
						},
						"ParentExecutionKey": {
							"value": "@activity('Audit - Start Process').output.firstRow.ProcessExecutionKey",
							"type": "Expression"
						},
						"ParentExtractionTimeKey": {
							"value": "@pipeline().parameters.ParentExtractionTimeKey",
							"type": "Expression"
						}
					}
				}
			},
			{
				"name": "Load DW PbiWorkspaceScan",
				"type": "ExecutePipeline",
				"dependsOn": [
					{
						"activity": "Audit - Start Process",
						"dependencyConditions": [
							"Succeeded"
						]
					}
				],
				"userProperties": [],
				"typeProperties": {
					"pipeline": {
						"referenceName": "Load CdeReporting DW pbiWorkspaceScan",
						"type": "PipelineReference"
					},
					"waitOnCompletion": true,
					"parameters": {
						"StartDateTime": {
							"value": "@pipeline().parameters.StartDateTime",
							"type": "Expression"
						},
						"EndDateTime": {
							"value": "@pipeline().parameters.EndDateTime",
							"type": "Expression"
						},
						"ParentExecutionKey": {
							"value": "@activity('Audit - Start Process').output.firstRow.ProcessExecutionKey",
							"type": "Expression"
						},
						"ParentExtractionTimeKey": {
							"value": "@pipeline().parameters.ParentExtractionTimeKey",
							"type": "Expression"
						}
					}
				}
			}
		],
		"parameters": {
			"StartDateTime": {
				"type": "string"
			},
			"EndDateTime": {
				"type": "string"
			},
			"ParentExecutionKey": {
				"type": "string"
			},
			"ParentExtractionTimeKey": {
				"type": "string"
			}
		},
		"folder": {
			"name": "CdeReporting/Process Data Warehouse"
		},
		"annotations": [],
		"lastPublishTime": "2021-09-23T16:49:03Z"
	},
	"type": "Microsoft.DataFactory/factories/pipelines"
}