{
	"name": "Load A365 DW a365SharepointUsage",
	"properties": {
		"activities": [
			{
				"name": "Audit - Start Process",
				"type": "Lookup",
				"dependsOn": [],
				"policy": {
					"timeout": "0.00:01:00",
					"retry": 3,
					"retryIntervalInSeconds": 30,
					"secureOutput": false,
					"secureInput": false
				},
				"userProperties": [],
				"typeProperties": {
					"source": {
						"type": "SqlServerSource",
						"sqlReaderQuery": {
							"value": "@concat(\n'\nDECLARE @ProcessExecutionKey int\n\nEXEC [etlaudit].[usp_InsertAuditProcessExecution]\n  @ProcessName = ''', pipeline().Pipeline ,'''\n, @ParentProcessExecutionKey = ''', pipeline().parameters.ParentExecutionKey, '''\n, @ExecutionStartDatetime = ''', pipeline().parameters.StartDateTime, '''\n, @ExecutionStopDatetime = ''', pipeline().parameters.EndDateTime, '''\n, @ExtractionTimeKey = ''', pipeline().parameters.ParentExtractionTimeKey, '''\n, @ProcessExecutionKey = @ProcessExecutionKey OUTPUT;\n\nSELECT @ProcessExecutionKey AS ProcessExecutionKey\n'\n)\n",
							"type": "Expression"
						},
						"queryTimeout": "02:00:00",
						"partitionOption": "None"
					},
					"dataset": {
						"referenceName": "Database_SQLServer",
						"type": "DatasetReference"
					},
					"firstRowOnly": true
				}
			},
			{
				"name": "Audit - End Process - Success",
				"type": "SqlServerStoredProcedure",
				"dependsOn": [
					{
						"activity": "Copy Source File to Synapse Stage Table",
						"dependencyConditions": [
							"Succeeded"
						]
					}
				],
				"policy": {
					"timeout": "0.00:01:00",
					"retry": 3,
					"retryIntervalInSeconds": 30,
					"secureOutput": false,
					"secureInput": false
				},
				"userProperties": [],
				"typeProperties": {
					"storedProcedureName": "[etlaudit].[usp_UpdateAuditProcessExecution]",
					"storedProcedureParameters": {
						"ProcessExecutionKey": {
							"value": {
								"value": "@activity('Audit - Start Process').output.firstRow.ProcessExecutionKey",
								"type": "Expression"
							},
							"type": "Int32"
						},
						"SuccessfulProcessingIndicator": {
							"value": "Y",
							"type": "String"
						}
					}
				},
				"linkedServiceName": {
					"referenceName": "LS_SqlServer",
					"type": "LinkedServiceReference"
				}
			},
			{
				"name": "Audit - End Process - Failure",
				"type": "SqlServerStoredProcedure",
				"dependsOn": [
					{
						"activity": "Copy Source File to Synapse Stage Table",
						"dependencyConditions": [
							"Failed"
						]
					}
				],
				"policy": {
					"timeout": "0.00:01:00",
					"retry": 3,
					"retryIntervalInSeconds": 30,
					"secureOutput": false,
					"secureInput": false
				},
				"userProperties": [],
				"typeProperties": {
					"storedProcedureName": "[etlaudit].[usp_UpdateAuditProcessExecution]",
					"storedProcedureParameters": {
						"ProcessExecutionKey": {
							"value": {
								"value": "@activity('Audit - Start Process').output.firstRow.ProcessExecutionKey",
								"type": "Expression"
							},
							"type": "Int32"
						},
						"SuccessfulProcessingIndicator": {
							"value": "N",
							"type": "String"
						}
					}
				},
				"linkedServiceName": {
					"referenceName": "LS_SqlServer",
					"type": "LinkedServiceReference"
				}
			},
			{
				"name": "Copy Source File to Synapse Stage Table",
				"type": "Copy",
				"dependsOn": [
					{
						"activity": "Audit - Start Process",
						"dependencyConditions": [
							"Succeeded"
						]
					}
				],
				"policy": {
					"timeout": "0.00:10:00",
					"retry": 3,
					"retryIntervalInSeconds": 30,
					"secureOutput": false,
					"secureInput": false
				},
				"userProperties": [],
				"typeProperties": {
					"source": {
						"type": "DelimitedTextSource",
						"storeSettings": {
							"type": "AzureBlobStorageReadSettings",
							"recursive": false,
							"enablePartitionDiscovery": false
						},
						"formatSettings": {
							"type": "DelimitedTextReadSettings"
						}
					},
					"sink": {
						"type": "SqlDWSink",
						"writeBehavior": "Insert",
						"sqlWriterUseTableLock": false
					},
					"enableStaging": false,
					"translator": {
						"type": "TabularTranslator",
						"mappings": [
							{
								"source": {
									"name": "Report Refresh Date",
									"type": "String",
									"physicalType": "String"
								},
								"sink": {
									"name": "reportRefreshDate",
									"type": "DateTime",
									"physicalType": "date"
								}
							},
							{
								"source": {
									"name": "Site Id",
									"type": "String",
									"physicalType": "String"
								},
								"sink": {
									"name": "siteId",
									"type": "String",
									"physicalType": "varchar"
								}
							},
							{
								"source": {
									"name": "Site URL",
									"type": "String",
									"physicalType": "String"
								},
								"sink": {
									"name": "siteUrl",
									"type": "String",
									"physicalType": "varchar"
								}
							},
							{
								"source": {
									"name": "Owner Display Name",
									"type": "String",
									"physicalType": "String"
								},
								"sink": {
									"name": "ownerDisplayName",
									"type": "String",
									"physicalType": "varchar"
								}
							},
							{
								"source": {
									"name": "Is Deleted",
									"type": "String",
									"physicalType": "String"
								},
								"sink": {
									"name": "isDeleted",
									"type": "Boolean",
									"physicalType": "bit"
								}
							},
							{
								"source": {
									"name": "Last Activity Date",
									"type": "String",
									"physicalType": "String"
								},
								"sink": {
									"name": "lastActivityDate",
									"type": "DateTime",
									"physicalType": "date"
								}
							},
							{
								"source": {
									"name": "Site Sensitivity Label Id",
									"type": "String",
									"physicalType": "String"
								},
								"sink": {
									"name": "siteSensitivityLabelId",
									"type": "String",
									"physicalType": "varchar"
								}
							},
							{
								"source": {
									"name": "External Sharing",
									"type": "String",
									"physicalType": "String"
								},
								"sink": {
									"name": "externalSharingYN",
									"type": "Boolean",
									"physicalType": "bit"
								}
							},
							{
								"source": {
									"name": "Unmanaged Device Policy",
									"type": "String",
									"physicalType": "String"
								},
								"sink": {
									"name": "unmanagedDevicePolicy",
									"type": "String",
									"physicalType": "varchar"
								}
							},
							{
								"source": {
									"name": "Geo Location",
									"type": "String",
									"physicalType": "String"
								},
								"sink": {
									"name": "geoLocation",
									"type": "String",
									"physicalType": "varchar"
								}
							},
							{
								"source": {
									"name": "File Count",
									"type": "String",
									"physicalType": "String"
								},
								"sink": {
									"name": "fileCount",
									"type": "Int64",
									"physicalType": "bigint"
								}
							},
							{
								"source": {
									"name": "Active File Count",
									"type": "String",
									"physicalType": "String"
								},
								"sink": {
									"name": "activeFileCount",
									"type": "Int64",
									"physicalType": "bigint"
								}
							},
							{
								"source": {
									"name": "Page View Count",
									"type": "String",
									"physicalType": "String"
								},
								"sink": {
									"name": "pageViewCount",
									"type": "Int64",
									"physicalType": "bigint"
								}
							},
							{
								"source": {
									"name": "Visited Page Count",
									"type": "String",
									"physicalType": "String"
								},
								"sink": {
									"name": "visitedPageCount",
									"type": "Int64",
									"physicalType": "bigint"
								}
							},
							{
								"source": {
									"name": "Anonymous Link Count",
									"type": "String",
									"physicalType": "String"
								},
								"sink": {
									"name": "anonymousLinkCount",
									"type": "Int64",
									"physicalType": "bigint"
								}
							},
							{
								"source": {
									"name": "Company Link Count",
									"type": "String",
									"physicalType": "String"
								},
								"sink": {
									"name": "companyLinkCount",
									"type": "Int64",
									"physicalType": "bigint"
								}
							},
							{
								"source": {
									"name": "Secure Link For Guest Count",
									"type": "String",
									"physicalType": "String"
								},
								"sink": {
									"name": "secureLinkForGuestCount",
									"type": "Int64",
									"physicalType": "bigint"
								}
							},
							{
								"source": {
									"name": "Secure Link For Member Count",
									"type": "String",
									"physicalType": "String"
								},
								"sink": {
									"name": "secureLinkForMemberCount",
									"type": "Int64",
									"physicalType": "bigint"
								}
							},
							{
								"source": {
									"name": "Storage Used (Byte)",
									"type": "String",
									"physicalType": "String"
								},
								"sink": {
									"name": "storageUsed",
									"type": "Int64",
									"physicalType": "bigint"
								}
							},
							{
								"source": {
									"name": "Storage Allocated (Byte)",
									"type": "String",
									"physicalType": "String"
								},
								"sink": {
									"name": "storageAllocated",
									"type": "Int64",
									"physicalType": "bigint"
								}
							},
							{
								"source": {
									"name": "Root Web Template",
									"type": "String",
									"physicalType": "String"
								},
								"sink": {
									"name": "rootWebTemplate",
									"type": "String",
									"physicalType": "varchar"
								}
							},
							{
								"source": {
									"name": "Owner Principal Name",
									"type": "String",
									"physicalType": "String"
								},
								"sink": {
									"name": "ownerPrincipalName",
									"type": "String",
									"physicalType": "varchar"
								}
							},
							{
								"source": {
									"name": "Report Period",
									"type": "String",
									"physicalType": "String"
								},
								"sink": {
									"name": "reportPeriod",
									"type": "Int32",
									"physicalType": "int"
								}
							},
							{
								"source": {
									"name": "filepath",
									"type": "String",
									"physicalType": "String"
								},
								"sink": {
									"name": "filepath",
									"type": "String",
									"physicalType": "varchar"
								}
							},
							{
								"source": {
									"name": "fileCreatedDate",
									"type": "String",
									"physicalType": "String"
								},
								"sink": {
									"name": "fileCreatedDate",
									"type": "DateTime",
									"physicalType": "date"
								}
							},
							{
								"source": {
									"name": "fileCreatedDateTime",
									"type": "String",
									"physicalType": "String"
								},
								"sink": {
									"name": "fileCreatedDateTime",
									"type": "DateTime",
									"physicalType": "datetime2"
								}
							},
							{
								"source": {
									"name": "fromSource",
									"type": "String",
									"physicalType": "String"
								},
								"sink": {
									"name": "fromSource",
									"type": "String",
									"physicalType": "varchar"
								}
							},
							{
								"source": {
									"name": "fromType",
									"type": "String",
									"physicalType": "String"
								},
								"sink": {
									"name": "fromType",
									"type": "String",
									"physicalType": "varchar"
								}
							}
						],
						"typeConversion": true,
						"typeConversionSettings": {
							"allowDataTruncation": true,
							"treatBooleanAsNumber": false
						}
					}
				},
				"inputs": [
					{
						"referenceName": "Blob_CSV_File",
						"type": "DatasetReference",
						"parameters": {
							"container": {
								"value": "@variables('varContainerName')",
								"type": "Expression"
							},
							"fileName": {
								"value": "@concat(\nvariables('varFileName')\n, formatDateTime(pipeline().parameters.ProcessDate, '_yyyy-MM-dd-HH-mm')\n, '.csv')",
								"type": "Expression"
							},
							"folderPath": {
								"value": "@formatDateTime(pipeline().parameters.ProcessDate, 'yyyy/MM/dd')",
								"type": "Expression"
							}
						}
					}
				],
				"outputs": [
					{
						"referenceName": "Database_Synapse",
						"type": "DatasetReference",
						"parameters": {
							"schema": "stage",
							"table": {
								"value": "@variables('varDestinationTableName')",
								"type": "Expression"
							}
						}
					}
				]
			}
		],
		"parameters": {
			"StartDateTime": {
				"type": "string"
			},
			"EndDateTime": {
				"type": "string"
			},
			"ParentExecutionKey": {
				"type": "string"
			},
			"ParentExtractionTimeKey": {
				"type": "string"
			},
			"ProcessDate": {
				"type": "string"
			}
		},
		"variables": {
			"varContainerName": {
				"type": "String",
				"defaultValue": "a365-sharepointusage"
			},
			"varFileName": {
				"type": "String",
				"defaultValue": "sharepointUsage"
			},
			"varDestinationTableName": {
				"type": "String",
				"defaultValue": "a365SharepointUsage"
			}
		},
		"folder": {
			"name": "A365/Process Data Warehouse/Load DW Stage"
		},
		"annotations": [],
		"lastPublishTime": "2021-09-22T18:11:48Z"
	},
	"type": "Microsoft.DataFactory/factories/pipelines"
}