{
	"name": "Load Diagnostic DW",
	"properties": {
		"activities": [
			{
				"name": "Load Diagnostic vpn from DW Stage",
				"type": "ExecutePipeline",
				"dependsOn": [],
				"userProperties": [],
				"typeProperties": {
					"pipeline": {
						"referenceName": "Load Diagnostic vpn from DW Stage",
						"type": "PipelineReference"
					},
					"waitOnCompletion": true,
					"parameters": {
						"StartDateTime": {
							"value": "@pipeline().parameters.StartDateTime",
							"type": "Expression"
						},
						"EndDateTime": {
							"value": "@pipeline().parameters.EndDateTime",
							"type": "Expression"
						},
						"ParentExecutionKey": {
							"value": "@pipeline().parameters.ParentExecutionKey",
							"type": "Expression"
						},
						"ParentExtractionTimeKey": {
							"value": "@pipeline().parameters.ParentExtractionTimeKey",
							"type": "Expression"
						}
					}
				}
			},
			{
				"name": "Load Diagnostic expressRoute from DW Stage",
				"type": "ExecutePipeline",
				"dependsOn": [],
				"userProperties": [],
				"typeProperties": {
					"pipeline": {
						"referenceName": "Load Diagnostic expressRoute from DW Stage",
						"type": "PipelineReference"
					},
					"waitOnCompletion": true,
					"parameters": {
						"StartDateTime": {
							"value": "@pipeline().parameters.StartDateTime",
							"type": "Expression"
						},
						"EndDateTime": {
							"value": "@pipeline().parameters.EndDateTime",
							"type": "Expression"
						},
						"ParentExecutionKey": {
							"value": "@pipeline().parameters.ParentExecutionKey",
							"type": "Expression"
						},
						"ParentExtractionTimeKey": {
							"value": "@pipeline().parameters.ParentExtractionTimeKey",
							"type": "Expression"
						}
					}
				}
			}
		],
		"parameters": {
			"StartDateTime": {
				"type": "string"
			},
			"EndDateTime": {
				"type": "string"
			},
			"ParentExecutionKey": {
				"type": "string"
			},
			"ParentExtractionTimeKey": {
				"type": "string"
			}
		},
		"folder": {
			"name": "Diagnostic/Process Data Warehouse"
		},
		"annotations": [],
		"lastPublishTime": "2021-09-23T16:49:03Z"
	},
	"type": "Microsoft.DataFactory/factories/pipelines"
}