{
    "$schema": "https://schema.management.azure.com/schemas/2015-01-01/deploymentParameters.json#",
    "contentVersion": "1.0.0.0",
    "parameters": {
        "factoryName": {
            "value": "adfeitaasdatateam"
        },
        "Archive_ADLSG2_accountKey": {
            "value": ""
        },
        "GetExcelSheetName_functionKey": {
            "value": ""
        },
        "LS_AzureArchiveBlobStorage_connectionString": {
            "value": ""
        },
        "LS_DataWarehouse_connectionString": {
            "value": "Integrated Security=False;Encrypt=True;Connection Timeout=30;Data Source=synwseitaasdatateam.sql.azuresynapse.usgovcloudapi.net;Initial Catalog=synwsdbdatateam"
        },
        "LS_SqlServer_connectionString": {
            "value": "Integrated Security=False;Encrypt=True;Connection Timeout=30;Data Source=sqlservereitaasdatateam.database.usgovcloudapi.net;Initial Catalog=ETLAudit"
        },
        "ADOC_SIR_SharePoint_Online_List_properties_typeProperties_servicePrincipalId": {
            "value": "f170da9d-224c-4127-87b4-c52b5446dabe"
        },
        "Archive_ADLSG2_properties_typeProperties_url": {
            "value": "https://saeitaasdatateamarch.dfs.core.usgovcloudapi.net/"
        },
        "GetExcelSheetName_properties_typeProperties_functionAppUrl": {
            "value": "https://getexcelsheetname.azurewebsites.us"
        },
        "LS_A365_AzureBlobStorage_properties_typeProperties_connectionString_secretName": {
            "value": "blob-storage-a365-connection-string"
        },
        "LS_AppInsights_BishopBot_properties_typeProperties_url": {
            "value": "https://api.applicationinsights.us/v1/apps/a43095e0-1da8-4ca9-b6dc-789f39b1e659/"
        },
        "LS_AzureBlobStorage_properties_typeProperties_connectionString_secretName": {
            "value": "blob-storage-connection-string"
        },
        "LS_DataLake_properties_typeProperties_url": {
            "value": "https://dleitaasdatateam.dfs.core.usgovcloudapi.net"
        },
        "LS_DataWarehouse_properties_typeProperties_servicePrincipalId": {
            "value": "f170da9d-224c-4127-87b4-c52b5446dabe"
        },
        "LS_DataWarehouse_properties_typeProperties_tenant": {
            "value": "fae6d70f-954b-4811-92b6-0530d6f84c43"
        },
        "LS_Databricks_properties_typeProperties_domain": {
            "value": "https://adb-8103539900501678.2.databricks.azure.us"
        },
        "LS_Databricks_properties_typeProperties_workspaceResourceId": {
            "value": "/subscriptions/96ec76b3-d172-42ca-9360-ae675bbd5961/resourceGroups/cde-sandbox/providers/Microsoft.Databricks/workspaces/adbeitaasdatateam"
        },
        "LS_Databricks_properties_typeProperties_existingClusterId": {
            "value": "0511-202203-jnuoggyj"
        },
        "LS_Dev_AzureBlobStorage_properties_typeProperties_connectionString_secretName": {
            "value": "dev-blob-storage-connection-string"
        },
        "LS_DeviceAPI_properties_typeProperties_url": {
            "value": "@{linkedService().baseUrl}"
        },
        "LS_DoDGraphAPI_properties_typeProperties_url": {
            "value": "https://dod-graph.microsoft.us/"
        },
        "LS_DoDGraphAPI_Csv_properties_typeProperties_url": {
            "value": "https://dod-graph.microsoft.us/"
        },
        "LS_GraphAPI_properties_typeProperties_url": {
            "value": "https://graph.microsoft.us/"
        },
        "LS_KeyVault_properties_typeProperties_baseUrl": {
            "value": "https://kveitaasdatateam.vault.usgovcloudapi.net/"
        },
        "LS_LogAnalytics_properties_typeProperties_url": {
            "value": "https://api.loganalytics.us/v1/workspaces/0757d021-c2cf-48af-98ef-1d62609b6b65/"
        },
        "LS_ManagementAPI_properties_typeProperties_url": {
            "value": "https://management.usgovcloudapi.net/"
        },
        "LS_NetworkLogAnalytics_properties_typeProperties_url": {
            "value": "https://api.loganalytics.us/v1/workspaces/ebbb60cb-efa7-42da-b80c-f776d7a67f69/"
        },
        "LS_PowerBi_properties_typeProperties_url": {
            "value": "https://api.mil.powerbigov.us/v1.0/myorg/groups/"
        },
        "LS_SentinelLogAnalytics_properties_typeProperties_url": {
            "value": "https://api.loganalytics.us/v1/workspaces/0757d021-c2cf-48af-98ef-1d62609b6b65/"
        },
        "LS_SqlServer_properties_typeProperties_servicePrincipalId": {
            "value": "f170da9d-224c-4127-87b4-c52b5446dabe"
        },
        "LS_SqlServer_properties_typeProperties_tenant": {
            "value": "fae6d70f-954b-4811-92b6-0530d6f84c43"
        },
        "LS_azuresentinelgov_properties_typeProperties_url": {
            "value": "https://api.loganalytics.us/v1/workspaces/0a14f0f9-0bde-4f48-ad41-8b44cd5fee9d"
        },
        "A365_ActiveUser_Trigger_properties_Begin A365 ActiveUserLicense Workflow_parameters_FileName": {
            "value": "@triggerBody().fileName"
        },
        "A365_ActiveUser_Trigger_properties_Begin A365 ActiveUserLicense Workflow_parameters_FolderPath": {
            "value": "@triggerBody().folderPath"
        },
        "A365_ActiveUser_Trigger_properties_typeProperties_scope": {
            "value": "/subscriptions/96ec76b3-d172-42ca-9360-ae675bbd5961/resourceGroups/cde-sandbox/providers/Microsoft.Storage/storageAccounts/svaeitaasdatateama365"
        },
        "A365_OfficeActivations_Trigger_properties_Begin A365 OfficeActivation Workflow_parameters_FileName": {
            "value": "@triggerBody().fileName"
        },
        "A365_OfficeActivations_Trigger_properties_Begin A365 OfficeActivation Workflow_parameters_FolderPath": {
            "value": "@triggerBody().folderPath"
        },
        "A365_OfficeActivations_Trigger_properties_typeProperties_scope": {
            "value": "/subscriptions/96ec76b3-d172-42ca-9360-ae675bbd5961/resourceGroups/cde-sandbox/providers/Microsoft.Storage/storageAccounts/svaeitaasdatateama365"
        },
        "ADOC_RFC_Active_Trigger_properties_Begin ADOC RFC Active Workflow_parameters_FileName": {
            "value": "@triggerBody().fileName"
        },
        "ADOC_RFC_Active_Trigger_properties_Begin ADOC RFC Active Workflow_parameters_FolderPath": {
            "value": "@triggerBody().folderPath"
        },
        "ADOC_RFC_Active_Trigger_properties_typeProperties_scope": {
            "value": "/subscriptions/96ec76b3-d172-42ca-9360-ae675bbd5961/resourceGroups/cde-sandbox/providers/Microsoft.Storage/storageAccounts/saeitaasdatateam"
        },
        "ADOC_RFC_Archive_Trigger_properties_Begin ADOC RFC Archive Workflow_parameters_FileName": {
            "value": "@triggerBody().fileName"
        },
        "ADOC_RFC_Archive_Trigger_properties_Begin ADOC RFC Archive Workflow_parameters_FolderPath": {
            "value": "@triggerBody().folderPath"
        },
        "ADOC_RFC_Archive_Trigger_properties_typeProperties_scope": {
            "value": "/subscriptions/96ec76b3-d172-42ca-9360-ae675bbd5961/resourceGroups/cde-sandbox/providers/Microsoft.Storage/storageAccounts/saeitaasdatateam"
        },
        "ADOC_SIR_Trigger_properties_Begin ADOC SIR Workflow_parameters_FileName": {
            "value": "@triggerBody().fileName"
        },
        "ADOC_SIR_Trigger_properties_Begin ADOC SIR Workflow_parameters_FolderPath": {
            "value": "@triggerBody().folderPath"
        },
        "ADOC_SIR_Trigger_properties_typeProperties_scope": {
            "value": "/subscriptions/96ec76b3-d172-42ca-9360-ae675bbd5961/resourceGroups/cde-sandbox/providers/Microsoft.Storage/storageAccounts/saeitaasdatateam"
        },
        "OrgHierarchy_Event_Trigger_properties_Begin OrgHierarchy Workflow_parameters_folderPath": {
            "value": "@triggerBody().folderPath"
        },
        "OrgHierarchy_Event_Trigger_properties_Begin OrgHierarchy Workflow_parameters_fileName": {
            "value": "@triggerBody().fileName"
        },
        "OrgHierarchy_Event_Trigger_properties_typeProperties_scope": {
            "value": "/subscriptions/96ec76b3-d172-42ca-9360-ae675bbd5961/resourceGroups/cde-sandbox/providers/Microsoft.Storage/storageAccounts/saeitaasdatateam"
        },
        "Purge_Databricks_Tables_Trigger_properties_Begin Purge of Databricks Tables_parameters_DaysToRetain": {
            "value": "2"
        },
        "RCCC_Incident_Trigger_properties_Begin RCC-C Incident Workflow_parameters_FileName": {
            "value": "@triggerBody().fileName"
        },
        "RCCC_Incident_Trigger_properties_Begin RCC-C Incident Workflow_parameters_FolderPath": {
            "value": "@triggerBody().folderPath"
        },
        "RCCC_Incident_Trigger_properties_typeProperties_scope": {
            "value": "/subscriptions/96ec76b3-d172-42ca-9360-ae675bbd5961/resourceGroups/cde-sandbox/providers/Microsoft.Storage/storageAccounts/saeitaasdatateam"
        },
        "RCCC_PowerBI_Refresh_properties_Refresh Power BI_parameters_DataflowNamePrefix": {
            "value": "RCC-C Reporting"
        },
        "RCCC_PowerBI_Refresh_properties_Refresh Power BI_parameters_DatasetNamePrefix": {
            "value": "RCC-C Executive Dashboard"
        },
        "RCCC_Request_Trigger_properties_Begin RCC-C Request Workflow_parameters_FileName": {
            "value": "@triggerBody().fileName"
        },
        "RCCC_Request_Trigger_properties_Begin RCC-C Request Workflow_parameters_FilePath": {
            "value": "@triggerBody().folderPath"
        },
        "RCCC_Request_Trigger_properties_typeProperties_scope": {
            "value": "/subscriptions/96ec76b3-d172-42ca-9360-ae675bbd5961/resourceGroups/cde-sandbox/providers/Microsoft.Storage/storageAccounts/saeitaasdatateam"
        },
        "Restart_Databricks_Environment_Trigger_properties_Begin Restart Databricks Environment_parameters_RunThisPipelineYN": {
            "value": "Yes"
        },
        "STIG_ACAS_Nessus_Trigger_properties_Begin ACAS Nessus Scans Workflow_parameters_FileName": {
            "value": "@triggerBody().fileName"
        },
        "STIG_ACAS_Nessus_Trigger_properties_Begin ACAS Nessus Scans Workflow_parameters_FolderPath": {
            "value": "@triggerBody().folderPath"
        },
        "STIG_ACAS_Nessus_Trigger_properties_typeProperties_scope": {
            "value": "/subscriptions/96ec76b3-d172-42ca-9360-ae675bbd5961/resourceGroups/cde-sandbox/providers/Microsoft.Storage/storageAccounts/saeitaasdatateam"
        },
        "STIG_ACAS_Tenable_Trigger_properties_Begin ACAS Tenable Scans Workflow_parameters_FileName": {
            "value": "@triggerBody().fileName"
        },
        "STIG_ACAS_Tenable_Trigger_properties_Begin ACAS Tenable Scans Workflow_parameters_FolderPath": {
            "value": "@triggerBody().folderPath"
        },
        "STIG_ACAS_Tenable_Trigger_properties_typeProperties_scope": {
            "value": "/subscriptions/96ec76b3-d172-42ca-9360-ae675bbd5961/resourceGroups/cde-sandbox/providers/Microsoft.Storage/storageAccounts/saeitaasdatateam"
        },
        "STIG_Workflow_Trigger_properties_Begin STIG Workflow_parameters_FolderPath": {
            "value": "@triggerBody().folderPath"
        },
        "STIG_Workflow_Trigger_properties_Begin STIG Workflow_parameters_FileName": {
            "value": "@triggerBody().fileName"
        },
        "STIG_Workflow_Trigger_properties_typeProperties_scope": {
            "value": "/subscriptions/96ec76b3-d172-42ca-9360-ae675bbd5961/resourceGroups/cde-sandbox/providers/Microsoft.Storage/storageAccounts/saeitaasdatateam"
        },
        "Shutdown_Environment_Trigger_properties_Begin Shutdown All Environments_parameters_RunThisPipelineYN": {
            "value": "No"
        },
        "Start_Environment_Trigger_AutoSbx_properties_Begin Start All Environments_parameters_RunThisPipelineYN": {
            "value": "No"
        },
        "Start_Environment_Trigger_Dev_properties_Begin Start All Environments_parameters_RunThisPipelineYN": {
            "value": "No"
        },
        "Survey_Workflow_Trigger_properties_Begin Survey Workflow_parameters_fileName": {
            "value": "@triggerBody().fileName"
        },
        "Survey_Workflow_Trigger_properties_Begin Survey Workflow_parameters_folderPath": {
            "value": "@triggerBody().folderPath"
        },
        "Survey_Workflow_Trigger_properties_typeProperties_scope": {
            "value": "/subscriptions/96ec76b3-d172-42ca-9360-ae675bbd5961/resourceGroups/cde-sandbox/providers/Microsoft.Storage/storageAccounts/saeitaasdatateam"
        },
        "dataFactory_properties_globalParameters_Keyvault_Name_value": {
            "value": "kveitaasdatateam"
        },
        "dataFactory_location": {
            "value": "usgovvirginia"
        },
        "dataFactory_identity_type": {
            "value": "SystemAssigned"
        }
    }
}