﻿{"tables":[{"name":"PrimaryResult","columns":[{"name":"TenantId","type":"string"},{"name":"TimeGenerated","type":"datetime"},{"name":"Computer","type":"string"},{"name":"FlowType_s","type":"string"},{"name":"SrcIP_s","type":"string"},{"name":"DestIP_s","type":"string"},{"name":"DestPort_d","type":"real"},{"name":"FlowDirection_s","type":"string"},{"name":"FlowStatus_s","type":"string"},{"name":"NSGRules_s","type":"string"},{"name":"VM1_s","type":"string"},{"name":"VM2_s","type":"string"},{"name":"AllowedInFlows_d","type":"real"},{"name":"DeniedInFlows_d","type":"real"},{"name":"AllowedOutFlows_d","type":"real"},{"name":"DeniedOutFlows_d","type":"real"},{"name":"FlowCount_d","type":"real"},{"name":"InboundPackets_d","type":"real"},{"name":"OutboundPackets_d","type":"real"},{"name":"InboundBytes_d","type":"real"},{"name":"OutboundBytes_d","type":"real"},{"name":"CompletedFlows_d","type":"real"},{"name":"PublicIPs_s","type":"string"},{"name":"DestPublicIPs_s","type":"string"},{"name":"SubscriptionName_s","type":"string"},{"name":"MACAddress_s","type":"string"},{"name":"Subnet1_s","type":"string"},{"name":"Subnet2_s","type":"string"},{"name":"Name_s","type":"string"},{"name":"ResourceType","type":"string"},{"name":"SubType_s","type":"string"},{"name":"Subscription_g","type":"string"},{"name":"TimeProcessed_t","type":"datetime"},{"name":"Type","type":"string"},{"name":"_ResourceId","type":"string"}],"rows":[]}],"timeGenerated":"2022-03-15T14:48:30.712374Z"}
