{"timeGenerated": "2022-10-28 02:12:38.929983", "iterationNumber": "1",  "api_results":[{"workspaceId": "32d26e7c-c313-4e16-8011-05efe5053b77", "results": {"@odata.context": "http://api.mil.powerbigov.us/v1.0/myorg/admin/$metadata#users", "value": [{"emailAddress": "tory.j.rose.ctr@army.mil", "groupUserAccessRight": "Admin", "displayName": "Tory Rose", "identifier": "tory.j.rose.ctr@army.mil", "principalType": "User", "graphId": "9ed29497-2d8d-4408-89ef-be678ed6bd97", "userType": "Member"}, {"emailAddress": "8AKMOffice@army.mil", "groupUserAccessRight": "Admin", "displayName": "8A KM Office", "identifier": "44aecbbf-79d3-4b1d-afb7-90efc7fdbccd", "principalType": "Group", "graphId": "44aecbbf-79d3-4b1d-afb7-90efc7fdbccd"}]}},{"workspaceId": "3e3ac421-47dd-4d8d-bc17-02927aaf6460", "results": {"@odata.context": "http://api.mil.powerbigov.us/v1.0/myorg/admin/$metadata#users", "value": []}},{"workspaceId": "e45c3e76-f0df-454e-b6cd-06752a10a2de", "results": {"@odata.context": "http://api.mil.powerbigov.us/v1.0/myorg/admin/$metadata#users", "value": [{"emailAddress": "steven.j.reaume.mil@army.mil", "groupUserAccessRight": "Admin", "displayName": "Steven Reaume", "identifier": "steven.j.reaume.mil@army.mil", "principalType": "User", "graphId": "c3395661-e77e-4b2d-8ba7-e60b8198391e", "userType": "Member"}]}},{"workspaceId": "4e9dd63d-9506-40e6-bfd6-05aa76335c4b", "results": {"@odata.context": "http://api.mil.powerbigov.us/v1.0/myorg/admin/$metadata#users", "value": [{"emailAddress": "cesar.i.garfias.mil@army.mil", "groupUserAccessRight": "Admin", "displayName": "Cesar Garfias", "identifier": "cesar.i.garfias.mil@army.mil", "principalType": "User", "graphId": "6ebc3560-1d47-4cc5-83d2-056bd5a7bc6b", "userType": "Member"}]}},{"workspaceId": "32a493ee-8545-41af-aaa2-0189669e71a9", "results": {"@odata.context": "http://api.mil.powerbigov.us/v1.0/myorg/admin/$metadata#users", "value": [{"emailAddress": "roxi.n.cunningham.civ@army.mil", "groupUserAccessRight": "Admin", "displayName": "ROXI CUNNINGHAM", "identifier": "roxi.n.cunningham.civ@army.mil", "principalType": "User", "graphId": "da47e90a-6822-4198-bd21-65d62ce0a2b6", "userType": "Member"}]}},{"workspaceId": "2a38db82-70f1-4133-829a-06907317429a", "results": {"@odata.context": "http://api.mil.powerbigov.us/v1.0/myorg/admin/$metadata#users", "value": [{"emailAddress": "john.i.hayse4.civ@army.mil", "groupUserAccessRight": "Admin", "displayName": "John Hayse", "identifier": "john.i.hayse4.civ@army.mil", "principalType": "User", "graphId": "9e12c467-3621-4810-a745-d589027edb3d", "userType": "Member"}]}},{"workspaceId": "dd145f28-c12b-413b-9709-02ae6928ccf0", "results": {"@odata.context": "http://api.mil.powerbigov.us/v1.0/myorg/admin/$metadata#users", "value": [{"emailAddress": "benjamin.j.hooker.mil@army.mil", "groupUserAccessRight": "Admin", "displayName": "Benjamin Hooker", "identifier": "benjamin.j.hooker.mil@army.mil", "principalType": "User", "graphId": "7bf78ac4-74c4-42f5-9fd7-f74f66469b50", "userType": "Member"}]}},{"workspaceId": "3bd4b884-ffe3-4abb-9942-018ecea55aaa", "results": {"@odata.context": "http://api.mil.powerbigov.us/v1.0/myorg/admin/$metadata#users", "value": [{"emailAddress": "william.a.merriweather2.mil@army.mil", "groupUserAccessRight": "Admin", "displayName": "William Merriweather", "identifier": "william.a.merriweather2.mil@army.mil", "principalType": "User", "graphId": "0559920b-0f46-4a75-9583-a406573772da", "userType": "Member"}, {"emailAddress": "ebelyse.j.guaranda.mil@army.mil", "groupUserAccessRight": "Viewer", "displayName": "Ebelyse Guaranda", "identifier": "ebelyse.j.guaranda.mil@army.mil", "principalType": "User", "graphId": "f2dfd31d-80b7-44ba-bfe4-9839bafbce27", "userType": "Member"}, {"emailAddress": "amy.g.ozuna.mil@army.mil", "groupUserAccessRight": "Viewer", "displayName": "Amy Ozuna", "identifier": "amy.g.ozuna.mil@army.mil", "principalType": "User", "graphId": "a621b933-2d31-438c-932c-cf60afa5d301", "userType": "Member"}]}},{"workspaceId": "3037a3bc-94e3-4a96-bcb5-04ebb6d864f4", "results": {"@odata.context": "http://api.mil.powerbigov.us/v1.0/myorg/admin/$metadata#users", "value": [{"emailAddress": "john.d.hall4.ctr@army.mil", "groupUserAccessRight": "Admin", "displayName": "JOHN HALL", "identifier": "john.d.hall4.ctr@army.mil", "principalType": "User", "graphId": "3f08ccd5-b47b-40ad-975c-c0b59673d785", "userType": "Member"}, {"emailAddress": "emma.m.diltz.ctr@army.mil", "groupUserAccessRight": "Admin", "displayName": "Emma Diltz", "identifier": "emma.m.diltz.ctr@army.mil", "principalType": "User", "graphId": "18579e00-59a2-462c-9cfe-c249d5b7a1f1", "userType": "Member"}, {"emailAddress": "ryan.b.kurrus.ctr@army.mil", "groupUserAccessRight": "Member", "displayName": "Ryan Kurrus", "identifier": "ryan.b.kurrus.ctr@army.mil", "principalType": "User", "graphId": "e57701bf-252b-4f0f-a371-66f7e59831cc", "userType": "Member"}, {"emailAddress": "michelle.sabala.mil@army.mil", "groupUserAccessRight": "Member", "displayName": "Michelle Sabala", "identifier": "michelle.sabala.mil@army.mil", "principalType": "User", "graphId": "4a85f73d-66f6-4715-a8da-63818d887477", "userType": "Member"}, {"emailAddress": "mark.e.herbert2.ctr@army.mil", "groupUserAccessRight": "Member", "displayName": "Mark Herbert", "identifier": "mark.e.herbert2.ctr@army.mil", "principalType": "User", "graphId": "02125d88-6f0d-4ba9-9001-b0176d545353", "userType": "Member"}]}},{"workspaceId": "d158753a-7420-47c1-9e0f-02fcb3e793e7", "results": {"@odata.context": "http://api.mil.powerbigov.us/v1.0/myorg/admin/$metadata#users", "value": [{"emailAddress": "justin.l.sherman.mil@army.mil", "groupUserAccessRight": "Admin", "displayName": "Justin Sherman", "identifier": "justin.l.sherman.mil@army.mil", "principalType": "User", "graphId": "ecea13d2-11ee-4ea9-8bf2-a368784ac937", "userType": "Member"}]}}]}