{
    "items": {
        "properties": {
            "AdditionalData": {
                "type": "string"
            },
            "AlertIds": {
                "type": "string"
            },
            "BookmarkIds": {
                "type": "string"
            },
            "Classification": {
                "type": "string"
            },
            "ClassificationComment": {
                "type": "string"
            },
            "ClassificationReason": {
                "type": "string"
            },
            "ClosedTime": {},
            "Comments": {
                "type": "string"
            },
            "CreatedTime": {
                "type": "string"
            },
            "Description": {
                "type": "string"
            },
            "FirstActivityTime": {
                "type": "string"
            },
            "FirstModifiedTime": {},
            "IncidentName": {
                "type": "string"
            },
            "IncidentNumber": {
                "type": "integer"
            },
            "IncidentUrl": {
                "type": "string"
            },
            "Labels": {
                "type": "string"
            },
            "LastActivityTime": {
                "type": "string"
            },
            "LastModifiedTime": {
                "type": "string"
            },
            "ModifiedBy": {
                "type": "string"
            },
            "Owner": {
                "type": "string"
            },
            "ProviderIncidentId": {
                "type": "string"
            },
            "ProviderName": {
                "type": "string"
            },
            "RelatedAnalyticRuleIds": {
                "type": "string"
            },
            "Severity": {
                "type": "string"
            },
            "SourceSystem": {
                "type": "string"
            },
            "Status": {
                "type": "string"
            },
            "TenantId": {
                "type": "string"
            },
            "TimeGenerated": {
                "type": "string"
            },
            "Title": {
                "type": "string"
            },
            "Type": {
                "type": "string"
            }
        },
        "required": [
            "TenantId",
            "TimeGenerated",
            "IncidentName",
            "Title",
            "Description",
            "Severity",
            "Status",
            "Classification",
            "ClassificationComment",
            "ClassificationReason",
            "Owner",
            "ProviderName",
            "ProviderIncidentId",
            "FirstActivityTime",
            "LastActivityTime",
            "FirstModifiedTime",
            "LastModifiedTime",
            "CreatedTime",
            "ClosedTime",
            "IncidentNumber",
            "RelatedAnalyticRuleIds",
            "AlertIds",
            "BookmarkIds",
            "Comments",
            "Labels",
            "IncidentUrl",
            "AdditionalData",
            "ModifiedBy",
            "SourceSystem",
            "Type"
        ],
        "type": "object"
    },
    "type": "array"
}