﻿{
    "@odata.context": "https://graph.microsoft.us/beta/$metadata#deviceAppManagement/mobileApps",
    "@odata.count": 0,
    "value": [
        {
            "@odata.type": "#microsoft.graph.win32LobApp",
            "id": "a7eddd0b-6294-432a-979f-cc5fb6648070",
            "displayName": ".NetSDK 6.0",
            "description": "Microsoft .NET SDK 6.0.315",
            "publisher": "ITaaS",
            "largeIcon": null,
            "createdDateTime": "2023-07-12T21:17:02.5276155Z",
            "lastModifiedDateTime": "2023-08-09T20:20:09.1420563Z",
            "isFeatured": false,
            "privacyInformationUrl": null,
            "informationUrl": null,
            "owner": null,
            "developer": null,
            "notes": "AFC Contract:Yes \nLicensed:No \nApplication Name:Net SDK 6.0 x64 \n\nAppName: Dotnetsdk6\nType: EXE\nVersion: 6.0.922.41905\nDeployed by: delonte.hankerson@armyeitaas.onmicrosoft.us\nDateTime: 07/12/2023 16:16:28",
            "uploadState": 1,
            "publishingState": "published",
            "isAssigned": true,
            "roleScopeTagIds": [],
            "dependentAppCount": 0,
            "supersedingAppCount": 0,
            "supersededAppCount": 0,
            "committedContentVersion": "1",
            "fileName": "IntunePackage.intunewin",
            "size": 205157568,
            "installCommandLine": "Dotnetsdk6.exe /quiet",
            "uninstallCommandLine": "Dotnetsdk6.exe /uninstall /quiet",
            "applicableArchitectures": "x86,x64",
            "minimumFreeDiskSpaceInMB": null,
            "minimumMemoryInMB": null,
            "minimumNumberOfProcessors": null,
            "minimumCpuSpeedInMHz": null,
            "msiInformation": null,
            "setupFilePath": "Dotnetsdk6.exe",
            "minimumSupportedWindowsRelease": "1607",
            "displayVersion": "1",
            "allowAvailableUninstall": false,
            "minimumSupportedOperatingSystem": {
                "v8_0": false,
                "v8_1": false,
                "v10_0": false,
                "v10_1607": true,
                "v10_1703": false,
                "v10_1709": false,
                "v10_1803": false,
                "v10_1809": false,
                "v10_1903": false,
                "v10_1909": false,
                "v10_2004": false,
                "v10_2H20": false,
                "v10_21H1": false
            },
            "detectionRules": [
                {
                    "@odata.type": "#microsoft.graph.win32LobAppRegistryDetection",
                    "check32BitOn64System": false,
                    "keyPath": "HKEY_LOCAL_MACHINE\\SOFTWARE\\Microsoft\\Windows\\CurrentVersion\\Uninstall\\{052CDF8C-E534-462F-8D12-CCB3EA4FC3B3}",
                    "valueName": "DisplayName",
                    "detectionType": "exists",
                    "operator": "notConfigured",
                    "detectionValue": ""
                }
            ],
            "requirementRules": [],
            "rules": [
                {
                    "@odata.type": "#microsoft.graph.win32LobAppRegistryRule",
                    "ruleType": "detection",
                    "check32BitOn64System": false,
                    "keyPath": "HKEY_LOCAL_MACHINE\\SOFTWARE\\Microsoft\\Windows\\CurrentVersion\\Uninstall\\{052CDF8C-E534-462F-8D12-CCB3EA4FC3B3}",
                    "valueName": "DisplayName",
                    "operationType": "exists",
                    "operator": "notConfigured",
                    "comparisonValue": ""
                }
            ],
            "installExperience": {
                "runAsAccount": "system",
                "maxRunTimeInMinutes": 60,
                "deviceRestartBehavior": "suppress"
            },
            "returnCodes": [
                {
                    "returnCode": 0,
                    "type": "success"
                },
                {
                    "returnCode": 1707,
                    "type": "success"
                },
                {
                    "returnCode": 3010,
                    "type": "softReboot"
                },
                {
                    "returnCode": 1641,
                    "type": "hardReboot"
                },
                {
                    "returnCode": 1618,
                    "type": "retry"
                }
            ]
        },
        {
            "@odata.type": "#microsoft.graph.win32LobApp",
            "id": "7d5b5a13-494d-4fb7-be99-272394a0b291",
            "displayName": ".NetSDK 6.0 - Old",
            "description": "Microsoft .NET SDK 6.0.311",
            "publisher": "ITaaS",
            "largeIcon": null,
            "createdDateTime": "2023-05-02T17:08:51.4028183Z",
            "lastModifiedDateTime": "2023-07-25T21:13:20.9802828Z",
            "isFeatured": false,
            "privacyInformationUrl": null,
            "informationUrl": null,
            "owner": null,
            "developer": null,
            "notes": "AFC Contract:Yes\nLicensed:No\nApplication name:Net SDK 6.0 x64 \n\nAppName: Dotnetsdk6\nType: EXE\nVersion: 6.0.922.41905\nDeployed by: delonte.hankerson@armyeitaas.onmicrosoft.us\nDateTime: 05/02/2023 12:07:56",
            "uploadState": 1,
            "publishingState": "published",
            "isAssigned": false,
            "roleScopeTagIds": [],
            "dependentAppCount": 0,
            "supersedingAppCount": 0,
            "supersededAppCount": 0,
            "committedContentVersion": "1",
            "fileName": "IntunePackage.intunewin",
            "size": 205554416,
            "installCommandLine": "Dotnetsdk6.exe /quiet",
            "uninstallCommandLine": "Dotnetsdk6.exe /uninstall /quiet",
            "applicableArchitectures": "x86,x64",
            "minimumFreeDiskSpaceInMB": null,
            "minimumMemoryInMB": null,
            "minimumNumberOfProcessors": null,
            "minimumCpuSpeedInMHz": null,
            "msiInformation": null,
            "setupFilePath": "Dotnetsdk6.exe",
            "minimumSupportedWindowsRelease": "1607",
            "displayVersion": "1",
            "allowAvailableUninstall": false,
            "minimumSupportedOperatingSystem": {
                "v8_0": false,
                "v8_1": false,
                "v10_0": false,
                "v10_1607": true,
                "v10_1703": false,
                "v10_1709": false,
                "v10_1803": false,
                "v10_1809": false,
                "v10_1903": false,
                "v10_1909": false,
                "v10_2004": false,
                "v10_2H20": false,
                "v10_21H1": false
            },
            "detectionRules": [
                {
                    "@odata.type": "#microsoft.graph.win32LobAppRegistryDetection",
                    "check32BitOn64System": false,
                    "keyPath": "HKEY_LOCAL_MACHINE\\SOFTWARE\\Microsoft\\Windows\\CurrentVersion\\Uninstall\\{052CDF8C-E534-462F-8D12-CCB3EA4FC3B3}",
                    "valueName": "DisplayName",
                    "detectionType": "exists",
                    "operator": "notConfigured",
                    "detectionValue": ""
                }
            ],
            "requirementRules": [],
            "rules": [
                {
                    "@odata.type": "#microsoft.graph.win32LobAppRegistryRule",
                    "ruleType": "detection",
                    "check32BitOn64System": false,
                    "keyPath": "HKEY_LOCAL_MACHINE\\SOFTWARE\\Microsoft\\Windows\\CurrentVersion\\Uninstall\\{052CDF8C-E534-462F-8D12-CCB3EA4FC3B3}",
                    "valueName": "DisplayName",
                    "operationType": "exists",
                    "operator": "notConfigured",
                    "comparisonValue": ""
                }
            ],
            "installExperience": {
                "runAsAccount": "system",
                "maxRunTimeInMinutes": 60,
                "deviceRestartBehavior": "suppress"
            },
            "returnCodes": [
                {
                    "returnCode": 0,
                    "type": "success"
                },
                {
                    "returnCode": 1707,
                    "type": "success"
                },
                {
                    "returnCode": 3010,
                    "type": "softReboot"
                },
                {
                    "returnCode": 1641,
                    "type": "hardReboot"
                },
                {
                    "returnCode": 1618,
                    "type": "retry"
                }
            ]
        },
        {
            "@odata.type": "#microsoft.graph.win32LobApp",
            "id": "6c08d6fb-cd78-49a1-923d-da0d0a0b1d71",
            "displayName": ".NetSDK 6.0 - Update",
            "description": "Microsoft .NET SDK 6.0.316",
            "publisher": "ITaaS",
            "largeIcon": null,
            "createdDateTime": "2023-08-09T20:13:18.9500561Z",
            "lastModifiedDateTime": "2023-08-09T20:19:36.050211Z",
            "isFeatured": false,
            "privacyInformationUrl": null,
            "informationUrl": null,
            "owner": null,
            "developer": null,
            "notes": "AFC Contract: Yes\nLicensed: No\nApplication Name: Net SDK 6.0 x64 \n\nAppName: Dotnetsdk6\nType: EXE\nVersion: 6.0.2123.36311\nDeployed by: eliott.ford@eit-m.army.mil\nDateTime: 08/09/2023 15:12:54",
            "uploadState": 1,
            "publishingState": "published",
            "isAssigned": true,
            "roleScopeTagIds": [],
            "dependentAppCount": 1,
            "supersedingAppCount": 0,
            "supersededAppCount": 0,
            "committedContentVersion": "1",
            "fileName": "IntunePackage.intunewin",
            "size": 205868080,
            "installCommandLine": "Dotnetsdk6.exe /quiet",
            "uninstallCommandLine": "Dotnetsdk6.exe /uninstall /quiet",
            "applicableArchitectures": "x86,x64",
            "minimumFreeDiskSpaceInMB": null,
            "minimumMemoryInMB": null,
            "minimumNumberOfProcessors": null,
            "minimumCpuSpeedInMHz": null,
            "msiInformation": null,
            "setupFilePath": "Dotnetsdk6.exe",
            "minimumSupportedWindowsRelease": "1607",
            "displayVersion": "1",
            "allowAvailableUninstall": false,
            "minimumSupportedOperatingSystem": {
                "v8_0": false,
                "v8_1": false,
                "v10_0": false,
                "v10_1607": true,
                "v10_1703": false,
                "v10_1709": false,
                "v10_1803": false,
                "v10_1809": false,
                "v10_1903": false,
                "v10_1909": false,
                "v10_2004": false,
                "v10_2H20": false,
                "v10_21H1": false
            },
            "detectionRules": [
                {
                    "@odata.type": "#microsoft.graph.win32LobAppRegistryDetection",
                    "check32BitOn64System": false,
                    "keyPath": "HKEY_LOCAL_MACHINE\\SOFTWARE\\Microsoft\\Windows\\CurrentVersion\\Uninstall\\{8D2EC92E-5903-4B25-9406-182B8EFA834F}",
                    "valueName": "DisplayName",
                    "detectionType": "exists",
                    "operator": "notConfigured",
                    "detectionValue": ""
                }
            ],
            "requirementRules": [],
            "rules": [
                {
                    "@odata.type": "#microsoft.graph.win32LobAppRegistryRule",
                    "ruleType": "detection",
                    "check32BitOn64System": false,
                    "keyPath": "HKEY_LOCAL_MACHINE\\SOFTWARE\\Microsoft\\Windows\\CurrentVersion\\Uninstall\\{8D2EC92E-5903-4B25-9406-182B8EFA834F}",
                    "valueName": "DisplayName",
                    "operationType": "exists",
                    "operator": "notConfigured",
                    "comparisonValue": ""
                }
            ],
            "installExperience": {
                "runAsAccount": "system",
                "maxRunTimeInMinutes": 60,
                "deviceRestartBehavior": "suppress"
            },
            "returnCodes": [
                {
                    "returnCode": 0,
                    "type": "success"
                },
                {
                    "returnCode": 1707,
                    "type": "success"
                },
                {
                    "returnCode": 3010,
                    "type": "softReboot"
                },
                {
                    "returnCode": 1641,
                    "type": "hardReboot"
                },
                {
                    "returnCode": 1618,
                    "type": "retry"
                }
            ]
        },
        {
            "@odata.type": "#microsoft.graph.win32LobApp",
            "id": "9ff4bd74-2d03-4acc-bd1f-36f6a560fe8b",
            "displayName": ".NetSDK 7.0",
            "description": "Microsoft .NET SDK 7.0.400",
            "publisher": "ITaaS",
            "largeIcon": null,
            "createdDateTime": "2023-08-09T20:07:43.5301159Z",
            "lastModifiedDateTime": "2023-08-09T20:13:58.5861178Z",
            "isFeatured": false,
            "privacyInformationUrl": null,
            "informationUrl": null,
            "owner": null,
            "developer": null,
            "notes": "AFC Contract: Yes\nLicensed: No\nApplication Name: Net SDK 7.0 x64 \n\nAppName: Dotnetsdk7\nType: EXE\nVersion: 7.0.1023.36312\nDeployed by: eliott.ford@eit-m.army.mil\nDateTime: 08/09/2023 15:07:21",
            "uploadState": 1,
            "publishingState": "published",
            "isAssigned": true,
            "roleScopeTagIds": [],
            "dependentAppCount": 0,
            "supersedingAppCount": 0,
            "supersededAppCount": 0,
            "committedContentVersion": "1",
            "fileName": "IntunePackage.intunewin",
            "size": 228455840,
            "installCommandLine": "Dotnetsdk7.exe /quiet",
            "uninstallCommandLine": "Dotnetsdk7.exe /uninstall /quiet",
            "applicableArchitectures": "x86,x64",
            "minimumFreeDiskSpaceInMB": null,
            "minimumMemoryInMB": null,
            "minimumNumberOfProcessors": null,
            "minimumCpuSpeedInMHz": null,
            "msiInformation": null,
            "setupFilePath": "Dotnetsdk7.exe",
            "minimumSupportedWindowsRelease": "1607",
            "displayVersion": "1",
            "allowAvailableUninstall": false,
            "minimumSupportedOperatingSystem": {
                "v8_0": false,
                "v8_1": false,
                "v10_0": false,
                "v10_1607": true,
                "v10_1703": false,
                "v10_1709": false,
                "v10_1803": false,
                "v10_1809": false,
                "v10_1903": false,
                "v10_1909": false,
                "v10_2004": false,
                "v10_2H20": false,
                "v10_21H1": false
            },
            "detectionRules": [
                {
                    "@odata.type": "#microsoft.graph.win32LobAppRegistryDetection",
                    "check32BitOn64System": false,
                    "keyPath": "HKEY_LOCAL_MACHINE\\SOFTWARE\\Microsoft\\Windows\\CurrentVersion\\Uninstall\\{8AE22909-0EDC-41D3-A522-602CA7DC3621}",
                    "valueName": "DisplayName",
                    "detectionType": "exists",
                    "operator": "notConfigured",
                    "detectionValue": ""
                }
            ],
            "requirementRules": [],
            "rules": [
                {
                    "@odata.type": "#microsoft.graph.win32LobAppRegistryRule",
                    "ruleType": "detection",
                    "check32BitOn64System": false,
                    "keyPath": "HKEY_LOCAL_MACHINE\\SOFTWARE\\Microsoft\\Windows\\CurrentVersion\\Uninstall\\{8AE22909-0EDC-41D3-A522-602CA7DC3621}",
                    "valueName": "DisplayName",
                    "operationType": "exists",
                    "operator": "notConfigured",
                    "comparisonValue": ""
                }
            ],
            "installExperience": {
                "runAsAccount": "system",
                "maxRunTimeInMinutes": 60,
                "deviceRestartBehavior": "suppress"
            },
            "returnCodes": [
                {
                    "returnCode": 0,
                    "type": "success"
                },
                {
                    "returnCode": 1707,
                    "type": "success"
                },
                {
                    "returnCode": 3010,
                    "type": "softReboot"
                },
                {
                    "returnCode": 1641,
                    "type": "hardReboot"
                },
                {
                    "returnCode": 1618,
                    "type": "retry"
                }
            ]
        },
        {
            "@odata.type": "#microsoft.graph.win32LobApp",
            "id": "1d480099-542e-46ed-a300-24cf47865850",
            "displayName": ".NetSDK 7.0 - Old",
            "description": "Microsoft .NET SDK 7.0.306",
            "publisher": "ITaaS",
            "largeIcon": null,
            "createdDateTime": "2023-07-12T21:19:13.7501643Z",
            "lastModifiedDateTime": "2023-08-09T20:11:00.9065063Z",
            "isFeatured": false,
            "privacyInformationUrl": null,
            "informationUrl": null,
            "owner": null,
            "developer": null,
            "notes": "AFC Contract:Yes \nLicensed:No \nApplication Name:Net SDK 7.0 x64\n\nAppName: Dotnetsdk7\nType: EXE\nVersion: 7.0.823.31807\nDeployed by: delonte.hankerson@armyeitaas.onmicrosoft.us\nDateTime: 07/12/2023 16:18:28",
            "uploadState": 1,
            "publishingState": "published",
            "isAssigned": true,
            "roleScopeTagIds": [],
            "dependentAppCount": 0,
            "supersedingAppCount": 0,
            "supersededAppCount": 0,
            "committedContentVersion": "1",
            "fileName": "IntunePackage.intunewin",
            "size": 211398080,
            "installCommandLine": "Dotnetsdk7.exe /quiet",
            "uninstallCommandLine": "Dotnetsdk7.exe /uninstall /quiet",
            "applicableArchitectures": "x86,x64",
            "minimumFreeDiskSpaceInMB": null,
            "minimumMemoryInMB": null,
            "minimumNumberOfProcessors": null,
            "minimumCpuSpeedInMHz": null,
            "msiInformation": null,
            "setupFilePath": "Dotnetsdk7.exe",
            "minimumSupportedWindowsRelease": "1607",
            "displayVersion": "1",
            "allowAvailableUninstall": false,
            "minimumSupportedOperatingSystem": {
                "v8_0": false,
                "v8_1": false,
                "v10_0": false,
                "v10_1607": true,
                "v10_1703": false,
                "v10_1709": false,
                "v10_1803": false,
                "v10_1809": false,
                "v10_1903": false,
                "v10_1909": false,
                "v10_2004": false,
                "v10_2H20": false,
                "v10_21H1": false
            },
            "detectionRules": [
                {
                    "@odata.type": "#microsoft.graph.win32LobAppRegistryDetection",
                    "check32BitOn64System": false,
                    "keyPath": "HKEY_LOCAL_MACHINE\\SOFTWARE\\Microsoft\\Windows\\CurrentVersion\\Uninstall\\{23782E82-6E71-4613-9631-E8F8DD27D052}",
                    "valueName": "DisplayName",
                    "detectionType": "exists",
                    "operator": "notConfigured",
                    "detectionValue": ""
                }
            ],
            "requirementRules": [],
            "rules": [
                {
                    "@odata.type": "#microsoft.graph.win32LobAppRegistryRule",
                    "ruleType": "detection",
                    "check32BitOn64System": false,
                    "keyPath": "HKEY_LOCAL_MACHINE\\SOFTWARE\\Microsoft\\Windows\\CurrentVersion\\Uninstall\\{23782E82-6E71-4613-9631-E8F8DD27D052}",
                    "valueName": "DisplayName",
                    "operationType": "exists",
                    "operator": "notConfigured",
                    "comparisonValue": ""
                }
            ],
            "installExperience": {
                "runAsAccount": "system",
                "maxRunTimeInMinutes": 60,
                "deviceRestartBehavior": "suppress"
            },
            "returnCodes": [
                {
                    "returnCode": 0,
                    "type": "success"
                },
                {
                    "returnCode": 1707,
                    "type": "success"
                },
                {
                    "returnCode": 3010,
                    "type": "softReboot"
                },
                {
                    "returnCode": 1641,
                    "type": "hardReboot"
                },
                {
                    "returnCode": 1618,
                    "type": "retry"
                }
            ]
        }
        
    ],
    "timeGenerated": "2023-08-30 18:05:31.587425"
}