{"@odata.context":"https://graph.microsoft.us/v1.0/$metadata#users('46f28f69-0b01-4688-bf2c-25ec0efd1418')/licenseDetails","value":[{"id":"D9fm-kuVEUiStgUw1vhMQ2i-vFUwuj1AsYakehQt5OQ","skuId":"55bcbe68-ba30-403d-b186-a47a142de4e4","skuPartNumber":"WIN10_VDA_E5_USGOV_DOD","servicePlans":[{"servicePlanId":"eede5088-2b54-445f-bf2a-4ee88ee7ae47","servicePlanName":"POWERAUTOMATE_DESKTOP_FOR_WIN_DOD","provisioningStatus":"PendingProvisioning","appliesTo":"User"},{"servicePlanId":"113feb6c-3fe4-4440-bddc-54d774bf0318","servicePlanName":"EXCHANGE_S_FOUNDATION","provisioningStatus":"Success","appliesTo":"Company"},{"servicePlanId":"871d91ec-ec1a-452b-a83f-bd76c7d770ef","servicePlanName":"WINDEFATP","provisioningStatus":"Success","appliesTo":"User"}]},{"id":"D9fm-kuVEUiStgUw1vhMQ-S9cicKXxpLvWS9Agg4baw","skuId":"2772bde4-5f0a-4b1a-bd64-bd0208386dac","skuPartNumber":"EMSPREMIUM_USGOV_DOD","servicePlans":[{"servicePlanId":"6ebdddb7-8e55-4af2-952b-69e77262f96c","servicePlanName":"ADALLOM_S_STANDALONE_DOD","provisioningStatus":"Success","appliesTo":"User"},{"servicePlanId":"b50b8cb7-a66f-4821-9f82-0c42e51b2559","servicePlanName":"ATA_DOD","provisioningStatus":"Success","appliesTo":"User"},{"servicePlanId":"113feb6c-3fe4-4440-bddc-54d774bf0318","servicePlanName":"EXCHANGE_S_FOUNDATION","provisioningStatus":"Success","appliesTo":"Company"},{"servicePlanId":"5689bec4-755d-4753-8b61-40975025187c","servicePlanName":"RMS_S_PREMIUM2","provisioningStatus":"Success","appliesTo":"User"},{"servicePlanId":"6c57d4b6-3b23-47a5-9bc9-69f17b4947b3","servicePlanName":"RMS_S_PREMIUM","provisioningStatus":"Success","appliesTo":"User"},{"servicePlanId":"bea4c11e-220a-4e6d-8eb8-8ea15d019f90","servicePlanName":"RMS_S_ENTERPRISE","provisioningStatus":"Success","appliesTo":"User"},{"servicePlanId":"c1ec4a95-1f05-45b3-a911-aa3fa01094f5","servicePlanName":"INTUNE_A","provisioningStatus":"PendingInput","appliesTo":"User"},{"servicePlanId":"eec0eb4f-6444-4f95-aba0-50c24d67f998","servicePlanName":"AAD_PREMIUM_P2","provisioningStatus":"Success","appliesTo":"User"},{"servicePlanId":"8a256a2b-b617-496d-b51b-e76466e88db0","servicePlanName":"MFA_PREMIUM","provisioningStatus":"Success","appliesTo":"User"},{"servicePlanId":"41781fb2-bc02-4b7c-bd55-b576c07bb09d","servicePlanName":"AAD_PREMIUM","provisioningStatus":"Success","appliesTo":"User"}]},{"id":"D9fm-kuVEUiStgUw1vhMQ4Mr0Sn8DNdNiIGZZpr7wx4","skuId":"29d12b83-0cfc-4dd7-8881-99669afbc31e","skuPartNumber":"ENTERPRISEPREMIUM_NOPSTNCONF_USGOV_DOD","servicePlans":[{"servicePlanId":"94065c59-bc8e-4e8b-89e5-5138d471eaff","servicePlanName":"MICROSOFT_SEARCH","provisioningStatus":"Success","appliesTo":"Company"},{"servicePlanId":"882e1d05-acd1-4ccb-8708-6ee03664b117","servicePlanName":"INTUNE_O365","provisioningStatus":"Success","appliesTo":"Company"},{"servicePlanId":"c4801e8a-cb58-4c35-aca6-f2dcc106f287","servicePlanName":"INFORMATION_BARRIERS","provisioningStatus":"PendingProvisioning","appliesTo":"User"},{"servicePlanId":"ca881a21-e2a5-4721-82e3-87e3c5b27694","servicePlanName":"POWERAPPS_O365_P3_DOD","provisioningStatus":"PendingProvisioning","appliesTo":"User"},{"servicePlanId":"ac55744c-ebc5-451d-9339-ad51ab19986b","servicePlanName":"FLOW_O365_P3_DOD","provisioningStatus":"PendingProvisioning","appliesTo":"User"},{"servicePlanId":"afa73018-811e-46e9-988f-f75d2b1b8430","servicePlanName":"CDS_O365_P3","provisioningStatus":"PendingProvisioning","appliesTo":"User"},{"servicePlanId":"28b0fa46-c39a-4188-89e2-58e979a6b014","servicePlanName":"DYN365_CDS_O365_P3","provisioningStatus":"PendingProvisioning","appliesTo":"User"},{"servicePlanId":"2b815d45-56e4-4e3a-b65c-66cb9175b560","servicePlanName":"ContentExplorer_Standard","provisioningStatus":"Success","appliesTo":"Company"},{"servicePlanId":"a413a9ff-720c-4822-98ef-2f37c2a21f4c","servicePlanName":"MICROSOFT_COMMUNICATION_COMPLIANCE","provisioningStatus":"PendingProvisioning","appliesTo":"User"},{"servicePlanId":"6dc145d6-95dd-4191-b9c3-185575ee6f6b","servicePlanName":"COMMUNICATIONS_DLP","provisioningStatus":"PendingProvisioning","appliesTo":"User"},{"servicePlanId":"d9fa6af4-e046-4c89-9226-729a0786685d","servicePlanName":"Content_Explorer","provisioningStatus":"Success","appliesTo":"Company"},{"servicePlanId":"e26c2fcc-ab91-4a61-b35c-03cdc8dddf66","servicePlanName":"INFO_GOVERNANCE","provisioningStatus":"Success","appliesTo":"User"},{"servicePlanId":"617b097b-4b93-4ede-83de-5f075bb5fb2f","servicePlanName":"PREMIUM_ENCRYPTION","provisioningStatus":"Success","appliesTo":"User"},{"servicePlanId":"efb0351d-3b08-4503-993d-383af8de41e3","servicePlanName":"MIP_S_CLP2","provisioningStatus":"Success","appliesTo":"User"},{"servicePlanId":"5136a095-5cf0-4aff-bec3-e84448b38ea5","servicePlanName":"MIP_S_CLP1","provisioningStatus":"Success","appliesTo":"User"},{"servicePlanId":"8c098270-9dd4-4350-9b30-ba4703f3b36b","servicePlanName":"ADALLOM_S_O365","provisioningStatus":"Success","appliesTo":"User"},{"servicePlanId":"6db1f1db-2b46-403f-be40-e39395f08dbb","servicePlanName":"CUSTOMER_KEY","provisioningStatus":"Success","appliesTo":"User"},{"servicePlanId":"65cc641f-cccd-4643-97e0-a17e3045e541","servicePlanName":"RECORDS_MANAGEMENT","provisioningStatus":"Success","appliesTo":"User"},{"servicePlanId":"2f442157-a11c-46b9-ae5b-6e39ff4e5849","servicePlanName":"M365_ADVANCED_AUDITING","provisioningStatus":"Success","appliesTo":"User"},{"servicePlanId":"7aff31a3-2f17-4301-8067-fcf317655fe6","servicePlanName":"FORMS_PLAN_E5_AR_DOD","provisioningStatus":"Success","appliesTo":"User"},{"servicePlanId":"71effad9-d75e-433f-b145-31e80e6d68d6","servicePlanName":"MCOMEETADV_AR_DOD","provisioningStatus":"Success","appliesTo":"User"},{"servicePlanId":"b737dad2-2f6c-4c65-90e3-ca563267e8b9","servicePlanName":"PROJECTWORKMANAGEMENT","provisioningStatus":"Success","appliesTo":"User"},{"servicePlanId":"9f431833-0334-42de-a7dc-70aa40db46db","servicePlanName":"LOCKBOX_ENTERPRISE","provisioningStatus":"Success","appliesTo":"User"},{"servicePlanId":"fd500458-c24c-478e-856c-a6067a8376cd","servicePlanName":"TEAMS_AR_DOD","provisioningStatus":"Success","appliesTo":"User"},{"servicePlanId":"bea4c11e-220a-4e6d-8eb8-8ea15d019f90","servicePlanName":"RMS_S_ENTERPRISE","provisioningStatus":"Success","appliesTo":"User"},{"servicePlanId":"6c6042f5-6f01-4d67-b8c1-eb99d36eed3e","servicePlanName":"STREAM_O365_E5","provisioningStatus":"Success","appliesTo":"User"},{"servicePlanId":"4828c8ec-dc2e-4779-b502-87ac9ce28ab7","servicePlanName":"MCOEV","provisioningStatus":"Success","appliesTo":"User"},{"servicePlanId":"8e0c0a52-6a6c-4d40-8370-dd62790dcd70","servicePlanName":"THREAT_INTELLIGENCE","provisioningStatus":"Success","appliesTo":"User"},{"servicePlanId":"4de31727-a228-4ec3-a5bf-8e45b5ca48cc","servicePlanName":"EQUIVIO_ANALYTICS","provisioningStatus":"Success","appliesTo":"User"},{"servicePlanId":"f20fedf3-f3c3-43c3-8267-2bfdd51c0939","servicePlanName":"ATP_ENTERPRISE","provisioningStatus":"Success","appliesTo":"Company"},{"servicePlanId":"70d33638-9c74-4d01-bfd3-562de28bd4ba","servicePlanName":"BI_AZURE_P2","provisioningStatus":"Success","appliesTo":"User"},{"servicePlanId":"43de0ff5-c92c-492b-9116-175376d08c38","servicePlanName":"OFFICESUBSCRIPTION","provisioningStatus":"Success","appliesTo":"User"},{"servicePlanId":"0feaeb32-d00e-4d66-bd5a-43b5b83db82c","servicePlanName":"MCOSTANDARD","provisioningStatus":"Success","appliesTo":"User"},{"servicePlanId":"efb87545-963c-4e0d-99df-69c6916d9eb0","servicePlanName":"EXCHANGE_S_ENTERPRISE","provisioningStatus":"Success","appliesTo":"User"},{"servicePlanId":"5dbe027f-2339-4123-9542-606e4d348a72","servicePlanName":"SHAREPOINTENTERPRISE","provisioningStatus":"Success","appliesTo":"User"},{"servicePlanId":"e95bec33-7c88-4a70-8e19-b10bd9d0c014","servicePlanName":"SHAREPOINTWAC","provisioningStatus":"Success","appliesTo":"User"}]}]}