{
	"name": "Blob_CSV_Container",
	"properties": {
		"linkedServiceName": {
			"referenceName": "LS_AzureBlobStorage",
			"type": "LinkedServiceReference"
		},
		"parameters": {
			"container": {
				"type": "string"
			}
		},
		"annotations": [],
		"type": "DelimitedText",
		"typeProperties": {
			"location": {
				"type": "AzureBlobStorageLocation",
				"container": {
					"value": "@dataset().container",
					"type": "Expression"
				}
			},
			"columnDelimiter": ",",
			"escapeChar": "\\",
			"quoteChar": "\""
		},
		"schema": []
	},
	"type": "Microsoft.DataFactory/factories/datasets"
}