{
	"name": "Blob_Excel",
	"properties": {
		"linkedServiceName": {
			"referenceName": "LS_AzureBlobStorage",
			"type": "LinkedServiceReference"
		},
		"parameters": {
			"container": {
				"type": "string"
			},
			"folderPath": {
				"type": "string"
			},
			"fileName": {
				"type": "string"
			}
		},
		"annotations": [],
		"type": "Excel",
		"typeProperties": {
			"location": {
				"type": "AzureBlobStorageLocation",
				"fileName": {
					"value": "@dataset().fileName",
					"type": "Expression"
				},
				"folderPath": {
					"value": "@dataset().folderPath",
					"type": "Expression"
				},
				"container": {
					"value": "@dataset().container",
					"type": "Expression"
				}
			},
			"sheetIndex": 0,
			"firstRowAsHeader": true
		},
		"schema": []
	}
}