{
	"name": "DataLake_Parquet_File",
	"properties": {
		"linkedServiceName": {
			"referenceName": "LS_DataLake",
			"type": "LinkedServiceReference"
		},
		"parameters": {
			"folderPath": {
				"type": "string"
			},
			"container": {
				"type": "string"
			},
			"fileName": {
				"type": "string"
			}
		},
		"annotations": [],
		"type": "Parquet",
		"typeProperties": {
			"location": {
				"type": "AzureBlobFSLocation",
				"fileName": {
					"value": "@dataset().fileName",
					"type": "Expression"
				},
				"folderPath": {
					"value": "@dataset().folderPath",
					"type": "Expression"
				},
				"fileSystem": {
					"value": "@dataset().container",
					"type": "Expression"
				}
			},
			"compressionCodec": "gzip"
		},
		"schema": []
	},
	"type": "Microsoft.DataFactory/factories/datasets"
}