{
	"name": "DataLake_JSON_Container",
	"properties": {
		"linkedServiceName": {
			"referenceName": "LS_DataLake",
			"type": "LinkedServiceReference"
		},
		"parameters": {
			"container": {
				"type": "string"
			}
		},
		"annotations": [],
		"type": "Json",
		"typeProperties": {
			"location": {
				"type": "AzureBlobFSLocation",
				"fileSystem": {
					"value": "@dataset().container",
					"type": "Expression"
				}
			}
		},
		"schema": {}
	},
	"type": "Microsoft.DataFactory/factories/datasets"
}