{
	"name": "Database_Synapse",
	"properties": {
		"linkedServiceName": {
			"referenceName": "LS_DataWarehouse",
			"type": "LinkedServiceReference"
		},
		"parameters": {
			"schema": {
				"type": "string"
			},
			"table": {
				"type": "string"
			}
		},
		"annotations": [],
		"type": "AzureSqlDWTable",
		"schema": [],
		"typeProperties": {
			"schema": {
				"value": "@dataset().schema",
				"type": "Expression"
			},
			"table": {
				"value": "@dataset().table",
				"type": "Expression"
			}
		}
	},
	"type": "Microsoft.DataFactory/factories/datasets"
}