{
	"name": "HTTP_DoD_Graph_API_Csv",
	"properties": {
		"linkedServiceName": {
			"referenceName": "LS_DoDGraphAPI_Csv",
			"type": "LinkedServiceReference"
		},
		"parameters": {
			"relativeUrl": {
				"type": "string",
				"defaultValue": "@dataset().relativeUrl"
			}
		},
		"annotations": [],
		"type": "DelimitedText",
		"typeProperties": {
			"location": {
				"type": "HttpServerLocation",
				"relativeUrl": "@dataset().relativeUrl"
			},
			"columnDelimiter": ",",
			"escapeChar": "\\",
			"firstRowAsHeader": true,
			"quoteChar": "\""
		},
		"schema": []
	}
}