{
	"name": "Rest_AppInsights_BishopBot_API",
	"properties": {
		"linkedServiceName": {
			"referenceName": "LS_AppInsights_BishopBot",
			"type": "LinkedServiceReference"
		},
		"parameters": {
			"query": {
				"type": "string"
			}
		},
		"annotations": [],
		"type": "RestResource",
		"typeProperties": {
			"relativeUrl": {
				"value": "@concat\n(\n'query?query='\n, dataset().query\n)",
				"type": "Expression"
			}
		},
		"schema": []
	},
	"type": "Microsoft.DataFactory/factories/datasets"
}