{
    "name": "A365_LicensingDashboard",
    "properties": {
        "annotations": [
            "A365 LicensingDashboard",
            "Schedule",
            "1 Month"
        ],
        "runtimeState": "Stopped",
        "pipelines": [
            {
                "pipelineReference": {
                    "referenceName": "Begin A365 LicensingDashboard",
                    "type": "PipelineReference"
                }
            }
        ],
        "type": "ScheduleTrigger",
        "typeProperties": {
            "recurrence": {
                "frequency": "Month",
                "interval": 1,
                "startTime": "2022-10-20T14:57:00Z",
                "timeZone": "UTC",
                "schedule": {
                    "minutes": [
                        0
                    ],
                    "hours": [
                        11
                    ],
                    "monthDays": [
                        1
                    ]
                }
            }
        }
    }
}