{"api_results":[{"result": [{"banner_image_light": "", "country": "USA", "parent": "", "notes": "", "city": "", "stock_symbol": "", "latitude": "", "discount": "", "sys_updated_on": "2023-11-16 16:04:44", "sys_class_name": "core_company", "manufacturer": "false", "apple_icon": "", "sys_id": "0330c265782239106ca4c15e9036d5db", "market_cap": "0", "sys_updated_by": "darrell.e.fry2.ctr", "num_employees": "", "fiscal_year": "", "rank_tier": "", "sso_source": "", "street": "", "sys_created_on": "2023-11-16 16:04:44", "vendor": "false", "contact": "", "lat_long_error": "", "stock_price": "", "theme": "", "banner_image": "", "state": "", "sys_created_by": "darrell.e.fry2.ctr", "longitude": "", "vendor_type": "", "zip": "", "profits": "0", "revenue_per_year": "0", "website": "", "publicly_traded": "false", "sys_mod_count": "0", "canonical": "false", "sys_tags": "", "fax_phone": "", "phone": "", "vendor_manager": "", "banner_text": "", "name": "GIGAMON", "coordinates_retrieved_on": "", "hash": "hHfLztxappOqclaxffkGjw==", "customer": "false", "primary": "false"}, {"banner_image_light": "", "country": "USA", "parent": "", "notes": "", "city": "", "stock_symbol": "", "latitude": "", "discount": "", "sys_updated_on": "2021-08-20 08:00:04", "sys_class_name": "core_company", "manufacturer": "true", "apple_icon": "", "sys_id": "05dcab421c067410ed42449c2e3789c8", "market_cap": "0", "sys_updated_by": "system", "num_employees": "", "fiscal_year": "", "rank_tier": "", "sso_source": "", "street": "", "sys_created_on": "2021-08-20 08:00:04", "vendor": "false", "contact": "", "lat_long_error": "", "stock_price": "", "theme": "", "banner_image": "", "state": "", "sys_created_by": "system", "longitude": "", "vendor_type": "", "zip": "", "profits": "0", "revenue_per_year": "0", "website": "", "publicly_traded": "false", "sys_mod_count": "0", "canonical": "true", "sys_tags": "", "fax_phone": "", "phone": "", "vendor_manager": "", "banner_text": "", "name": "Oracle", "coordinates_retrieved_on": "", "hash": "MBYu14tsEPcxQR8vxEDCTw==", "customer": "false", "primary": "false"}, {"banner_image_light": "", "country": "USA", "parent": "", "notes": "", "city": "", "stock_symbol": "", "latitude": "", "discount": "", "sys_updated_on": "2023-11-16 16:03:06", "sys_class_name": "core_company", "manufacturer": "false", "apple_icon": "", "sys_id": "07dfb965782239106ca4c15e9036d5f0", "market_cap": "0", "sys_updated_by": "darrell.e.fry2.ctr", "num_employees": "", "fiscal_year": "", "rank_tier": "", "sso_source": "", "street": "", "sys_created_on": "2023-11-16 16:03:06", "vendor": "false", "contact": "", "lat_long_error": "", "stock_price": "", "theme": "", "banner_image": "", "state": "", "sys_created_by": "darrell.e.fry2.ctr", "longitude": "", "vendor_type": "", "zip": "", "profits": "0", "revenue_per_year": "0", "website": "", "publicly_traded": "false", "sys_mod_count": "0", "canonical": "false", "sys_tags": "", "fax_phone": "", "phone": "", "vendor_manager": "", "banner_text": "", "name": "Opengear", "coordinates_retrieved_on": "", "hash": "A58cWOhvVyO7mkxYCrvr/A==", "customer": "false", "primary": "false"}, {"banner_image_light": "", "country": "USA", "parent": "", "notes": "", "city": "", "stock_symbol": "", "latitude": "", "discount": "", "sys_updated_on": "2021-10-27 10:25:15", "sys_class_name": "core_company", "manufacturer": "false", "apple_icon": "", "sys_id": "090a5ec8d46bf410ed4231346ce3d391", "market_cap": "0", "sys_updated_by": "charles.m.lineback.ctr@mail.mil", "num_employees": "", "fiscal_year": "", "rank_tier": "", "sso_source": "", "street": "", "sys_created_on": "2021-10-27 10:24:43", "vendor": "false", "contact": "", "lat_long_error": "", "stock_price": "", "theme": "", "banner_image": "", "state": "", "sys_created_by": "charles.m.lineback.ctr@mail.mil", "longitude": "", "vendor_type": "", "zip": "", "profits": "0", "revenue_per_year": "0", "website": "", "publicly_traded": "false", "sys_mod_count": "1", "canonical": "true", "sys_tags": "", "fax_phone": "", "phone": "", "vendor_manager": "", "banner_text": "", "name": "Identiv", "coordinates_retrieved_on": "", "hash": "9W32f4hZ8NUUBmEyKSotTQ==", "customer": "false", "primary": "false"}, {"banner_image_light": "", "country": "USA", "parent": "", "notes": "", "city": "", "stock_symbol": "", "latitude": "", "discount": "", "sys_updated_on": "2023-09-20 18:49:53", "sys_class_name": "core_company", "manufacturer": "false", "apple_icon": "", "sys_id": "09b8304ccc2b7810ed4212422ae5ba1f", "market_cap": "0", "sys_updated_by": "darrell.e.fry2.ctr", "num_employees": "", "fiscal_year": "", "rank_tier": "", "sso_source": "", "street": "", "sys_created_on": "2021-10-27 03:19:37", "vendor": "false", "contact": "", "lat_long_error": "", "stock_price": "", "theme": "", "banner_image": "", "state": "", "sys_created_by": "charles.m.lineback.ctr@mail.mil", "longitude": "", "vendor_type": "", "zip": "", "profits": "0", "revenue_per_year": "0", "website": "", "publicly_traded": "false", "sys_mod_count": "1", "canonical": "true", "sys_tags": "", "fax_phone": "", "phone": "", "vendor_manager": "", "banner_text": "", "name": "HP", "coordinates_retrieved_on": "", "hash": "5vyM4QfyvfCVXwIaORUUzg==", "customer": "false", "primary": "false"}, {"banner_image_light": "", "country": "USA", "parent": "", "notes": "", "city": "", "stock_symbol": "", "latitude": "", "discount": "", "sys_updated_on": "2021-10-05 15:02:20", "sys_class_name": "core_company", "manufacturer": "false", "apple_icon": "", "sys_id": "0d96060d58837850ed4228938e8aace5", "market_cap": "0", "sys_updated_by": "darrell.fry@armyeitaas.onmicrosoft.us", "num_employees": "", "fiscal_year": "", "rank_tier": "", "sso_source": "", "street": "", "sys_created_on": "2021-10-05 15:02:20", "vendor": "false", "contact": "", "lat_long_error": "", "stock_price": "", "theme": "", "banner_image": "", "state": "", "sys_created_by": "darrell.fry@armyeitaas.onmicrosoft.us", "longitude": "", "vendor_type": "", "zip": "", "profits": "0", "revenue_per_year": "0", "website": "", "publicly_traded": "false", "sys_mod_count": "0", "canonical": "true", "sys_tags": "", "fax_phone": "", "phone": "", "vendor_manager": "", "banner_text": "", "name": "Polycom", "coordinates_retrieved_on": "", "hash": "g0YipBPjxCwt2AgMImvuhQ==", "customer": "false", "primary": "false"}, {"banner_image_light": "", "country": "USA", "parent": "", "notes": "", "city": "", "stock_symbol": "", "latitude": "", "discount": "", "sys_updated_on": "2021-08-20 08:00:04", "sys_class_name": "core_company", "manufacturer": "true", "apple_icon": "", "sys_id": "0ddcab421c067410ed42449c2e3789c9", "market_cap": "0", "sys_updated_by": "system", "num_employees": "", "fiscal_year": "", "rank_tier": "", "sso_source": "", "street": "", "sys_created_on": "2021-08-20 08:00:04", "vendor": "false", "contact": "", "lat_long_error": "", "stock_price": "", "theme": "", "banner_image": "", "state": "", "sys_created_by": "system", "longitude": "", "vendor_type": "", "zip": "", "profits": "0", "revenue_per_year": "0", "website": "", "publicly_traded": "false", "sys_mod_count": "0", "canonical": "true", "sys_tags": "", "fax_phone": "", "phone": "", "vendor_manager": "", "banner_text": "", "name": "VMware, Inc.", "coordinates_retrieved_on": "", "hash": "oeFsCr57i//vVZwqtV+f3w==", "customer": "false", "primary": "false"}, {"banner_image_light": "", "country": "USA", "parent": "", "notes": "", "city": "", "stock_symbol": "", "latitude": "", "discount": "", "sys_updated_on": "2023-11-16 15:12:51", "sys_class_name": "core_company", "manufacturer": "false", "apple_icon": "", "sys_id": "1754316578aef5106ca4c15e9036d59b", "market_cap": "0", "sys_updated_by": "darrell.e.fry2.ctr", "num_employees": "", "fiscal_year": "", "rank_tier": "", "sso_source": "", "street": "", "sys_created_on": "2023-11-16 15:12:51", "vendor": "false", "contact": "", "lat_long_error": "", "stock_price": "", "theme": "", "banner_image": "", "state": "", "sys_created_by": "darrell.e.fry2.ctr", "longitude": "", "vendor_type": "", "zip": "", "profits": "0", "revenue_per_year": "0", "website": "", "publicly_traded": "false", "sys_mod_count": "0", "canonical": "false", "sys_tags": "", "fax_phone": "", "phone": "", "vendor_manager": "", "banner_text": "", "name": "Digi", "coordinates_retrieved_on": "", "hash": "5bJsrKCqzuGY/VWI0c7Wxg==", "customer": "false", "primary": "false"}, {"banner_image_light": "", "country": "USA", "parent": "", "notes": "", "city": "", "stock_symbol": "", "latitude": "", "discount": "", "sys_updated_on": "2023-04-18 17:43:38", "sys_class_name": "core_company", "manufacturer": "false", "apple_icon": "", "sys_id": "19c5e299109a6d105537ddc97ce2e448", "market_cap": "0", "sys_updated_by": "kimberly.c.pratt.ctr", "num_employees": "", "fiscal_year": "", "rank_tier": "", "sso_source": "", "street": "", "sys_created_on": "2023-04-18 17:43:38", "vendor": "false", "contact": "", "lat_long_error": "", "stock_price": "", "theme": "", "banner_image": "", "state": "", "sys_created_by": "kimberly.c.pratt.ctr", "longitude": "", "vendor_type": "", "zip": "", "profits": "0", "revenue_per_year": "0", "website": "", "publicly_traded": "false", "sys_mod_count": "0", "canonical": "false", "sys_tags": "", "fax_phone": "", "phone": "", "vendor_manager": "", "banner_text": "", "name": "Signamax", "coordinates_retrieved_on": "", "hash": "DdobVzAf4q/g6qmk/rYVJw==", "customer": "false", "primary": "false"}, {"banner_image_light": "", "country": "USA", "parent": "", "notes": "", "city": "", "stock_symbol": "", "latitude": "", "discount": "", "sys_updated_on": "2021-01-19 22:01:07", "sys_class_name": "core_company", "manufacturer": "false", "apple_icon": "", "sys_id": "1d9271b1a4b520109c5595c47d8a7429", "market_cap": "0", "sys_updated_by": "chad.elliott", "num_employees": "", "fiscal_year": "", "rank_tier": "", "sso_source": "", "street": "", "sys_created_on": "2021-01-19 22:01:07", "vendor": "false", "contact": "", "lat_long_error": "", "stock_price": "", "theme": "", "banner_image": "", "state": "", "sys_created_by": "chad.elliott", "longitude": "", "vendor_type": "", "zip": "", "profits": "0", "revenue_per_year": "0", "website": "", "publicly_traded": "false", "sys_mod_count": "0", "canonical": "false", "sys_tags": "", "fax_phone": "", "phone": "", "vendor_manager": "", "banner_text": "", "name": "A-MESN", "coordinates_retrieved_on": "", "hash": "e0yzMKlMO+BmVvRIPMs0tQ==", "customer": "false", "primary": "false"}, {"banner_image_light": "", "country": "USA", "parent": "", "notes": "", "city": "", "stock_symbol": "", "latitude": "", "discount": "", "sys_updated_on": "2020-08-14 11:49:31", "sys_class_name": "customer_account", "manufacturer": "false", "apple_icon": "", "sys_id": "317b75b674a690109c55e168314b90e4", "market_cap": "0", "sys_updated_by": "Darrell.Fry.ctr@us.af.mil", "num_employees": "", "fiscal_year": "", "rank_tier": "", "sso_source": "", "street": "", "sys_created_on": "2020-08-14 11:49:31", "vendor": "false", "contact": "", "lat_long_error": "", "stock_price": "", "theme": "", "banner_image": "", "state": "", "sys_created_by": "Darrell.Fry.ctr@us.af.mil", "longitude": "", "vendor_type": "", "zip": "", "profits": "0", "revenue_per_year": "0", "website": "", "publicly_traded": "false", "sys_mod_count": "0", "canonical": "false", "sys_tags": "", "fax_phone": "", "phone": "", "vendor_manager": "", "banner_text": "", "name": "Army Futures Command", "coordinates_retrieved_on": "", "hash": "+DOR6zoBv/yWF8wZDmHzHQ==", "customer": "true", "primary": "false"}, {"banner_image_light": "", "country": "USA", "parent": "", "notes": "", "city": "", "stock_symbol": "", "latitude": "", "discount": "", "sys_updated_on": "2023-11-16 15:15:31", "sys_class_name": "core_company", "manufacturer": "false", "apple_icon": "", "sys_id": "32f4b56578aef5106ca4c15e9036d56b", "market_cap": "0", "sys_updated_by": "darrell.e.fry2.ctr", "num_employees": "", "fiscal_year": "", "rank_tier": "", "sso_source": "", "street": "", "sys_created_on": "2023-11-16 15:15:31", "vendor": "false", "contact": "", "lat_long_error": "", "stock_price": "", "theme": "", "banner_image": "", "state": "", "sys_created_by": "darrell.e.fry2.ctr", "longitude": "", "vendor_type": "", "zip": "", "profits": "0", "revenue_per_year": "0", "website": "", "publicly_traded": "false", "sys_mod_count": "0", "canonical": "false", "sys_tags": "", "fax_phone": "", "phone": "", "vendor_manager": "", "banner_text": "", "name": "Tripp Lite", "coordinates_retrieved_on": "", "hash": "6vZfCzoC7yyIw/YpfLCzqw==", "customer": "false", "primary": "false"}, {"banner_image_light": "", "country": "USA", "parent": "", "notes": "", "city": "", "stock_symbol": "", "latitude": "", "discount": "", "sys_updated_on": "2021-10-27 11:03:08", "sys_class_name": "core_company", "manufacturer": "false", "apple_icon": "", "sys_id": "36c2a6c0d4abf410ed4231346ce3d359", "market_cap": "0", "sys_updated_by": "charles.m.lineback.ctr@mail.mil", "num_employees": "", "fiscal_year": "", "rank_tier": "", "sso_source": "", "street": "", "sys_created_on": "2021-10-27 11:03:08", "vendor": "false", "contact": "", "lat_long_error": "", "stock_price": "", "theme": "", "banner_image": "", "state": "", "sys_created_by": "charles.m.lineback.ctr@mail.mil", "longitude": "", "vendor_type": "", "zip": "", "profits": "0", "revenue_per_year": "0", "website": "", "publicly_traded": "false", "sys_mod_count": "0", "canonical": "true", "sys_tags": "", "fax_phone": "", "phone": "", "vendor_manager": "", "banner_text": "", "name": "Logitech", "coordinates_retrieved_on": "", "hash": "/3DUYKQgIFzu6hbxwT5RsQ==", "customer": "false", "primary": "false"}, {"banner_image_light": "", "country": "USA", "parent": "", "notes": "", "city": "", "stock_symbol": "", "latitude": "", "discount": "", "sys_updated_on": "2023-04-18 15:59:12", "sys_class_name": "core_company", "manufacturer": "false", "apple_icon": "", "sys_id": "36edc6d1105a6d105537ddc97ce2e4cf", "market_cap": "0", "sys_updated_by": "darrell.e.fry2.ctr", "num_employees": "", "fiscal_year": "", "rank_tier": "", "sso_source": "", "street": "", "sys_created_on": "2023-04-18 15:59:12", "vendor": "false", "contact": "", "lat_long_error": "", "stock_price": "", "theme": "", "banner_image": "", "state": "", "sys_created_by": "darrell.e.fry2.ctr", "longitude": "", "vendor_type": "", "zip": "", "profits": "0", "revenue_per_year": "0", "website": "", "publicly_traded": "false", "sys_mod_count": "0", "canonical": "false", "sys_tags": "", "fax_phone": "", "phone": "", "vendor_manager": "", "banner_text": "", "name": "Aruba", "coordinates_retrieved_on": "", "hash": "SJO2QFHPQlBH3dhgba4l9A==", "customer": "false", "primary": "false"}, {"banner_image_light": "", "country": "USA", "parent": "", "notes": "", "city": "", "stock_symbol": "", "latitude": "", "discount": "", "sys_updated_on": "2023-11-16 15:20:10", "sys_class_name": "core_company", "manufacturer": "false", "apple_icon": "", "sys_id": "3a06fd2578aef5106ca4c15e9036d502", "market_cap": "0", "sys_updated_by": "darrell.e.fry2.ctr", "num_employees": "", "fiscal_year": "", "rank_tier": "", "sso_source": "", "street": "", "sys_created_on": "2023-11-16 15:20:10", "vendor": "false", "contact": "", "lat_long_error": "", "stock_price": "", "theme": "", "banner_image": "", "state": "", "sys_created_by": "darrell.e.fry2.ctr", "longitude": "", "vendor_type": "", "zip": "", "profits": "0", "revenue_per_year": "0", "website": "", "publicly_traded": "false", "sys_mod_count": "0", "canonical": "false", "sys_tags": "", "fax_phone": "", "phone": "", "vendor_manager": "", "banner_text": "", "name": "ARISTA", "coordinates_retrieved_on": "", "hash": "/+wpuhzBgyteHpu3JTP+Kg==", "customer": "false", "primary": "false"}, {"banner_image_light": "", "country": "USA", "parent": "", "notes": "", "city": "", "stock_symbol": "", "latitude": "", "discount": "", "sys_updated_on": "2023-11-16 16:23:46", "sys_class_name": "core_company", "manufacturer": "false", "apple_icon": "", "sys_id": "4a948a29782239106ca4c15e9036d5e5", "market_cap": "0", "sys_updated_by": "darrell.e.fry2.ctr", "num_employees": "", "fiscal_year": "", "rank_tier": "", "sso_source": "", "street": "", "sys_created_on": "2023-11-16 16:23:46", "vendor": "false", "contact": "", "lat_long_error": "", "stock_price": "", "theme": "", "banner_image": "", "state": "", "sys_created_by": "darrell.e.fry2.ctr", "longitude": "", "vendor_type": "", "zip": "", "profits": "0", "revenue_per_year": "0", "website": "", "publicly_traded": "false", "sys_mod_count": "0", "canonical": "false", "sys_tags": "", "fax_phone": "", "phone": "", "vendor_manager": "", "banner_text": "", "name": "Yubico", "coordinates_retrieved_on": "", "hash": "1kU3zDLevvLV7tf3OfbqXA==", "customer": "false", "primary": "false"}, {"banner_image_light": "", "country": "USA", "parent": "", "notes": "", "city": "", "stock_symbol": "", "latitude": "", "discount": "", "sys_updated_on": "2021-10-27 10:55:06", "sys_class_name": "core_company", "manufacturer": "false", "apple_icon": "", "sys_id": "52f0a280d4abf410ed4231346ce3d380", "market_cap": "0", "sys_updated_by": "charles.m.lineback.ctr@mail.mil", "num_employees": "", "fiscal_year": "", "rank_tier": "", "sso_source": "", "street": "", "sys_created_on": "2021-10-27 10:55:06", "vendor": "false", "contact": "", "lat_long_error": "", "stock_price": "", "theme": "", "banner_image": "", "state": "", "sys_created_by": "charles.m.lineback.ctr@mail.mil", "longitude": "", "vendor_type": "", "zip": "", "profits": "0", "revenue_per_year": "0", "website": "", "publicly_traded": "false", "sys_mod_count": "0", "canonical": "true", "sys_tags": "", "fax_phone": "", "phone": "", "vendor_manager": "", "banner_text": "", "name": "Jabra", "coordinates_retrieved_on": "", "hash": "aC2FdeP/SLAUMVUxBGJQpw==", "customer": "false", "primary": "false"}, {"banner_image_light": "", "country": "USA", "parent": "", "notes": "", "city": "", "stock_symbol": "", "latitude": "", "discount": "", "sys_updated_on": "2019-04-22 23:54:33", "sys_class_name": "core_company", "manufacturer": "false", "apple_icon": "", "sys_id": "53466ce0db4d3b00a3e1d4f3ce961971", "market_cap": "0", "sys_updated_by": "kkehoe", "num_employees": "", "fiscal_year": "", "rank_tier": "", "sso_source": "", "street": "", "sys_created_on": "2019-04-22 23:54:33", "vendor": "true", "contact": "", "lat_long_error": "", "stock_price": "", "theme": "", "banner_image": "", "state": "", "sys_created_by": "kkehoe", "longitude": "", "vendor_type": "", "zip": "", "profits": "0", "revenue_per_year": "0", "website": "", "publicly_traded": "false", "sys_mod_count": "0", "canonical": "false", "sys_tags": "", "fax_phone": "", "phone": "", "vendor_manager": "", "banner_text": "", "name": "Other", "coordinates_retrieved_on": "", "hash": "YxGuF8HuUrNuaKr0rQZjhw==", "customer": "false", "primary": "false"}, {"banner_image_light": "", "country": "USA", "parent": "", "notes": "", "city": "", "stock_symbol": "", "latitude": "", "discount": "", "sys_updated_on": "2023-12-19 15:28:56", "sys_class_name": "core_company", "manufacturer": "false", "apple_icon": "", "sys_id": "5f74b7046993711055377848c54b8f85", "market_cap": "0", "sys_updated_by": "darrell.e.fry2.ctr", "num_employees": "", "fiscal_year": "", "rank_tier": "", "sso_source": "", "street": "", "sys_created_on": "2023-12-19 15:28:56", "vendor": "false", "contact": "", "lat_long_error": "", "stock_price": "", "theme": "", "banner_image": "", "state": "", "sys_created_by": "darrell.e.fry2.ctr", "longitude": "", "vendor_type": "", "zip": "", "profits": "0", "revenue_per_year": "0", "website": "", "publicly_traded": "false", "sys_mod_count": "0", "canonical": "false", "sys_tags": "", "fax_phone": "", "phone": "", "vendor_manager": "", "banner_text": "", "name": "IOGear", "coordinates_retrieved_on": "", "hash": "4zulRi+/Mhjl3Hqhk5ppww==", "customer": "false", "primary": "false"}, {"banner_image_light": "", "country": "USA", "parent": "", "notes": "", "city": "", "stock_symbol": "", "latitude": "", "discount": "", "sys_updated_on": "2023-12-19 15:34:16", "sys_class_name": "core_company", "manufacturer": "false", "apple_icon": "", "sys_id": "65b5f3446993711055377848c54b8ffa", "market_cap": "0", "sys_updated_by": "darrell.e.fry2.ctr", "num_employees": "", "fiscal_year": "", "rank_tier": "", "sso_source": "", "street": "", "sys_created_on": "2023-12-19 15:34:16", "vendor": "false", "contact": "", "lat_long_error": "", "stock_price": "", "theme": "", "banner_image": "", "state": "", "sys_created_by": "darrell.e.fry2.ctr", "longitude": "", "vendor_type": "", "zip": "", "profits": "0", "revenue_per_year": "0", "website": "", "publicly_traded": "false", "sys_mod_count": "0", "canonical": "false", "sys_tags": "", "fax_phone": "", "phone": "", "vendor_manager": "", "banner_text": "", "name": "StarTech", "coordinates_retrieved_on": "", "hash": "fM8pcAHvzATl2IUEyZ9q6Q==", "customer": "false", "primary": "false"}, {"banner_image_light": "", "country": "USA", "parent": "", "notes": "", "city": "", "stock_symbol": "", "latitude": "", "discount": "", "sys_updated_on": "2023-11-16 15:04:34", "sys_class_name": "customer_account", "manufacturer": "false", "apple_icon": "", "sys_id": "6972b9a178aef5106ca4c15e9036d5ec", "market_cap": "0", "sys_updated_by": "darrell.e.fry2.ctr", "num_employees": "", "fiscal_year": "", "rank_tier": "", "sso_source": "", "street": "", "sys_created_on": "2023-11-16 15:04:34", "vendor": "false", "contact": "", "lat_long_error": "", "stock_price": "", "theme": "", "banner_image": "", "state": "", "sys_created_by": "darrell.e.fry2.ctr", "longitude": "", "vendor_type": "", "zip": "", "profits": "0", "revenue_per_year": "0", "website": "", "publicly_traded": "false", "sys_mod_count": "0", "canonical": "false", "sys_tags": "", "fax_phone": "", "phone": "", "vendor_manager": "", "banner_text": "", "name": "Peraton", "coordinates_retrieved_on": "", "hash": "sG1Cv3n1zjM7Ny+tZAeLkw==", "customer": "true", "primary": "false"}, {"banner_image_light": "", "country": "USA", "parent": "", "notes": "", "city": "", "stock_symbol": "", "latitude": "", "discount": "", "sys_updated_on": "2023-11-16 16:03:37", "sys_class_name": "core_company", "manufacturer": "false", "apple_icon": "", "sys_id": "87fff965782239106ca4c15e9036d52c", "market_cap": "0", "sys_updated_by": "darrell.e.fry2.ctr", "num_employees": "", "fiscal_year": "", "rank_tier": "", "sso_source": "", "street": "", "sys_created_on": "2023-11-16 16:03:37", "vendor": "false", "contact": "", "lat_long_error": "", "stock_price": "", "theme": "", "banner_image": "", "state": "", "sys_created_by": "darrell.e.fry2.ctr", "longitude": "", "vendor_type": "", "zip": "", "profits": "0", "revenue_per_year": "0", "website": "", "publicly_traded": "false", "sys_mod_count": "0", "canonical": "false", "sys_tags": "", "fax_phone": "", "phone": "", "vendor_manager": "", "banner_text": "", "name": "Ribbon", "coordinates_retrieved_on": "", "hash": "8wm/S8z4Aesv5FQRB2cVeA==", "customer": "false", "primary": "false"}, {"banner_image_light": "", "country": "USA", "parent": "", "notes": "", "city": "", "stock_symbol": "", "latitude": "", "discount": "", "sys_updated_on": "2021-08-20 08:00:04", "sys_class_name": "core_company", "manufacturer": "true", "apple_icon": "", "sys_id": "89dcab421c067410ed42449c2e3789cc", "market_cap": "0", "sys_updated_by": "system", "num_employees": "", "fiscal_year": "", "rank_tier": "", "sso_source": "", "street": "", "sys_created_on": "2021-08-20 08:00:04", "vendor": "false", "contact": "", "lat_long_error": "", "stock_price": "", "theme": "", "banner_image": "", "state": "", "sys_created_by": "system", "longitude": "", "vendor_type": "", "zip": "", "profits": "0", "revenue_per_year": "0", "website": "", "publicly_traded": "false", "sys_mod_count": "0", "canonical": "true", "sys_tags": "", "fax_phone": "", "phone": "", "vendor_manager": "", "banner_text": "", "name": "Citrix Systems", "coordinates_retrieved_on": "", "hash": "ITchZpye6rVT/q+mp0AGDw==", "customer": "false", "primary": "false"}, {"banner_image_light": "", "country": "USA", "parent": "", "notes": "", "city": "", "stock_symbol": "", "latitude": "", "discount": "", "sys_updated_on": "2023-11-16 15:28:52", "sys_class_name": "core_company", "manufacturer": "false", "apple_icon": "", "sys_id": "8e08392978aef5106ca4c15e9036d506", "market_cap": "0", "sys_updated_by": "darrell.e.fry2.ctr", "num_employees": "", "fiscal_year": "", "rank_tier": "", "sso_source": "", "street": "", "sys_created_on": "2023-11-16 15:28:52", "vendor": "false", "contact": "", "lat_long_error": "", "stock_price": "", "theme": "", "banner_image": "", "state": "", "sys_created_by": "darrell.e.fry2.ctr", "longitude": "", "vendor_type": "", "zip": "", "profits": "0", "revenue_per_year": "0", "website": "", "publicly_traded": "false", "sys_mod_count": "0", "canonical": "false", "sys_tags": "", "fax_phone": "", "phone": "", "vendor_manager": "", "banner_text": "", "name": "IBOSS", "coordinates_retrieved_on": "", "hash": "lSQd7YNase4FqGVwLqUz3Q==", "customer": "false", "primary": "false"}, {"banner_image_light": "", "country": "USA", "parent": "", "notes": "", "city": "", "stock_symbol": "", "latitude": "", "discount": "", "sys_updated_on": "2021-02-01 17:58:29", "sys_class_name": "core_company", "manufacturer": "false", "apple_icon": "", "sys_id": "9bc73ffd0146e0109c559c94b630e33f", "market_cap": "0", "sys_updated_by": "kathryn.m.davis41.ctr@mail.mil", "num_employees": "", "fiscal_year": "", "rank_tier": "", "sso_source": "", "street": "", "sys_created_on": "2021-02-01 17:58:29", "vendor": "false", "contact": "", "lat_long_error": "", "stock_price": "", "theme": "", "banner_image": "", "state": "", "sys_created_by": "kathryn.m.davis41.ctr@mail.mil", "longitude": "", "vendor_type": "", "zip": "", "profits": "0", "revenue_per_year": "0", "website": "", "publicly_traded": "false", "sys_mod_count": "0", "canonical": "false", "sys_tags": "", "fax_phone": "", "phone": "", "vendor_manager": "", "banner_text": "", "name": "Apple", "coordinates_retrieved_on": "", "hash": "n2KQ9ENuWiNR8S4DtkM8PA==", "customer": "false", "primary": "false"}, {"banner_image_light": "", "country": "USA", "parent": "", "notes": "", "city": "", "stock_symbol": "", "latitude": "", "discount": "", "sys_updated_on": "2024-01-18 18:35:46", "sys_class_name": "core_company", "manufacturer": "false", "apple_icon": "", "sys_id": "9bee3ebd347fb9106ca450ce9c145171", "market_cap": "0", "sys_updated_by": "khalil.a.ross.ctr", "num_employees": "", "fiscal_year": "", "rank_tier": "", "sso_source": "", "street": "", "sys_created_on": "2024-01-18 18:35:46", "vendor": "false", "contact": "", "lat_long_error": "", "stock_price": "", "theme": "", "banner_image": "", "state": "", "sys_created_by": "khalil.a.ross.ctr", "longitude": "", "vendor_type": "", "zip": "", "profits": "0", "revenue_per_year": "0", "website": "", "publicly_traded": "false", "sys_mod_count": "0", "canonical": "false", "sys_tags": "", "fax_phone": "", "phone": "", "vendor_manager": "", "banner_text": "", "name": "Humanscale", "coordinates_retrieved_on": "", "hash": "Mqh34DB/sSJNeSyCFfjnxQ==", "customer": "false", "primary": "false"}, {"banner_image_light": "", "country": "USA", "parent": "", "notes": "", "city": "", "stock_symbol": "", "latitude": "", "discount": "", "sys_updated_on": "2021-02-01 18:17:52", "sys_class_name": "core_company", "manufacturer": "true", "apple_icon": "", "sys_id": "a03cf3350186e0109c559c94b630e3c3", "market_cap": "0", "sys_updated_by": "chad.elliott", "num_employees": "", "fiscal_year": "", "rank_tier": "", "sso_source": "", "street": "", "sys_created_on": "2021-02-01 18:17:52", "vendor": "false", "contact": "", "lat_long_error": "", "stock_price": "", "theme": "", "banner_image": "", "state": "", "sys_created_by": "chad.elliott", "longitude": "", "vendor_type": "", "zip": "", "profits": "0", "revenue_per_year": "0", "website": "", "publicly_traded": "false", "sys_mod_count": "0", "canonical": "false", "sys_tags": "", "fax_phone": "", "phone": "", "vendor_manager": "", "banner_text": "", "name": "Samsung", "coordinates_retrieved_on": "", "hash": "ORCx4MyrGbxG/Z2yfMpJyQ==", "customer": "false", "primary": "false"}, {"banner_image_light": "", "country": "USA", "parent": "", "notes": "", "city": "", "stock_symbol": "", "latitude": "", "discount": "", "sys_updated_on": "2021-08-23 10:00:01", "sys_class_name": "core_company", "manufacturer": "true", "apple_icon": "", "sys_id": "a3052f07a802701029752c556f57416b", "market_cap": "0", "sys_updated_by": "system", "num_employees": "", "fiscal_year": "", "rank_tier": "", "sso_source": "", "street": "", "sys_created_on": "2021-08-23 10:00:01", "vendor": "false", "contact": "", "lat_long_error": "", "stock_price": "", "theme": "", "banner_image": "", "state": "", "sys_created_by": "system", "longitude": "", "vendor_type": "", "zip": "", "profits": "0", "revenue_per_year": "0", "website": "", "publicly_traded": "false", "sys_mod_count": "0", "canonical": "true", "sys_tags": "", "fax_phone": "", "phone": "", "vendor_manager": "", "banner_text": "", "name": "SAP", "coordinates_retrieved_on": "", "hash": "mZvGsYNRu+gX0m9Vm6QIrg==", "customer": "false", "primary": "false"}, {"banner_image_light": "", "country": "USA", "parent": "", "notes": "", "city": "", "stock_symbol": "", "latitude": "", "discount": "", "sys_updated_on": "2023-11-16 15:34:09", "sys_class_name": "core_company", "manufacturer": "false", "apple_icon": "", "sys_id": "b339756978aef5106ca4c15e9036d5f3", "market_cap": "0", "sys_updated_by": "darrell.e.fry2.ctr", "num_employees": "", "fiscal_year": "", "rank_tier": "", "sso_source": "", "street": "", "sys_created_on": "2023-11-16 15:34:09", "vendor": "false", "contact": "", "lat_long_error": "", "stock_price": "", "theme": "", "banner_image": "", "state": "", "sys_created_by": "darrell.e.fry2.ctr", "longitude": "", "vendor_type": "", "zip": "", "profits": "0", "revenue_per_year": "0", "website": "", "publicly_traded": "false", "sys_mod_count": "0", "canonical": "false", "sys_tags": "", "fax_phone": "", "phone": "", "vendor_manager": "", "banner_text": "", "name": "PALO ALTO", "coordinates_retrieved_on": "", "hash": "YB2UatVajlqFxDcTtYK7kQ==", "customer": "false", "primary": "false"}, {"banner_image_light": "", "country": "USA", "parent": "", "notes": "", "city": "", "stock_symbol": "", "latitude": "", "discount": "", "sys_updated_on": "2020-03-10 18:15:52", "sys_class_name": "core_company", "manufacturer": "false", "apple_icon": "", "sys_id": "b952f2d81da3001088e3204c8b09a7ed", "market_cap": "0", "sys_updated_by": "knodelm", "num_employees": "", "fiscal_year": "", "rank_tier": "", "sso_source": "", "street": "", "sys_created_on": "2020-03-10 18:15:52", "vendor": "true", "contact": "", "lat_long_error": "", "stock_price": "", "theme": "", "banner_image": "", "state": "", "sys_created_by": "knodelm", "longitude": "", "vendor_type": "", "zip": "", "profits": "0", "revenue_per_year": "0", "website": "", "publicly_traded": "false", "sys_mod_count": "0", "canonical": "false", "sys_tags": "", "fax_phone": "", "phone": "", "vendor_manager": "", "banner_text": "", "name": "UC SCSS Skype for Business", "coordinates_retrieved_on": "", "hash": "J5f6T69Pv0/lWhzicgRmrg==", "customer": "false", "primary": "false"}, {"banner_image_light": "", "country": "USA", "parent": "", "notes": "", "city": "", "stock_symbol": "", "latitude": "", "discount": "", "sys_updated_on": "2019-05-09 16:11:15", "sys_class_name": "core_company", "manufacturer": "false", "apple_icon": "", "sys_id": "bc5f9ebd251d37009c5581453f3ffac6", "market_cap": "0", "sys_updated_by": "tprovin@ism4it.com", "num_employees": "", "fiscal_year": "", "rank_tier": "", "sso_source": "", "street": "", "sys_created_on": "2019-05-09 16:11:15", "vendor": "false", "contact": "", "lat_long_error": "", "stock_price": "", "theme": "", "banner_image": "", "state": "", "sys_created_by": "tprovin@ism4it.com", "longitude": "", "vendor_type": "", "zip": "", "profits": "0", "revenue_per_year": "0", "website": "", "publicly_traded": "false", "sys_mod_count": "0", "canonical": "false", "sys_tags": "", "fax_phone": "", "phone": "", "vendor_manager": "", "banner_text": "", "name": "IBM", "coordinates_retrieved_on": "", "hash": "y/RFEdBB3G0d1zzAwDMSLA==", "customer": "false", "primary": "false"}, {"banner_image_light": "", "country": "USA", "parent": "", "notes": "", "city": "", "stock_symbol": "", "latitude": "", "discount": "", "sys_updated_on": "2021-08-20 08:00:04", "sys_class_name": "core_company", "manufacturer": "true", "apple_icon": "", "sys_id": "c1dcab421c067410ed42449c2e3789cb", "market_cap": "0", "sys_updated_by": "system", "num_employees": "", "fiscal_year": "", "rank_tier": "", "sso_source": "", "street": "", "sys_created_on": "2021-08-20 08:00:04", "vendor": "false", "contact": "", "lat_long_error": "", "stock_price": "", "theme": "", "banner_image": "", "state": "", "sys_created_by": "system", "longitude": "", "vendor_type": "", "zip": "", "profits": "0", "revenue_per_year": "0", "website": "", "publicly_traded": "false", "sys_mod_count": "0", "canonical": "true", "sys_tags": "", "fax_phone": "", "phone": "", "vendor_manager": "", "banner_text": "", "name": "Adobe Systems", "coordinates_retrieved_on": "", "hash": "UgDVv4waHaMNOzqtfowCCQ==", "customer": "false", "primary": "false"}, {"banner_image_light": "", "country": "USA", "parent": "", "notes": "", "city": "", "stock_symbol": "", "latitude": "", "discount": "", "sys_updated_on": "2021-08-20 08:00:04", "sys_class_name": "core_company", "manufacturer": "true", "apple_icon": "", "sys_id": "c9dcab421c067410ed42449c2e3789c4", "market_cap": "0", "sys_updated_by": "system", "num_employees": "", "fiscal_year": "", "rank_tier": "", "sso_source": "", "street": "", "sys_created_on": "2021-08-20 08:00:04", "vendor": "false", "contact": "", "lat_long_error": "", "stock_price": "", "theme": "", "banner_image": "", "state": "", "sys_created_by": "system", "longitude": "", "vendor_type": "", "zip": "", "profits": "0", "revenue_per_year": "0", "website": "", "publicly_traded": "false", "sys_mod_count": "0", "canonical": "true", "sys_tags": "", "fax_phone": "", "phone": "", "vendor_manager": "", "banner_text": "", "name": "Microsoft", "coordinates_retrieved_on": "", "hash": "FAhkB4rsocfDW0vrM8U8NA==", "customer": "false", "primary": "false"}, {"banner_image_light": "", "country": "USA", "parent": "", "notes": "", "city": "", "stock_symbol": "", "latitude": "", "discount": "", "sys_updated_on": "2022-05-05 18:46:22", "sys_class_name": "customer_account", "manufacturer": "false", "apple_icon": "", "sys_id": "ceea2691a9db0550ed4201e66889ac47", "market_cap": "0", "sys_updated_by": "darrell.e.fry2.ctr", "num_employees": "", "fiscal_year": "", "rank_tier": "", "sso_source": "", "street": "", "sys_created_on": "2022-05-05 18:46:22", "vendor": "false", "contact": "", "lat_long_error": "", "stock_price": "", "theme": "", "banner_image": "", "state": "", "sys_created_by": "darrell.e.fry2.ctr", "longitude": "", "vendor_type": "", "zip": "", "profits": "0", "revenue_per_year": "0", "website": "", "publicly_traded": "false", "sys_mod_count": "0", "canonical": "true", "sys_tags": "", "fax_phone": "", "phone": "", "vendor_manager": "", "banner_text": "", "name": "NETCOM", "coordinates_retrieved_on": "", "hash": "4cTrFG4/5fSZMz1BSPqfxQ==", "customer": "true", "primary": "false"}, {"banner_image_light": "", "country": "USA", "parent": "", "notes": "", "city": "", "stock_symbol": "", "latitude": "", "discount": "", "sys_updated_on": "2019-05-09 16:11:25", "sys_class_name": "core_company", "manufacturer": "false", "apple_icon": "", "sys_id": "d75f12fd251d37009c5581453f3ffa20", "market_cap": "0", "sys_updated_by": "tprovin@ism4it.com", "num_employees": "", "fiscal_year": "", "rank_tier": "", "sso_source": "", "street": "", "sys_created_on": "2019-05-09 16:11:25", "vendor": "false", "contact": "", "lat_long_error": "", "stock_price": "", "theme": "", "banner_image": "", "state": "", "sys_created_by": "tprovin@ism4it.com", "longitude": "", "vendor_type": "", "zip": "", "profits": "0", "revenue_per_year": "0", "website": "", "publicly_traded": "false", "sys_mod_count": "0", "canonical": "false", "sys_tags": "", "fax_phone": "", "phone": "", "vendor_manager": "", "banner_text": "", "name": "Vmware Inc.", "coordinates_retrieved_on": "", "hash": "9cvoLjnYx+3Byo2XjN4umg==", "customer": "false", "primary": "false"}, {"banner_image_light": "", "country": "USA", "parent": "", "notes": "", "city": "", "stock_symbol": "", "latitude": "", "discount": "", "sys_updated_on": "2023-12-19 15:35:20", "sys_class_name": "core_company", "manufacturer": "false", "apple_icon": "", "sys_id": "daf5bb446993711055377848c54b8f3c", "market_cap": "0", "sys_updated_by": "darrell.e.fry2.ctr", "num_employees": "", "fiscal_year": "", "rank_tier": "", "sso_source": "", "street": "", "sys_created_on": "2023-12-19 15:35:20", "vendor": "false", "contact": "", "lat_long_error": "", "stock_price": "", "theme": "", "banner_image": "", "state": "", "sys_created_by": "darrell.e.fry2.ctr", "longitude": "", "vendor_type": "", "zip": "", "profits": "0", "revenue_per_year": "0", "website": "", "publicly_traded": "false", "sys_mod_count": "0", "canonical": "false", "sys_tags": "", "fax_phone": "", "phone": "", "vendor_manager": "", "banner_text": "", "name": "C2G", "coordinates_retrieved_on": "", "hash": "nQtDe+PX6RNUBwiU5bFj9A==", "customer": "false", "primary": "false"}, {"banner_image_light": "", "country": "USA", "parent": "", "notes": "", "city": "", "stock_symbol": "", "latitude": "", "discount": "", "sys_updated_on": "2019-05-09 16:11:19", "sys_class_name": "core_company", "manufacturer": "false", "apple_icon": "", "sys_id": "f15fdebd251d37009c5581453f3ffa3e", "market_cap": "0", "sys_updated_by": "tprovin@ism4it.com", "num_employees": "", "fiscal_year": "", "rank_tier": "", "sso_source": "", "street": "", "sys_created_on": "2019-05-09 16:11:19", "vendor": "false", "contact": "", "lat_long_error": "", "stock_price": "", "theme": "", "banner_image": "", "state": "", "sys_created_by": "tprovin@ism4it.com", "longitude": "", "vendor_type": "", "zip": "", "profits": "0", "revenue_per_year": "0", "website": "", "publicly_traded": "false", "sys_mod_count": "0", "canonical": "false", "sys_tags": "", "fax_phone": "", "phone": "", "vendor_manager": "", "banner_text": "", "name": "Avaya", "coordinates_retrieved_on": "", "hash": "nlnR0n/1MPgAV/M6hdrHcA==", "customer": "false", "primary": "false"}, {"banner_image_light": "fd2c1819190431105537dea39f81af5b", "country": "USA", "parent": "", "notes": "", "city": "", "stock_symbol": "", "latitude": "", "discount": "", "sys_updated_on": "2023-07-14 07:31:55", "sys_class_name": "core_company", "manufacturer": "false", "apple_icon": "", "sys_id": "f66b14e1c611227b0166c3a0df4046ff", "market_cap": "0", "sys_updated_by": "darrell.e.fry2.ctr", "num_employees": "", "fiscal_year": "", "rank_tier": "", "sso_source": "", "street": "", "sys_created_on": "2006-03-14 01:42:26", "vendor": "false", "contact": "", "lat_long_error": "", "stock_price": "", "theme": "", "banner_image": "77eb60325f210100a9ad2572f2b477ae", "state": "", "sys_created_by": "admin", "longitude": "", "vendor_type": "", "zip": "", "profits": "0", "revenue_per_year": "0", "website": "", "publicly_traded": "false", "sys_mod_count": "44", "canonical": "false", "sys_tags": "", "fax_phone": "", "phone": "", "vendor_manager": "", "banner_text": "<b><font color = \"#ffcb05\" size = \"4\">HQ AFC ITaaS ServiceNow (A-MESN)</font></b>", "name": "Army EITaaS", "coordinates_retrieved_on": "", "hash": "6ZskzG7VQmwK4n+izLSYkg==", "customer": "false", "primary": "true"}, {"banner_image_light": "", "country": "USA", "parent": "", "notes": "", "city": "", "stock_symbol": "", "latitude": "", "discount": "", "sys_updated_on": "2021-02-01 17:47:23", "sys_class_name": "core_company", "manufacturer": "true", "apple_icon": "", "sys_id": "fa35b33d0146e0109c559c94b630e372", "market_cap": "0", "sys_updated_by": "kathryn.m.davis41.ctr@mail.mil", "num_employees": "", "fiscal_year": "", "rank_tier": "", "sso_source": "", "street": "", "sys_created_on": "2021-02-01 17:47:23", "vendor": "false", "contact": "", "lat_long_error": "", "stock_price": "", "theme": "", "banner_image": "", "state": "", "sys_created_by": "kathryn.m.davis41.ctr@mail.mil", "longitude": "", "vendor_type": "", "zip": "", "profits": "0", "revenue_per_year": "0", "website": "", "publicly_traded": "false", "sys_mod_count": "0", "canonical": "false", "sys_tags": "", "fax_phone": "", "phone": "", "vendor_manager": "", "banner_text": "", "name": "Dell", "coordinates_retrieved_on": "", "hash": "qyck0QtJAheRaxvMVq70jw==", "customer": "false", "primary": "false"}]}],"timeGenerated":"02/09/2024 21:25:12"}