{"api_results":[{"result": [{"banner_image_light": "", "country": "USA", "parent": "", "notes": "", "minority_ownership_status": "", "stock_symbol": "", "discount": "", "active_escalation": "", "sys_updated_on": "2020-08-14 11:49:31", "apple_icon": "", "number": "ACCT0010002", "sys_updated_by": "Darrell.Fry.ctr@us.af.mil", "fiscal_year": "", "sso_source": "", "sys_created_on": "2020-08-14 11:49:31", "contact": "", "rural_based_status": "", "stock_price": "", "banner_image": "", "state": "", "sys_created_by": "Darrell.Fry.ctr@us.af.mil", "longitude": "", "zip": "", "profits": "0", "assumed_name": "", "canonical": "false", "tax_id": "", "incorporated_on": "", "fax_phone": "", "phone": "", "banner_text": "", "name": "Army Futures Command", "account_code": "!!!#", "coordinates_retrieved_on": "", "hash": "+DOR6zoBv/yWF8wZDmHzHQ==", "primary": "false", "identification_number": "", "city": "", "latitude": "", "industry": "", "sys_class_name": "customer_account", "manufacturer": "false", "account_parent": "", "sys_id": "317b75b674a690109c55e168314b90e4", "tribal_affiliation_status": "", "business_structure": "", "market_cap": "0", "num_employees": "", "rank_tier": "", "street": "", "vendor": "false", "lat_long_error": "", "theme": "", "trademark": "", "email": "", "vendor_type": "", "revenue_per_year": "0", "website": "", "publicly_traded": "false", "sys_mod_count": "0", "sys_tags": "", "women_ownership_status": "", "partner": "false", "registration_code": "", "vendor_manager": "", "account_path": "!!!#", "legal_entity_name": "", "primary_contact": "", "customer": "true"}, {"banner_image_light": "", "country": "USA", "parent": "", "notes": "", "minority_ownership_status": "", "stock_symbol": "", "discount": "", "active_escalation": "", "sys_updated_on": "2023-11-16 15:04:34", "apple_icon": "", "number": "ACCT0010008", "sys_updated_by": "darrell.e.fry2.ctr", "fiscal_year": "", "sso_source": "", "sys_created_on": "2023-11-16 15:04:34", "contact": "", "rural_based_status": "", "stock_price": "", "banner_image": "", "state": "", "sys_created_by": "darrell.e.fry2.ctr", "longitude": "", "zip": "", "profits": "0", "assumed_name": "", "canonical": "false", "tax_id": "", "incorporated_on": "", "fax_phone": "", "phone": "", "banner_text": "", "name": "Peraton", "account_code": "!!!*", "coordinates_retrieved_on": "", "hash": "sG1Cv3n1zjM7Ny+tZAeLkw==", "primary": "false", "identification_number": "", "city": "", "latitude": "", "industry": "", "sys_class_name": "customer_account", "manufacturer": "false", "account_parent": "", "sys_id": "6972b9a178aef5106ca4c15e9036d5ec", "tribal_affiliation_status": "", "business_structure": "", "market_cap": "0", "num_employees": "", "rank_tier": "", "street": "", "vendor": "false", "lat_long_error": "", "theme": "", "trademark": "", "email": "", "vendor_type": "", "revenue_per_year": "0", "website": "", "publicly_traded": "false", "sys_mod_count": "0", "sys_tags": "", "women_ownership_status": "", "partner": "false", "registration_code": "", "vendor_manager": "", "account_path": "!!!*", "legal_entity_name": "", "primary_contact": "", "customer": "true"}, {"banner_image_light": "", "country": "USA", "parent": "", "notes": "", "minority_ownership_status": "", "stock_symbol": "", "discount": "", "active_escalation": "", "sys_updated_on": "2022-05-05 18:46:22", "apple_icon": "", "number": "ACCT0010006", "sys_updated_by": "darrell.e.fry2.ctr", "fiscal_year": "", "sso_source": "", "sys_created_on": "2022-05-05 18:46:22", "contact": "", "rural_based_status": "", "stock_price": "", "banner_image": "", "state": "", "sys_created_by": "darrell.e.fry2.ctr", "longitude": "", "zip": "", "profits": "0", "assumed_name": "", "canonical": "true", "tax_id": "", "incorporated_on": "", "fax_phone": "", "phone": "", "banner_text": "", "name": "NETCOM", "account_code": "!!!(", "coordinates_retrieved_on": "", "hash": "4cTrFG4/5fSZMz1BSPqfxQ==", "primary": "false", "identification_number": "", "city": "", "latitude": "", "industry": "", "sys_class_name": "customer_account", "manufacturer": "false", "account_parent": "", "sys_id": "ceea2691a9db0550ed4201e66889ac47", "tribal_affiliation_status": "", "business_structure": "", "market_cap": "0", "num_employees": "", "rank_tier": "", "street": "", "vendor": "false", "lat_long_error": "", "theme": "", "trademark": "", "email": "", "vendor_type": "", "revenue_per_year": "0", "website": "", "publicly_traded": "false", "sys_mod_count": "0", "sys_tags": "", "women_ownership_status": "", "partner": "false", "registration_code": "", "vendor_manager": "", "account_path": "!!!(", "legal_entity_name": "", "primary_contact": "", "customer": "true"}]}],"timeGenerated":"02/09/2024 21:30:48"}