{"api_results":[{"result": [{"attested_date": "", "parent": "", "operational_status": "1", "consumer_type": "", "sys_updated_on": "2021-10-19 22:21:57", "total_vulnerable_items": "", "number": "BSN0001003", "published_ref": "", "discovery_source": "", "first_discovered": "", "due_in": "", "used_for": "Production", "state": "", "gl_account": "", "invoice_number": "", "sys_created_by": "chad.elliott", "warranty_expiration": "", "vulnerability_risk_score": "", "sla": "", "owned_by": "", "checked_out": "", "sys_domain_path": "/", "business_unit": "", "version": "", "maintenance_schedule": "", "cost_center": "", "attested_by": "", "dns_domain": "", "service_status": "", "assigned": "", "life_cycle_stage": "", "portfolio_status": "", "purchase_date": "", "business_need": "", "delivery_manager": "", "end_date": "", "short_description": "", "busines_criticality": "2 - somewhat critical", "managed_by": "", "stakeholders": "", "can_print": "false", "last_discovered": "", "service_owner_delegate": "", "sys_class_name": "cmdb_ci_service", "manufacturer": "", "life_cycle_stage_status": "", "vendor": "", "model_number": "", "assigned_to": "", "start_date": "", "u_exclude_from_incident": "false", "serial_number": "", "spm_taxonomy_node": "", "price_unit": "", "support_group": "", "correlation_id": "", "unverified": "false", "attributes": "", "asset": "", "skip_sync": "false", "aliases": "", "attestation_score": "", "service_level_requirement": "", "sys_updated_by": "darrell.fry@armyeitaas.onmicrosoft.us", "sys_created_on": "2021-01-21 19:18:42", "sys_domain": {"link": "https://eitpro.aesd-w.army.mil/api/now/table/sys_user_group/global", "value": "global"}, "install_date": "", "monitoring_requirements": "", "asset_tag": "", "user_group": "", "fqdn": "", "spm_service_portfolio": "", "change_control": {"link": "https://eitpro.aesd-w.army.mil/api/now/table/sys_user_group/0a60b7edccdf3010ed4212422ae5ba29", "value": "0a60b7edccdf3010ed4212422ae5ba29"}, "unit_description": "", "business_relation_manager": "", "last_review_date": "", "business_contact": "", "compatibility_dependencies": "", "delivery_date": "", "install_status": "1", "supported_by": "", "name": "Compute & Store", "subcategory": "Service", "price_model": "per_unit", "assignment_group": "", "managed_by_group": "", "prerequisites": "", "sys_id": "01b06312fc75601043da690f35cc7187", "po_number": "", "checked_in": "", "sys_class_path": "/!!/#C", "mac_address": "", "company": {"link": "https://eitpro.aesd-w.army.mil/api/now/table/core_company/1d9271b1a4b520109c5595c47d8a7429", "value": "1d9271b1a4b520109c5595c47d8a7429"}, "justification": "", "department": "", "checkout": "", "comments": "", "cost": "", "attestation_status": "Not Yet Reviewed", "cmdb_ot_entity": "", "u_exclude_sd_sla": "false", "sys_mod_count": "1", "monitor": "false", "ip_address": "", "model_id": {"link": "https://eitpro.aesd-w.army.mil/api/now/table/cmdb_model/e8aaeb3f3763100044e0bfc8bcbe5d20", "value": "e8aaeb3f3763100044e0bfc8bcbe5d20"}, "u_os_ios_fw_version": "", "duplicate_of": "", "sys_tags": "", "cost_cc": "USD", "order_date": "", "schedule": "", "environment": "", "due": "", "attested": "false", "location": "", "category": "Business Service", "fault_count": "0", "lease_id": "", "service_classification": "Business Service"}, {"attested_date": "", "parent": "", "operational_status": "1", "consumer_type": "internal", "sys_updated_on": "2022-11-09 18:42:04", "total_vulnerable_items": "", "number": "BSN0001011", "published_ref": "", "discovery_source": "", "first_discovered": "", "due_in": "", "used_for": "Production", "state": "", "gl_account": "", "invoice_number": "", "sys_created_by": "christopher.l.eakin2.ctr@army.mil.local", "warranty_expiration": "", "vulnerability_risk_score": "", "sla": "", "owned_by": "", "checked_out": "", "sys_domain_path": "/", "business_unit": "", "version": "", "maintenance_schedule": "", "cost_center": "", "attested_by": "", "dns_domain": "", "service_status": "requirements", "assigned": "", "life_cycle_stage": "", "portfolio_status": "pipeline", "purchase_date": "", "business_need": "", "delivery_manager": "", "end_date": "", "short_description": "", "busines_criticality": "2 - somewhat critical", "managed_by": "", "stakeholders": "", "can_print": "false", "last_discovered": "", "service_owner_delegate": "", "sys_class_name": "cmdb_ci_service", "manufacturer": "", "life_cycle_stage_status": "", "vendor": "", "model_number": "", "assigned_to": "", "start_date": "", "u_exclude_from_incident": "false", "serial_number": "", "spm_taxonomy_node": "", "price_unit": "", "support_group": "", "correlation_id": "", "unverified": "false", "attributes": "", "asset": "", "skip_sync": "false", "aliases": "", "attestation_score": "", "service_level_requirement": "", "sys_updated_by": "christopher.l.eakin2.ctr@army.mil.local", "sys_created_on": "2022-11-09 18:42:04", "sys_domain": {"link": "https://eitpro.aesd-w.army.mil/api/now/table/sys_user_group/global", "value": "global"}, "install_date": "", "monitoring_requirements": "", "asset_tag": "", "user_group": "", "fqdn": "", "spm_service_portfolio": "", "change_control": {"link": "https://eitpro.aesd-w.army.mil/api/now/table/sys_user_group/0b5f86b531c79d10fac429c027f1f575", "value": "0b5f86b531c79d10fac429c027f1f575"}, "unit_description": "", "business_relation_manager": "", "last_review_date": "", "business_contact": "", "compatibility_dependencies": "", "delivery_date": "", "install_status": "1", "supported_by": "", "name": "Identity", "subcategory": "Service", "price_model": "per_unit", "assignment_group": "", "managed_by_group": "", "prerequisites": "", "sys_id": "31d4b6b5314b9d10fac429c027f1f577", "po_number": "", "checked_in": "", "sys_class_path": "/!!/#C", "mac_address": "", "company": {"link": "https://eitpro.aesd-w.army.mil/api/now/table/core_company/1d9271b1a4b520109c5595c47d8a7429", "value": "1d9271b1a4b520109c5595c47d8a7429"}, "justification": "", "department": "", "checkout": "", "comments": "", "cost": "", "attestation_status": "Not Yet Reviewed", "cmdb_ot_entity": "", "u_exclude_sd_sla": "false", "sys_mod_count": "0", "monitor": "false", "ip_address": "", "model_id": {"link": "https://eitpro.aesd-w.army.mil/api/now/table/cmdb_model/e8aaeb3f3763100044e0bfc8bcbe5d20", "value": "e8aaeb3f3763100044e0bfc8bcbe5d20"}, "u_os_ios_fw_version": "", "duplicate_of": "", "sys_tags": "", "cost_cc": "USD", "order_date": "", "schedule": "", "environment": "", "due": "", "attested": "false", "location": "", "category": "Business Service", "fault_count": "0", "lease_id": "", "service_classification": "Business Service"}, {"attested_date": "", "parent": "", "operational_status": "1", "consumer_type": "", "sys_updated_on": "2023-12-11 17:02:33", "total_vulnerable_items": "", "number": "BSN0001001", "published_ref": "", "discovery_source": "", "first_discovered": "", "due_in": "", "used_for": "Production", "state": "", "gl_account": "", "invoice_number": "", "sys_created_by": "chad.elliott", "warranty_expiration": "", "vulnerability_risk_score": "", "sla": "", "owned_by": "", "checked_out": "", "sys_domain_path": "/", "business_unit": "", "version": "", "maintenance_schedule": "", "cost_center": "", "attested_by": "", "dns_domain": "", "service_status": "", "assigned": "", "life_cycle_stage": "", "portfolio_status": "", "purchase_date": "", "business_need": "", "delivery_manager": "", "end_date": "", "short_description": "", "busines_criticality": "2 - somewhat critical", "managed_by": "", "stakeholders": "", "can_print": "false", "last_discovered": "", "service_owner_delegate": "", "sys_class_name": "cmdb_ci_service", "manufacturer": "", "life_cycle_stage_status": "", "vendor": "", "model_number": "", "assigned_to": "", "start_date": "", "u_exclude_from_incident": "false", "serial_number": "", "spm_taxonomy_node": "", "price_unit": "", "support_group": "", "correlation_id": "", "unverified": "false", "attributes": "", "asset": "", "skip_sync": "false", "aliases": "", "attestation_score": "", "service_level_requirement": "", "sys_updated_by": "darrell.fry@armyeitaas.onmicrosoft.us", "sys_created_on": "2021-01-19 22:01:19", "sys_domain": {"link": "https://eitpro.aesd-w.army.mil/api/now/table/sys_user_group/global", "value": "global"}, "install_date": "", "monitoring_requirements": "", "asset_tag": "", "user_group": "", "fqdn": "", "spm_service_portfolio": "", "change_control": {"link": "https://eitpro.aesd-w.army.mil/api/now/table/sys_user_group/b86077edccdf3010ed4212422ae5ba7e", "value": "b86077edccdf3010ed4212422ae5ba7e"}, "unit_description": "", "business_relation_manager": "", "last_review_date": "", "business_contact": "", "compatibility_dependencies": "", "delivery_date": "", "install_status": "1", "supported_by": "", "name": "End User Services", "subcategory": "Service", "price_model": "per_unit", "assignment_group": "", "managed_by_group": "", "prerequisites": "", "sys_id": "3a527971a4b520109c5595c47d8a74f5", "po_number": "", "checked_in": "", "sys_class_path": "/!!/#C", "mac_address": "", "company": {"link": "https://eitpro.aesd-w.army.mil/api/now/table/core_company/1d9271b1a4b520109c5595c47d8a7429", "value": "1d9271b1a4b520109c5595c47d8a7429"}, "justification": "", "department": "", "checkout": "", "comments": "", "cost": "", "attestation_status": "Not Yet Reviewed", "cmdb_ot_entity": "", "u_exclude_sd_sla": "false", "sys_mod_count": "4", "monitor": "false", "ip_address": "", "model_id": {"link": "https://eitpro.aesd-w.army.mil/api/now/table/cmdb_model/e8aaeb3f3763100044e0bfc8bcbe5d20", "value": "e8aaeb3f3763100044e0bfc8bcbe5d20"}, "u_os_ios_fw_version": "", "duplicate_of": "", "sys_tags": "", "cost_cc": "USD", "order_date": "", "schedule": "", "environment": "", "due": "", "attested": "false", "location": "", "category": "Business Service", "fault_count": "0", "lease_id": "", "service_classification": "Business Service"}, {"attested_date": "", "parent": "", "operational_status": "1", "consumer_type": "", "sys_updated_on": "2021-10-19 22:21:38", "total_vulnerable_items": "", "number": "BSN0001002", "published_ref": "", "discovery_source": "", "first_discovered": "", "due_in": "", "used_for": "Production", "state": "", "gl_account": "", "invoice_number": "", "sys_created_by": "chad.elliott", "warranty_expiration": "", "vulnerability_risk_score": "", "sla": "", "owned_by": "", "checked_out": "", "sys_domain_path": "/", "business_unit": "", "version": "", "maintenance_schedule": "", "cost_center": "", "attested_by": "", "dns_domain": "", "service_status": "", "assigned": "", "life_cycle_stage": "", "portfolio_status": "", "purchase_date": "", "business_need": "", "delivery_manager": "", "end_date": "", "short_description": "", "busines_criticality": "2 - somewhat critical", "managed_by": "", "stakeholders": "", "can_print": "false", "last_discovered": "", "service_owner_delegate": "", "sys_class_name": "cmdb_ci_service", "manufacturer": "", "life_cycle_stage_status": "", "vendor": "", "model_number": "", "assigned_to": "", "start_date": "", "u_exclude_from_incident": "false", "serial_number": "", "spm_taxonomy_node": "", "price_unit": "", "support_group": "", "correlation_id": "", "unverified": "false", "attributes": "", "asset": "", "skip_sync": "false", "aliases": "", "attestation_score": "", "service_level_requirement": "", "sys_updated_by": "darrell.fry@armyeitaas.onmicrosoft.us", "sys_created_on": "2021-01-21 19:18:30", "sys_domain": {"link": "https://eitpro.aesd-w.army.mil/api/now/table/sys_user_group/global", "value": "global"}, "install_date": "", "monitoring_requirements": "", "asset_tag": "", "user_group": "", "fqdn": "", "spm_service_portfolio": "", "change_control": {"link": "https://eitpro.aesd-w.army.mil/api/now/table/sys_user_group/1920f3edccdf3010ed4212422ae5bad8", "value": "1920f3edccdf3010ed4212422ae5bad8"}, "unit_description": "", "business_relation_manager": "", "last_review_date": "", "business_contact": "", "compatibility_dependencies": "", "delivery_date": "", "install_status": "1", "supported_by": "", "name": "NaaS", "subcategory": "Service", "price_model": "per_unit", "assignment_group": "", "managed_by_group": "", "prerequisites": "", "sys_id": "46a06312fc75601043da690f35cc7194", "po_number": "", "checked_in": "", "sys_class_path": "/!!/#C", "mac_address": "", "company": {"link": "https://eitpro.aesd-w.army.mil/api/now/table/core_company/1d9271b1a4b520109c5595c47d8a7429", "value": "1d9271b1a4b520109c5595c47d8a7429"}, "justification": "", "department": "", "checkout": "", "comments": "", "cost": "", "attestation_status": "Not Yet Reviewed", "cmdb_ot_entity": "", "u_exclude_sd_sla": "false", "sys_mod_count": "1", "monitor": "false", "ip_address": "", "model_id": {"link": "https://eitpro.aesd-w.army.mil/api/now/table/cmdb_model/e8aaeb3f3763100044e0bfc8bcbe5d20", "value": "e8aaeb3f3763100044e0bfc8bcbe5d20"}, "u_os_ios_fw_version": "", "duplicate_of": "", "sys_tags": "", "cost_cc": "USD", "order_date": "", "schedule": "", "environment": "", "due": "", "attested": "false", "location": "", "category": "Business Service", "fault_count": "0", "lease_id": "", "service_classification": "Business Service"}, {"attested_date": "", "parent": "", "operational_status": "1", "consumer_type": "internal", "sys_updated_on": "2021-10-19 22:22:07", "total_vulnerable_items": "", "number": "BSN0001008", "published_ref": "", "discovery_source": "", "first_discovered": "", "due_in": "", "used_for": "Production", "state": "", "gl_account": "", "invoice_number": "", "sys_created_by": "Darrell.Fry.ctr@us.af.mil", "warranty_expiration": "", "vulnerability_risk_score": "", "sla": "", "owned_by": "", "checked_out": "", "sys_domain_path": "/", "business_unit": "", "version": "", "maintenance_schedule": "", "cost_center": "", "attested_by": "", "dns_domain": "", "service_status": "requirements", "assigned": "", "life_cycle_stage": "", "portfolio_status": "pipeline", "purchase_date": "", "business_need": "", "delivery_manager": "", "end_date": "", "short_description": "", "busines_criticality": "2 - somewhat critical", "managed_by": "", "stakeholders": "", "can_print": "false", "last_discovered": "", "service_owner_delegate": "", "sys_class_name": "cmdb_ci_service", "manufacturer": "", "life_cycle_stage_status": "", "vendor": "", "model_number": "", "assigned_to": "", "start_date": "", "u_exclude_from_incident": "false", "serial_number": "", "spm_taxonomy_node": "", "price_unit": "", "support_group": "", "correlation_id": "", "unverified": "false", "attributes": "", "asset": "", "skip_sync": "false", "aliases": "", "attestation_score": "", "service_level_requirement": "", "sys_updated_by": "darrell.fry@armyeitaas.onmicrosoft.us", "sys_created_on": "2021-06-23 15:31:10", "sys_domain": {"link": "https://eitpro.aesd-w.army.mil/api/now/table/sys_user_group/global", "value": "global"}, "install_date": "", "monitoring_requirements": "", "asset_tag": "", "user_group": "", "fqdn": "", "spm_service_portfolio": "", "change_control": {"link": "https://eitpro.aesd-w.army.mil/api/now/table/sys_user_group/78703bedccdf3010ed4212422ae5ba82", "value": "78703bedccdf3010ed4212422ae5ba82"}, "unit_description": "", "business_relation_manager": "", "last_review_date": "", "business_contact": "", "compatibility_dependencies": "", "delivery_date": "", "install_status": "1", "supported_by": "", "name": "Cyber Security", "subcategory": "Service", "price_model": "per_unit", "assignment_group": "", "managed_by_group": "", "prerequisites": "", "sys_id": "63d72a6370783010fae1427ffd2be279", "po_number": "", "checked_in": "", "sys_class_path": "/!!/#C", "mac_address": "", "company": {"link": "https://eitpro.aesd-w.army.mil/api/now/table/core_company/1d9271b1a4b520109c5595c47d8a7429", "value": "1d9271b1a4b520109c5595c47d8a7429"}, "justification": "", "department": "", "checkout": "", "comments": "", "cost": "", "attestation_status": "Not Yet Reviewed", "cmdb_ot_entity": "", "u_exclude_sd_sla": "false", "sys_mod_count": "1", "monitor": "false", "ip_address": "", "model_id": {"link": "https://eitpro.aesd-w.army.mil/api/now/table/cmdb_model/e8aaeb3f3763100044e0bfc8bcbe5d20", "value": "e8aaeb3f3763100044e0bfc8bcbe5d20"}, "u_os_ios_fw_version": "", "duplicate_of": "", "sys_tags": "", "cost_cc": "USD", "order_date": "", "schedule": "", "environment": "", "due": "", "attested": "false", "location": "", "category": "Business Service", "fault_count": "0", "lease_id": "", "service_classification": "Business Service"}, {"attested_date": "", "parent": "", "operational_status": "2", "consumer_type": "", "sys_updated_on": "2020-12-07 21:15:37", "total_vulnerable_items": "", "number": "SNSVC0001001", "published_ref": "", "discovery_source": "", "first_discovered": "", "due_in": "", "used_for": "Production", "state": "", "gl_account": "", "invoice_number": "", "sys_created_by": "admin", "warranty_expiration": "", "vulnerability_risk_score": "", "sla": "", "owned_by": "", "checked_out": "", "sys_domain_path": "/", "business_unit": "", "version": "", "maintenance_schedule": "", "cost_center": "", "attested_by": "", "dns_domain": "", "service_status": "", "assigned": "", "life_cycle_stage": "", "portfolio_status": "", "purchase_date": "", "business_need": "", "delivery_manager": "", "end_date": "", "short_description": "", "busines_criticality": "4 - not critical", "managed_by": "", "stakeholders": "", "can_print": "false", "last_discovered": "", "service_owner_delegate": "", "sys_class_name": "cmdb_ci_service_discovered", "manufacturer": "", "life_cycle_stage_status": "", "vendor": "", "model_number": "", "assigned_to": "", "start_date": "", "u_exclude_from_incident": "false", "serial_number": "", "spm_taxonomy_node": "", "price_unit": "", "support_group": "", "correlation_id": "", "unverified": "false", "attributes": "", "asset": "", "skip_sync": "false", "aliases": "", "attestation_score": "", "service_level_requirement": "", "sys_updated_by": "admin", "sys_created_on": "2020-12-07 18:22:19", "sys_domain": {"link": "https://eitpro.aesd-w.army.mil/api/now/table/sys_user_group/global", "value": "global"}, "install_date": "", "monitoring_requirements": "", "asset_tag": "", "user_group": "", "fqdn": "", "spm_service_portfolio": "", "change_control": "", "unit_description": "", "business_relation_manager": "", "last_review_date": "", "business_contact": "", "compatibility_dependencies": "", "delivery_date": "", "install_status": "1", "supported_by": "", "name": "ServiceNow Event Management", "subcategory": "", "price_model": "per_unit", "assignment_group": "", "managed_by_group": "", "prerequisites": "", "sys_id": "4844a77fd438a01043da7343ebafc79f", "po_number": "", "checked_in": "", "sys_class_path": "/!!/#C/!!/!#", "mac_address": "", "company": "", "justification": "", "department": "", "checkout": "", "comments": "", "cost": "", "attestation_status": "Not Yet Reviewed", "cmdb_ot_entity": "", "u_exclude_sd_sla": "false", "sys_mod_count": "2", "monitor": "false", "ip_address": "", "model_id": {"link": "https://eitpro.aesd-w.army.mil/api/now/table/cmdb_model/1444a77fd438a01043da7343ebafc7bd", "value": "1444a77fd438a01043da7343ebafc7bd"}, "u_os_ios_fw_version": "", "duplicate_of": "", "sys_tags": "", "cost_cc": "USD", "order_date": "", "schedule": "", "environment": "", "due": "", "attested": "false", "location": "", "category": "", "fault_count": "0", "lease_id": "", "service_classification": "Application Service"}, {"attested_date": "", "parent": "", "operational_status": "", "consumer_type": "", "sys_updated_on": "2014-11-09 14:51:24", "total_vulnerable_items": "", "number": "", "published_ref": "", "discovery_source": "", "first_discovered": "", "due_in": "", "used_for": "", "state": "", "gl_account": "", "invoice_number": "", "sys_created_by": "admin", "warranty_expiration": "", "vulnerability_risk_score": "", "sla": "", "owned_by": "", "checked_out": "", "sys_domain_path": "/", "business_unit": "", "version": "", "maintenance_schedule": "", "cost_center": "", "attested_by": "", "dns_domain": "", "service_status": "", "assigned": "", "life_cycle_stage": "", "portfolio_status": "", "purchase_date": "", "business_need": "", "delivery_manager": "", "end_date": "", "short_description": "", "busines_criticality": "", "managed_by": "", "stakeholders": "", "can_print": "false", "last_discovered": "", "service_owner_delegate": "", "sys_class_name": "cmdb_ci_service_group", "manufacturer": "", "life_cycle_stage_status": "", "vendor": "", "model_number": "", "assigned_to": "", "start_date": "", "u_exclude_from_incident": "false", "serial_number": "", "spm_taxonomy_node": "", "price_unit": "", "support_group": "", "correlation_id": "", "unverified": "false", "attributes": "", "asset": "", "skip_sync": "false", "aliases": "", "attestation_score": "", "service_level_requirement": "", "sys_updated_by": "admin", "sys_created_on": "2014-11-09 14:51:24", "sys_domain": {"link": "https://eitpro.aesd-w.army.mil/api/now/table/sys_user_group/global", "value": "global"}, "install_date": "", "monitoring_requirements": "", "asset_tag": "", "user_group": "", "fqdn": "", "spm_service_portfolio": "", "change_control": "", "unit_description": "", "business_relation_manager": "", "last_review_date": "", "business_contact": "", "compatibility_dependencies": "", "delivery_date": "", "install_status": "", "supported_by": "", "name": "All", "subcategory": "", "price_model": "per_unit", "assignment_group": "", "managed_by_group": "", "prerequisites": "", "sys_id": "0e7a06157f10310016181ccebefa91ce", "po_number": "", "checked_in": "", "sys_class_path": "/!!/#C/!$", "mac_address": "", "company": "", "justification": "", "department": "", "checkout": "", "comments": "", "cost": "", "attestation_status": "Not Yet Reviewed", "cmdb_ot_entity": "", "u_exclude_sd_sla": "false", "sys_mod_count": "0", "monitor": "false", "ip_address": "", "model_id": "", "u_os_ios_fw_version": "", "duplicate_of": "", "sys_tags": "", "cost_cc": "", "order_date": "", "schedule": "", "environment": "", "due": "", "attested": "false", "location": "", "category": "", "fault_count": "", "lease_id": "", "service_classification": ""}, {"attested_date": "", "parent": {"link": "https://eitpro.aesd-w.army.mil/api/now/table/cmdb_ci_service/3a527971a4b520109c5595c47d8a74f5", "value": "3a527971a4b520109c5595c47d8a74f5"}, "operational_status": "1", "consumer_type": "internal", "sys_updated_on": "2023-12-12 14:48:22", "total_vulnerable_items": "", "number": "BSN0001022", "published_ref": "", "discovery_source": "", "first_discovered": "", "due_in": "", "used_for": "Production", "state": "", "gl_account": "", "invoice_number": "", "sys_created_by": "darrell.fry@armyeitaas.onmicrosoft.us", "warranty_expiration": "", "vulnerability_risk_score": "", "sla": "", "owned_by": "", "checked_out": "", "sys_domain_path": "/", "business_unit": "", "version": "", "maintenance_schedule": "", "cost_center": "", "attested_by": "", "dns_domain": "", "service_status": "requirements", "assigned": "", "life_cycle_stage": "", "portfolio_status": "pipeline", "purchase_date": "", "business_need": "", "delivery_manager": "", "end_date": "", "short_description": "", "busines_criticality": "2 - somewhat critical", "managed_by": "", "stakeholders": "", "can_print": "false", "last_discovered": "", "service_owner_delegate": "", "sys_class_name": "service_offering", "manufacturer": "", "life_cycle_stage_status": "", "vendor": "", "model_number": "", "assigned_to": "", "start_date": "", "u_exclude_from_incident": "false", "serial_number": "", "spm_taxonomy_node": "", "price_unit": "", "support_group": "", "correlation_id": "", "unverified": "false", "attributes": "", "asset": "", "skip_sync": "false", "aliases": "", "attestation_score": "", "service_level_requirement": "", "sys_updated_by": "darrell.fry@armyeitaas.onmicrosoft.us", "sys_created_on": "2023-12-12 14:48:22", "sys_domain": {"link": "https://eitpro.aesd-w.army.mil/api/now/table/sys_user_group/global", "value": "global"}, "install_date": "", "monitoring_requirements": "", "asset_tag": "", "user_group": "", "fqdn": "", "spm_service_portfolio": "", "change_control": "", "unit_description": "", "business_relation_manager": "", "last_review_date": "", "business_contact": "", "compatibility_dependencies": "", "delivery_date": "", "install_status": "1", "supported_by": "", "name": "Portal", "subcategory": "", "price_model": "per_unit", "assignment_group": "", "managed_by_group": "", "prerequisites": "", "sys_id": "0b18a739c10bb55016ea0604187fb7b6", "po_number": "", "checked_in": "", "sys_class_path": "/!!/#C/!(", "mac_address": "", "company": "", "justification": "", "department": "", "checkout": "", "comments": "", "cost": "", "attestation_status": "Not Yet Reviewed", "cmdb_ot_entity": "", "u_exclude_sd_sla": "false", "sys_mod_count": "0", "monitor": "false", "ip_address": "", "model_id": "", "u_os_ios_fw_version": "", "duplicate_of": "", "sys_tags": "", "cost_cc": "USD", "order_date": "", "schedule": "", "environment": "", "due": "", "attested": "false", "location": "", "category": "", "fault_count": "0", "lease_id": "", "service_classification": "Business Service"}, {"attested_date": "", "parent": {"link": "https://eitpro.aesd-w.army.mil/api/now/table/cmdb_ci_service/63d72a6370783010fae1427ffd2be279", "value": "63d72a6370783010fae1427ffd2be279"}, "operational_status": "1", "consumer_type": "internal", "sys_updated_on": "2023-12-12 14:50:03", "total_vulnerable_items": "", "number": "BSN0001025", "published_ref": "", "discovery_source": "", "first_discovered": "", "due_in": "", "used_for": "Production", "state": "", "gl_account": "", "invoice_number": "", "sys_created_by": "darrell.fry@armyeitaas.onmicrosoft.us", "warranty_expiration": "", "vulnerability_risk_score": "", "sla": "", "owned_by": "", "checked_out": "", "sys_domain_path": "/", "business_unit": "", "version": "", "maintenance_schedule": "", "cost_center": "", "attested_by": "", "dns_domain": "", "service_status": "requirements", "assigned": "", "life_cycle_stage": "", "portfolio_status": "pipeline", "purchase_date": "", "business_need": "", "delivery_manager": "", "end_date": "", "short_description": "", "busines_criticality": "2 - somewhat critical", "managed_by": "", "stakeholders": "", "can_print": "false", "last_discovered": "", "service_owner_delegate": "", "sys_class_name": "service_offering", "manufacturer": "", "life_cycle_stage_status": "", "vendor": "", "model_number": "", "assigned_to": "", "start_date": "", "u_exclude_from_incident": "false", "serial_number": "", "spm_taxonomy_node": "", "price_unit": "", "support_group": "", "correlation_id": "", "unverified": "false", "attributes": "", "asset": "", "skip_sync": "false", "aliases": "", "attestation_score": "", "service_level_requirement": "", "sys_updated_by": "darrell.fry@armyeitaas.onmicrosoft.us", "sys_created_on": "2023-12-12 14:50:03", "sys_domain": {"link": "https://eitpro.aesd-w.army.mil/api/now/table/sys_user_group/global", "value": "global"}, "install_date": "", "monitoring_requirements": "", "asset_tag": "", "user_group": "", "fqdn": "", "spm_service_portfolio": "", "change_control": "", "unit_description": "", "business_relation_manager": "", "last_review_date": "", "business_contact": "", "compatibility_dependencies": "", "delivery_date": "", "install_status": "1", "supported_by": "", "name": "Cyber", "subcategory": "", "price_model": "per_unit", "assignment_group": "", "managed_by_group": "", "prerequisites": "", "sys_id": "2678e739c10bb55016ea0604187fb7ef", "po_number": "", "checked_in": "", "sys_class_path": "/!!/#C/!(", "mac_address": "", "company": "", "justification": "", "department": "", "checkout": "", "comments": "", "cost": "", "attestation_status": "Not Yet Reviewed", "cmdb_ot_entity": "", "u_exclude_sd_sla": "false", "sys_mod_count": "0", "monitor": "false", "ip_address": "", "model_id": "", "u_os_ios_fw_version": "", "duplicate_of": "", "sys_tags": "", "cost_cc": "USD", "order_date": "", "schedule": "", "environment": "", "due": "", "attested": "false", "location": "", "category": "", "fault_count": "0", "lease_id": "", "service_classification": "Business Service"}, {"attested_date": "", "parent": {"link": "https://eitpro.aesd-w.army.mil/api/now/table/cmdb_ci_service/01b06312fc75601043da690f35cc7187", "value": "01b06312fc75601043da690f35cc7187"}, "operational_status": "1", "consumer_type": "", "sys_updated_on": "2023-12-12 14:49:18", "total_vulnerable_items": "", "number": "BSN0001023", "published_ref": "", "discovery_source": "", "first_discovered": "", "due_in": "", "used_for": "Production", "state": "", "gl_account": "", "invoice_number": "", "sys_created_by": "darrell.fry@armyeitaas.onmicrosoft.us", "warranty_expiration": "", "vulnerability_risk_score": "", "sla": "", "owned_by": "", "checked_out": "", "sys_domain_path": "/", "business_unit": "", "version": "", "maintenance_schedule": "", "cost_center": "", "attested_by": "", "dns_domain": "", "service_status": "requirements", "assigned": "", "life_cycle_stage": "", "portfolio_status": "pipeline", "purchase_date": "", "business_need": "", "delivery_manager": "", "end_date": "", "short_description": "", "busines_criticality": "2 - somewhat critical", "managed_by": "", "stakeholders": "", "can_print": "false", "last_discovered": "", "service_owner_delegate": "", "sys_class_name": "service_offering", "manufacturer": "", "life_cycle_stage_status": "", "vendor": "", "model_number": "", "assigned_to": "", "start_date": "", "u_exclude_from_incident": "false", "serial_number": "", "spm_taxonomy_node": "", "price_unit": "", "support_group": "", "correlation_id": "", "unverified": "false", "attributes": "", "asset": "", "skip_sync": "false", "aliases": "", "attestation_score": "", "service_level_requirement": "", "sys_updated_by": "darrell.fry@armyeitaas.onmicrosoft.us", "sys_created_on": "2023-12-12 14:49:18", "sys_domain": {"link": "https://eitpro.aesd-w.army.mil/api/now/table/sys_user_group/global", "value": "global"}, "install_date": "", "monitoring_requirements": "", "asset_tag": "", "user_group": "", "fqdn": "", "spm_service_portfolio": "", "change_control": "", "unit_description": "", "business_relation_manager": "", "last_review_date": "", "business_contact": "", "compatibility_dependencies": "", "delivery_date": "", "install_status": "1", "supported_by": "", "name": "Azure Infrastructure", "subcategory": "", "price_model": "per_unit", "assignment_group": "", "managed_by_group": "", "prerequisites": "", "sys_id": "27386ff5c10bb55016ea0604187fb7e3", "po_number": "", "checked_in": "", "sys_class_path": "/!!/#C/!(", "mac_address": "", "company": "", "justification": "", "department": "", "checkout": "", "comments": "", "cost": "", "attestation_status": "Not Yet Reviewed", "cmdb_ot_entity": "", "u_exclude_sd_sla": "false", "sys_mod_count": "0", "monitor": "false", "ip_address": "", "model_id": "", "u_os_ios_fw_version": "", "duplicate_of": "", "sys_tags": "", "cost_cc": "USD", "order_date": "", "schedule": "", "environment": "", "due": "", "attested": "false", "location": "", "category": "", "fault_count": "0", "lease_id": "", "service_classification": "Business Service"}, {"attested_date": "", "parent": {"link": "https://eitpro.aesd-w.army.mil/api/now/table/cmdb_ci_service/3a527971a4b520109c5595c47d8a74f5", "value": "3a527971a4b520109c5595c47d8a74f5"}, "operational_status": "1", "consumer_type": "", "sys_updated_on": "2023-12-13 14:36:14", "total_vulnerable_items": "", "number": "BSN0001013", "published_ref": "", "discovery_source": "", "first_discovered": "", "due_in": "", "used_for": "Production", "state": "", "gl_account": "", "invoice_number": "", "sys_created_by": "darrell.fry@armyeitaas.onmicrosoft.us", "warranty_expiration": "", "vulnerability_risk_score": "", "sla": "", "owned_by": "", "checked_out": "", "sys_domain_path": "/", "business_unit": "", "version": "", "maintenance_schedule": "", "cost_center": "", "attested_by": "", "dns_domain": "", "service_status": "requirements", "assigned": "", "life_cycle_stage": "", "portfolio_status": "pipeline", "purchase_date": "", "business_need": "", "delivery_manager": "", "end_date": "", "short_description": "", "busines_criticality": "2 - somewhat critical", "managed_by": "", "stakeholders": "", "can_print": "false", "last_discovered": "", "service_owner_delegate": "", "sys_class_name": "service_offering", "manufacturer": "", "life_cycle_stage_status": "", "vendor": "", "model_number": "", "assigned_to": "", "start_date": "", "u_exclude_from_incident": "false", "serial_number": "", "spm_taxonomy_node": "", "price_unit": "", "support_group": "", "correlation_id": "", "unverified": "false", "attributes": "", "asset": "", "skip_sync": "false", "aliases": "", "attestation_score": "", "service_level_requirement": "", "sys_updated_by": "darrell.fry@armyeitaas.onmicrosoft.us", "sys_created_on": "2023-12-12 14:46:44", "sys_domain": {"link": "https://eitpro.aesd-w.army.mil/api/now/table/sys_user_group/global", "value": "global"}, "install_date": "", "monitoring_requirements": "", "asset_tag": "", "user_group": "", "fqdn": "", "spm_service_portfolio": "", "change_control": {"link": "https://eitpro.aesd-w.army.mil/api/now/table/sys_user_group/d72ea892558b719029751940d45d8ae4", "value": "d72ea892558b719029751940d45d8ae4"}, "unit_description": "", "business_relation_manager": "", "last_review_date": "", "business_contact": "", "compatibility_dependencies": "", "delivery_date": "", "install_status": "1", "supported_by": "", "name": "Desktop", "subcategory": "", "price_model": "per_unit", "assignment_group": {"link": "https://eitpro.aesd-w.army.mil/api/now/table/sys_user_group/d72ea892558b719029751940d45d8ae4", "value": "d72ea892558b719029751940d45d8ae4"}, "managed_by_group": "", "prerequisites": "", "sys_id": "6db7e7f5c10bb55016ea0604187fb7f5", "po_number": "", "checked_in": "", "sys_class_path": "/!!/#C/!(", "mac_address": "", "company": "", "justification": "", "department": "", "checkout": "", "comments": "", "cost": "", "attestation_status": "Not Yet Reviewed", "cmdb_ot_entity": "", "u_exclude_sd_sla": "false", "sys_mod_count": "1", "monitor": "false", "ip_address": "", "model_id": "", "u_os_ios_fw_version": "", "duplicate_of": "", "sys_tags": "", "cost_cc": "USD", "order_date": "", "schedule": "", "environment": "", "due": "", "attested": "false", "location": "", "category": "", "fault_count": "0", "lease_id": "", "service_classification": "Business Service"}, {"attested_date": "", "parent": {"link": "https://eitpro.aesd-w.army.mil/api/now/table/cmdb_ci_service/3a527971a4b520109c5595c47d8a74f5", "value": "3a527971a4b520109c5595c47d8a74f5"}, "operational_status": "1", "consumer_type": "internal", "sys_updated_on": "2023-12-12 14:48:01", "total_vulnerable_items": "", "number": "BSN0001019", "published_ref": "", "discovery_source": "", "first_discovered": "", "due_in": "", "used_for": "Production", "state": "", "gl_account": "", "invoice_number": "", "sys_created_by": "darrell.fry@armyeitaas.onmicrosoft.us", "warranty_expiration": "", "vulnerability_risk_score": "", "sla": "", "owned_by": "", "checked_out": "", "sys_domain_path": "/", "business_unit": "", "version": "", "maintenance_schedule": "", "cost_center": "", "attested_by": "", "dns_domain": "", "service_status": "requirements", "assigned": "", "life_cycle_stage": "", "portfolio_status": "pipeline", "purchase_date": "", "business_need": "", "delivery_manager": "", "end_date": "", "short_description": "", "busines_criticality": "2 - somewhat critical", "managed_by": "", "stakeholders": "", "can_print": "false", "last_discovered": "", "service_owner_delegate": "", "sys_class_name": "service_offering", "manufacturer": "", "life_cycle_stage_status": "", "vendor": "", "model_number": "", "assigned_to": "", "start_date": "", "u_exclude_from_incident": "false", "serial_number": "", "spm_taxonomy_node": "", "price_unit": "", "support_group": "", "correlation_id": "", "unverified": "false", "attributes": "", "asset": "", "skip_sync": "false", "aliases": "", "attestation_score": "", "service_level_requirement": "", "sys_updated_by": "darrell.fry@armyeitaas.onmicrosoft.us", "sys_created_on": "2023-12-12 14:48:01", "sys_domain": {"link": "https://eitpro.aesd-w.army.mil/api/now/table/sys_user_group/global", "value": "global"}, "install_date": "", "monitoring_requirements": "", "asset_tag": "", "user_group": "", "fqdn": "", "spm_service_portfolio": "", "change_control": "", "unit_description": "", "business_relation_manager": "", "last_review_date": "", "business_contact": "", "compatibility_dependencies": "", "delivery_date": "", "install_status": "1", "supported_by": "", "name": "Video Teleconferencing (VTC)", "subcategory": "", "price_model": "per_unit", "assignment_group": "", "managed_by_group": "", "prerequisites": "", "sys_id": "82082739c10bb55016ea0604187fb7de", "po_number": "", "checked_in": "", "sys_class_path": "/!!/#C/!(", "mac_address": "", "company": "", "justification": "", "department": "", "checkout": "", "comments": "", "cost": "", "attestation_status": "Not Yet Reviewed", "cmdb_ot_entity": "", "u_exclude_sd_sla": "false", "sys_mod_count": "0", "monitor": "false", "ip_address": "", "model_id": "", "u_os_ios_fw_version": "", "duplicate_of": "", "sys_tags": "", "cost_cc": "USD", "order_date": "", "schedule": "", "environment": "", "due": "", "attested": "false", "location": "", "category": "", "fault_count": "0", "lease_id": "", "service_classification": "Business Service"}, {"attested_date": "", "parent": {"link": "https://eitpro.aesd-w.army.mil/api/now/table/cmdb_ci_service/63d72a6370783010fae1427ffd2be279", "value": "63d72a6370783010fae1427ffd2be279"}, "operational_status": "1", "consumer_type": "internal", "sys_updated_on": "2023-12-12 14:50:12", "total_vulnerable_items": "", "number": "BSN0001026", "published_ref": "", "discovery_source": "", "first_discovered": "", "due_in": "", "used_for": "Production", "state": "", "gl_account": "", "invoice_number": "", "sys_created_by": "darrell.fry@armyeitaas.onmicrosoft.us", "warranty_expiration": "", "vulnerability_risk_score": "", "sla": "", "owned_by": "", "checked_out": "", "sys_domain_path": "/", "business_unit": "", "version": "", "maintenance_schedule": "", "cost_center": "", "attested_by": "", "dns_domain": "", "service_status": "requirements", "assigned": "", "life_cycle_stage": "", "portfolio_status": "pipeline", "purchase_date": "", "business_need": "", "delivery_manager": "", "end_date": "", "short_description": "", "busines_criticality": "2 - somewhat critical", "managed_by": "", "stakeholders": "", "can_print": "false", "last_discovered": "", "service_owner_delegate": "", "sys_class_name": "service_offering", "manufacturer": "", "life_cycle_stage_status": "", "vendor": "", "model_number": "", "assigned_to": "", "start_date": "", "u_exclude_from_incident": "false", "serial_number": "", "spm_taxonomy_node": "", "price_unit": "", "support_group": "", "correlation_id": "", "unverified": "false", "attributes": "", "asset": "", "skip_sync": "false", "aliases": "", "attestation_score": "", "service_level_requirement": "", "sys_updated_by": "darrell.fry@armyeitaas.onmicrosoft.us", "sys_created_on": "2023-12-12 14:50:12", "sys_domain": {"link": "https://eitpro.aesd-w.army.mil/api/now/table/sys_user_group/global", "value": "global"}, "install_date": "", "monitoring_requirements": "", "asset_tag": "", "user_group": "", "fqdn": "", "spm_service_portfolio": "", "change_control": "", "unit_description": "", "business_relation_manager": "", "last_review_date": "", "business_contact": "", "compatibility_dependencies": "", "delivery_date": "", "install_status": "1", "supported_by": "", "name": "Vulnerability", "subcategory": "", "price_model": "per_unit", "assignment_group": "", "managed_by_group": "", "prerequisites": "", "sys_id": "8a88ab39c10bb55016ea0604187fb776", "po_number": "", "checked_in": "", "sys_class_path": "/!!/#C/!(", "mac_address": "", "company": "", "justification": "", "department": "", "checkout": "", "comments": "", "cost": "", "attestation_status": "Not Yet Reviewed", "cmdb_ot_entity": "", "u_exclude_sd_sla": "false", "sys_mod_count": "0", "monitor": "false", "ip_address": "", "model_id": "", "u_os_ios_fw_version": "", "duplicate_of": "", "sys_tags": "", "cost_cc": "USD", "order_date": "", "schedule": "", "environment": "", "due": "", "attested": "false", "location": "", "category": "", "fault_count": "0", "lease_id": "", "service_classification": "Business Service"}, {"attested_date": "", "parent": {"link": "https://eitpro.aesd-w.army.mil/api/now/table/cmdb_ci_service/3a527971a4b520109c5595c47d8a74f5", "value": "3a527971a4b520109c5595c47d8a74f5"}, "operational_status": "1", "consumer_type": "internal", "sys_updated_on": "2023-12-13 14:38:01", "total_vulnerable_items": "", "number": "BSN0001020", "published_ref": "", "discovery_source": "", "first_discovered": "", "due_in": "", "used_for": "Production", "state": "", "gl_account": "", "invoice_number": "", "sys_created_by": "darrell.fry@armyeitaas.onmicrosoft.us", "warranty_expiration": "", "vulnerability_risk_score": "", "sla": "", "owned_by": "", "checked_out": "", "sys_domain_path": "/", "business_unit": "", "version": "", "maintenance_schedule": "", "cost_center": "", "attested_by": "", "dns_domain": "", "service_status": "requirements", "assigned": "", "life_cycle_stage": "", "portfolio_status": "pipeline", "purchase_date": "", "business_need": "", "delivery_manager": "", "end_date": "", "short_description": "", "busines_criticality": "2 - somewhat critical", "managed_by": "", "stakeholders": "", "can_print": "false", "last_discovered": "", "service_owner_delegate": "", "sys_class_name": "service_offering", "manufacturer": "", "life_cycle_stage_status": "", "vendor": "", "model_number": "", "assigned_to": "", "start_date": "", "u_exclude_from_incident": "false", "serial_number": "", "spm_taxonomy_node": "", "price_unit": "", "support_group": "", "correlation_id": "", "unverified": "false", "attributes": "", "asset": "", "skip_sync": "false", "aliases": "", "attestation_score": "", "service_level_requirement": "", "sys_updated_by": "darrell.fry@armyeitaas.onmicrosoft.us", "sys_created_on": "2023-12-12 14:48:10", "sys_domain": {"link": "https://eitpro.aesd-w.army.mil/api/now/table/sys_user_group/global", "value": "global"}, "install_date": "", "monitoring_requirements": "", "asset_tag": "", "user_group": "", "fqdn": "", "spm_service_portfolio": "", "change_control": {"link": "https://eitpro.aesd-w.army.mil/api/now/table/sys_user_group/0160ddbc7d7bb410ed421f0b66b0cda2", "value": "0160ddbc7d7bb410ed421f0b66b0cda2"}, "unit_description": "", "business_relation_manager": "", "last_review_date": "", "business_contact": "", "compatibility_dependencies": "", "delivery_date": "", "install_status": "1", "supported_by": "", "name": "Printing", "subcategory": "", "price_model": "per_unit", "assignment_group": {"link": "https://eitpro.aesd-w.army.mil/api/now/table/sys_user_group/0160ddbc7d7bb410ed421f0b66b0cda2", "value": "0160ddbc7d7bb410ed421f0b66b0cda2"}, "managed_by_group": "", "prerequisites": "", "sys_id": "8c18a339c10bb55016ea0604187fb79b", "po_number": "", "checked_in": "", "sys_class_path": "/!!/#C/!(", "mac_address": "", "company": "", "justification": "", "department": "", "checkout": "", "comments": "", "cost": "", "attestation_status": "Not Yet Reviewed", "cmdb_ot_entity": "", "u_exclude_sd_sla": "false", "sys_mod_count": "1", "monitor": "false", "ip_address": "", "model_id": "", "u_os_ios_fw_version": "", "duplicate_of": "", "sys_tags": "", "cost_cc": "USD", "order_date": "", "schedule": "", "environment": "", "due": "", "attested": "false", "location": "", "category": "", "fault_count": "0", "lease_id": "", "service_classification": "Business Service"}, {"attested_date": "", "parent": {"link": "https://eitpro.aesd-w.army.mil/api/now/table/cmdb_ci_service/01b06312fc75601043da690f35cc7187", "value": "01b06312fc75601043da690f35cc7187"}, "operational_status": "1", "consumer_type": "internal", "sys_updated_on": "2023-12-12 14:49:28", "total_vulnerable_items": "", "number": "BSN0001024", "published_ref": "", "discovery_source": "", "first_discovered": "", "due_in": "", "used_for": "Production", "state": "", "gl_account": "", "invoice_number": "", "sys_created_by": "darrell.fry@armyeitaas.onmicrosoft.us", "warranty_expiration": "", "vulnerability_risk_score": "", "sla": "", "owned_by": "", "checked_out": "", "sys_domain_path": "/", "business_unit": "", "version": "", "maintenance_schedule": "", "cost_center": "", "attested_by": "", "dns_domain": "", "service_status": "requirements", "assigned": "", "life_cycle_stage": "", "portfolio_status": "pipeline", "purchase_date": "", "business_need": "", "delivery_manager": "", "end_date": "", "short_description": "", "busines_criticality": "2 - somewhat critical", "managed_by": "", "stakeholders": "", "can_print": "false", "last_discovered": "", "service_owner_delegate": "", "sys_class_name": "service_offering", "manufacturer": "", "life_cycle_stage_status": "", "vendor": "", "model_number": "", "assigned_to": "", "start_date": "", "u_exclude_from_incident": "false", "serial_number": "", "spm_taxonomy_node": "", "price_unit": "", "support_group": "", "correlation_id": "", "unverified": "false", "attributes": "", "asset": "", "skip_sync": "false", "aliases": "", "attestation_score": "", "service_level_requirement": "", "sys_updated_by": "darrell.fry@armyeitaas.onmicrosoft.us", "sys_created_on": "2023-12-12 14:49:28", "sys_domain": {"link": "https://eitpro.aesd-w.army.mil/api/now/table/sys_user_group/global", "value": "global"}, "install_date": "", "monitoring_requirements": "", "asset_tag": "", "user_group": "", "fqdn": "", "spm_service_portfolio": "", "change_control": "", "unit_description": "", "business_relation_manager": "", "last_review_date": "", "business_contact": "", "compatibility_dependencies": "", "delivery_date": "", "install_status": "1", "supported_by": "", "name": "Data Analytics", "subcategory": "", "price_model": "per_unit", "assignment_group": "", "managed_by_group": "", "prerequisites": "", "sys_id": "9b586b39c10bb55016ea0604187fb73c", "po_number": "", "checked_in": "", "sys_class_path": "/!!/#C/!(", "mac_address": "", "company": "", "justification": "", "department": "", "checkout": "", "comments": "", "cost": "", "attestation_status": "Not Yet Reviewed", "cmdb_ot_entity": "", "u_exclude_sd_sla": "false", "sys_mod_count": "0", "monitor": "false", "ip_address": "", "model_id": "", "u_os_ios_fw_version": "", "duplicate_of": "", "sys_tags": "", "cost_cc": "USD", "order_date": "", "schedule": "", "environment": "", "due": "", "attested": "false", "location": "", "category": "", "fault_count": "0", "lease_id": "", "service_classification": "Business Service"}, {"attested_date": "", "parent": {"link": "https://eitpro.aesd-w.army.mil/api/now/table/cmdb_ci_service/46a06312fc75601043da690f35cc7194", "value": "46a06312fc75601043da690f35cc7194"}, "operational_status": "1", "consumer_type": "", "sys_updated_on": "2023-12-12 14:51:12", "total_vulnerable_items": "", "number": "BSN0001029", "published_ref": "", "discovery_source": "", "first_discovered": "", "due_in": "", "used_for": "Production", "state": "", "gl_account": "", "invoice_number": "", "sys_created_by": "darrell.fry@armyeitaas.onmicrosoft.us", "warranty_expiration": "", "vulnerability_risk_score": "", "sla": "", "owned_by": "", "checked_out": "", "sys_domain_path": "/", "business_unit": "", "version": "", "maintenance_schedule": "", "cost_center": "", "attested_by": "", "dns_domain": "", "service_status": "requirements", "assigned": "", "life_cycle_stage": "", "portfolio_status": "pipeline", "purchase_date": "", "business_need": "", "delivery_manager": "", "end_date": "", "short_description": "", "busines_criticality": "2 - somewhat critical", "managed_by": "", "stakeholders": "", "can_print": "false", "last_discovered": "", "service_owner_delegate": "", "sys_class_name": "service_offering", "manufacturer": "", "life_cycle_stage_status": "", "vendor": "", "model_number": "", "assigned_to": "", "start_date": "", "u_exclude_from_incident": "false", "serial_number": "", "spm_taxonomy_node": "", "price_unit": "", "support_group": "", "correlation_id": "", "unverified": "false", "attributes": "", "asset": "", "skip_sync": "false", "aliases": "", "attestation_score": "", "service_level_requirement": "", "sys_updated_by": "darrell.fry@armyeitaas.onmicrosoft.us", "sys_created_on": "2023-12-12 14:51:12", "sys_domain": {"link": "https://eitpro.aesd-w.army.mil/api/now/table/sys_user_group/global", "value": "global"}, "install_date": "", "monitoring_requirements": "", "asset_tag": "", "user_group": "", "fqdn": "", "spm_service_portfolio": "", "change_control": "", "unit_description": "", "business_relation_manager": "", "last_review_date": "", "business_contact": "", "compatibility_dependencies": "", "delivery_date": "", "install_status": "1", "supported_by": "", "name": "Network", "subcategory": "", "price_model": "per_unit", "assignment_group": "", "managed_by_group": "", "prerequisites": "", "sys_id": "9fb82f39c10bb55016ea0604187fb761", "po_number": "", "checked_in": "", "sys_class_path": "/!!/#C/!(", "mac_address": "", "company": "", "justification": "", "department": "", "checkout": "", "comments": "", "cost": "", "attestation_status": "Not Yet Reviewed", "cmdb_ot_entity": "", "u_exclude_sd_sla": "false", "sys_mod_count": "0", "monitor": "false", "ip_address": "", "model_id": "", "u_os_ios_fw_version": "", "duplicate_of": "", "sys_tags": "", "cost_cc": "USD", "order_date": "", "schedule": "", "environment": "", "due": "", "attested": "false", "location": "", "category": "", "fault_count": "0", "lease_id": "", "service_classification": "Business Service"}, {"attested_date": "", "parent": {"link": "https://eitpro.aesd-w.army.mil/api/now/table/cmdb_ci_service/3a527971a4b520109c5595c47d8a74f5", "value": "3a527971a4b520109c5595c47d8a74f5"}, "operational_status": "1", "consumer_type": "internal", "sys_updated_on": "2023-12-13 14:36:52", "total_vulnerable_items": "", "number": "BSN0001017", "published_ref": "", "discovery_source": "", "first_discovered": "", "due_in": "", "used_for": "Production", "state": "", "gl_account": "", "invoice_number": "", "sys_created_by": "darrell.fry@armyeitaas.onmicrosoft.us", "warranty_expiration": "", "vulnerability_risk_score": "", "sla": "", "owned_by": "", "checked_out": "", "sys_domain_path": "/", "business_unit": "", "version": "", "maintenance_schedule": "", "cost_center": "", "attested_by": "", "dns_domain": "", "service_status": "requirements", "assigned": "", "life_cycle_stage": "", "portfolio_status": "pipeline", "purchase_date": "", "business_need": "", "delivery_manager": "", "end_date": "", "short_description": "", "busines_criticality": "2 - somewhat critical", "managed_by": "", "stakeholders": "", "can_print": "false", "last_discovered": "", "service_owner_delegate": "", "sys_class_name": "service_offering", "manufacturer": "", "life_cycle_stage_status": "", "vendor": "", "model_number": "", "assigned_to": "", "start_date": "", "u_exclude_from_incident": "false", "serial_number": "", "spm_taxonomy_node": "", "price_unit": "", "support_group": "", "correlation_id": "", "unverified": "false", "attributes": "", "asset": "", "skip_sync": "false", "aliases": "", "attestation_score": "", "service_level_requirement": "", "sys_updated_by": "darrell.fry@armyeitaas.onmicrosoft.us", "sys_created_on": "2023-12-12 14:47:31", "sys_domain": {"link": "https://eitpro.aesd-w.army.mil/api/now/table/sys_user_group/global", "value": "global"}, "install_date": "", "monitoring_requirements": "", "asset_tag": "", "user_group": "", "fqdn": "", "spm_service_portfolio": "", "change_control": {"link": "https://eitpro.aesd-w.army.mil/api/now/table/sys_user_group/c49e24d2558b719029751940d45d8a2c", "value": "c49e24d2558b719029751940d45d8a2c"}, "unit_description": "", "business_relation_manager": "", "last_review_date": "", "business_contact": "", "compatibility_dependencies": "", "delivery_date": "", "install_status": "1", "supported_by": "", "name": "Mobility", "subcategory": "", "price_model": "per_unit", "assignment_group": {"link": "https://eitpro.aesd-w.army.mil/api/now/table/sys_user_group/c49e24d2558b719029751940d45d8a2c", "value": "c49e24d2558b719029751940d45d8a2c"}, "managed_by_group": "", "prerequisites": "", "sys_id": "a6e7a339c10bb55016ea0604187fb796", "po_number": "", "checked_in": "", "sys_class_path": "/!!/#C/!(", "mac_address": "", "company": "", "justification": "", "department": "", "checkout": "", "comments": "", "cost": "", "attestation_status": "Not Yet Reviewed", "cmdb_ot_entity": "", "u_exclude_sd_sla": "false", "sys_mod_count": "1", "monitor": "false", "ip_address": "", "model_id": "", "u_os_ios_fw_version": "", "duplicate_of": "", "sys_tags": "", "cost_cc": "USD", "order_date": "", "schedule": "", "environment": "", "due": "", "attested": "false", "location": "", "category": "", "fault_count": "0", "lease_id": "", "service_classification": "Business Service"}, {"attested_date": "", "parent": {"link": "https://eitpro.aesd-w.army.mil/api/now/table/cmdb_ci_service/3a527971a4b520109c5595c47d8a74f5", "value": "3a527971a4b520109c5595c47d8a74f5"}, "operational_status": "1", "consumer_type": "internal", "sys_updated_on": "2023-12-13 14:36:27", "total_vulnerable_items": "", "number": "BSN0001015", "published_ref": "", "discovery_source": "", "first_discovered": "", "due_in": "", "used_for": "Production", "state": "", "gl_account": "", "invoice_number": "", "sys_created_by": "darrell.fry@armyeitaas.onmicrosoft.us", "warranty_expiration": "", "vulnerability_risk_score": "", "sla": "", "owned_by": "", "checked_out": "", "sys_domain_path": "/", "business_unit": "", "version": "", "maintenance_schedule": "", "cost_center": "", "attested_by": "", "dns_domain": "", "service_status": "requirements", "assigned": "", "life_cycle_stage": "", "portfolio_status": "pipeline", "purchase_date": "", "business_need": "", "delivery_manager": "", "end_date": "", "short_description": "", "busines_criticality": "2 - somewhat critical", "managed_by": "", "stakeholders": "", "can_print": "false", "last_discovered": "", "service_owner_delegate": "", "sys_class_name": "service_offering", "manufacturer": "", "life_cycle_stage_status": "", "vendor": "", "model_number": "", "assigned_to": "", "start_date": "", "u_exclude_from_incident": "false", "serial_number": "", "spm_taxonomy_node": "", "price_unit": "", "support_group": "", "correlation_id": "", "unverified": "false", "attributes": "", "asset": "", "skip_sync": "false", "aliases": "", "attestation_score": "", "service_level_requirement": "", "sys_updated_by": "darrell.fry@armyeitaas.onmicrosoft.us", "sys_created_on": "2023-12-12 14:47:02", "sys_domain": {"link": "https://eitpro.aesd-w.army.mil/api/now/table/sys_user_group/global", "value": "global"}, "install_date": "", "monitoring_requirements": "", "asset_tag": "", "user_group": "", "fqdn": "", "spm_service_portfolio": "", "change_control": {"link": "https://eitpro.aesd-w.army.mil/api/now/table/sys_user_group/d72ea892558b719029751940d45d8ae4", "value": "d72ea892558b719029751940d45d8ae4"}, "unit_description": "", "business_relation_manager": "", "last_review_date": "", "business_contact": "", "compatibility_dependencies": "", "delivery_date": "", "install_status": "1", "supported_by": "", "name": "Software", "subcategory": "", "price_model": "per_unit", "assignment_group": {"link": "https://eitpro.aesd-w.army.mil/api/now/table/sys_user_group/d72ea892558b719029751940d45d8ae4", "value": "d72ea892558b719029751940d45d8ae4"}, "managed_by_group": "", "prerequisites": "", "sys_id": "a7c76339c10bb55016ea0604187fb70c", "po_number": "", "checked_in": "", "sys_class_path": "/!!/#C/!(", "mac_address": "", "company": "", "justification": "", "department": "", "checkout": "", "comments": "", "cost": "", "attestation_status": "Not Yet Reviewed", "cmdb_ot_entity": "", "u_exclude_sd_sla": "false", "sys_mod_count": "1", "monitor": "false", "ip_address": "", "model_id": "", "u_os_ios_fw_version": "", "duplicate_of": "", "sys_tags": "", "cost_cc": "USD", "order_date": "", "schedule": "", "environment": "", "due": "", "attested": "false", "location": "", "category": "", "fault_count": "0", "lease_id": "", "service_classification": "Business Service"}, {"attested_date": "", "parent": {"link": "https://eitpro.aesd-w.army.mil/api/now/table/cmdb_ci_service/31d4b6b5314b9d10fac429c027f1f577", "value": "31d4b6b5314b9d10fac429c027f1f577"}, "operational_status": "1", "consumer_type": "internal", "sys_updated_on": "2023-12-12 14:50:41", "total_vulnerable_items": "", "number": "BSN0001027", "published_ref": "", "discovery_source": "", "first_discovered": "", "due_in": "", "used_for": "Production", "state": "", "gl_account": "", "invoice_number": "", "sys_created_by": "darrell.fry@armyeitaas.onmicrosoft.us", "warranty_expiration": "", "vulnerability_risk_score": "", "sla": "", "owned_by": "", "checked_out": "", "sys_domain_path": "/", "business_unit": "", "version": "", "maintenance_schedule": "", "cost_center": "", "attested_by": "", "dns_domain": "", "service_status": "requirements", "assigned": "", "life_cycle_stage": "", "portfolio_status": "pipeline", "purchase_date": "", "business_need": "", "delivery_manager": "", "end_date": "", "short_description": "", "busines_criticality": "2 - somewhat critical", "managed_by": "", "stakeholders": "", "can_print": "false", "last_discovered": "", "service_owner_delegate": "", "sys_class_name": "service_offering", "manufacturer": "", "life_cycle_stage_status": "", "vendor": "", "model_number": "", "assigned_to": "", "start_date": "", "u_exclude_from_incident": "false", "serial_number": "", "spm_taxonomy_node": "", "price_unit": "", "support_group": "", "correlation_id": "", "unverified": "false", "attributes": "", "asset": "", "skip_sync": "false", "aliases": "", "attestation_score": "", "service_level_requirement": "", "sys_updated_by": "darrell.fry@armyeitaas.onmicrosoft.us", "sys_created_on": "2023-12-12 14:50:41", "sys_domain": {"link": "https://eitpro.aesd-w.army.mil/api/now/table/sys_user_group/global", "value": "global"}, "install_date": "", "monitoring_requirements": "", "asset_tag": "", "user_group": "", "fqdn": "", "spm_service_portfolio": "", "change_control": "", "unit_description": "", "business_relation_manager": "", "last_review_date": "", "business_contact": "", "compatibility_dependencies": "", "delivery_date": "", "install_status": "1", "supported_by": "", "name": "Identity", "subcategory": "", "price_model": "per_unit", "assignment_group": "", "managed_by_group": "", "prerequisites": "", "sys_id": "b298ef39c10bb55016ea0604187fb7e4", "po_number": "", "checked_in": "", "sys_class_path": "/!!/#C/!(", "mac_address": "", "company": "", "justification": "", "department": "", "checkout": "", "comments": "", "cost": "", "attestation_status": "Not Yet Reviewed", "cmdb_ot_entity": "", "u_exclude_sd_sla": "false", "sys_mod_count": "0", "monitor": "false", "ip_address": "", "model_id": "", "u_os_ios_fw_version": "", "duplicate_of": "", "sys_tags": "", "cost_cc": "USD", "order_date": "", "schedule": "", "environment": "", "due": "", "attested": "false", "location": "", "category": "", "fault_count": "0", "lease_id": "", "service_classification": "Business Service"}, {"attested_date": "", "parent": {"link": "https://eitpro.aesd-w.army.mil/api/now/table/cmdb_ci_service/3a527971a4b520109c5595c47d8a74f5", "value": "3a527971a4b520109c5595c47d8a74f5"}, "operational_status": "1", "consumer_type": "", "sys_updated_on": "2023-12-13 14:38:38", "total_vulnerable_items": "", "number": "BSN0001032", "published_ref": "", "discovery_source": "", "first_discovered": "", "due_in": "", "used_for": "Production", "state": "", "gl_account": "", "invoice_number": "", "sys_created_by": "darrell.fry@armyeitaas.onmicrosoft.us", "warranty_expiration": "", "vulnerability_risk_score": "", "sla": "", "owned_by": "", "checked_out": "", "sys_domain_path": "/", "business_unit": "", "version": "", "maintenance_schedule": "", "cost_center": "", "attested_by": "", "dns_domain": "", "service_status": "requirements", "assigned": "", "life_cycle_stage": "", "portfolio_status": "pipeline", "purchase_date": "", "business_need": "", "delivery_manager": "", "end_date": "", "short_description": "", "busines_criticality": "2 - somewhat critical", "managed_by": "", "stakeholders": "", "can_print": "false", "last_discovered": "", "service_owner_delegate": "", "sys_class_name": "service_offering", "manufacturer": "", "life_cycle_stage_status": "", "vendor": "", "model_number": "", "assigned_to": "", "start_date": "", "u_exclude_from_incident": "false", "serial_number": "", "spm_taxonomy_node": "", "price_unit": "", "support_group": "", "correlation_id": "", "unverified": "false", "attributes": "", "asset": "", "skip_sync": "false", "aliases": "", "attestation_score": "", "service_level_requirement": "", "sys_updated_by": "darrell.fry@armyeitaas.onmicrosoft.us", "sys_created_on": "2023-12-13 14:29:12", "sys_domain": {"link": "https://eitpro.aesd-w.army.mil/api/now/table/sys_user_group/global", "value": "global"}, "install_date": "", "monitoring_requirements": "", "asset_tag": "", "user_group": "", "fqdn": "", "spm_service_portfolio": "", "change_control": {"link": "https://eitpro.aesd-w.army.mil/api/now/table/sys_user_group/879ea492558b719029751940d45d8ac0", "value": "879ea492558b719029751940d45d8ac0"}, "unit_description": "", "business_relation_manager": "", "last_review_date": "", "business_contact": "", "compatibility_dependencies": "", "delivery_date": "", "install_status": "1", "supported_by": "", "name": "A365/Tenant", "subcategory": "", "price_model": "per_unit", "assignment_group": {"link": "https://eitpro.aesd-w.army.mil/api/now/table/sys_user_group/879ea492558b719029751940d45d8ac0", "value": "879ea492558b719029751940d45d8ac0"}, "managed_by_group": "", "prerequisites": "", "sys_id": "b72d6c9e554b719029751940d45d8ab1", "po_number": "", "checked_in": "", "sys_class_path": "/!!/#C/!(", "mac_address": "", "company": "", "justification": "", "department": "", "checkout": "", "comments": "", "cost": "", "attestation_status": "Not Yet Reviewed", "cmdb_ot_entity": "", "u_exclude_sd_sla": "false", "sys_mod_count": "1", "monitor": "false", "ip_address": "", "model_id": "", "u_os_ios_fw_version": "", "duplicate_of": "", "sys_tags": "", "cost_cc": "USD", "order_date": "", "schedule": "", "environment": "", "due": "", "attested": "false", "location": "", "category": "", "fault_count": "0", "lease_id": "", "service_classification": "Business Service"}, {"attested_date": "", "parent": {"link": "https://eitpro.aesd-w.army.mil/api/now/table/cmdb_ci_service/3a527971a4b520109c5595c47d8a74f5", "value": "3a527971a4b520109c5595c47d8a74f5"}, "operational_status": "1", "consumer_type": "internal", "sys_updated_on": "2023-12-13 14:21:53", "total_vulnerable_items": "", "number": "BSN0001016", "published_ref": "", "discovery_source": "", "first_discovered": "", "due_in": "", "used_for": "Production", "state": "", "gl_account": "", "invoice_number": "", "sys_created_by": "darrell.fry@armyeitaas.onmicrosoft.us", "warranty_expiration": "", "vulnerability_risk_score": "", "sla": "", "owned_by": "", "checked_out": "", "sys_domain_path": "/", "business_unit": "", "version": "", "maintenance_schedule": "", "cost_center": "", "attested_by": "", "dns_domain": "", "service_status": "requirements", "assigned": "", "life_cycle_stage": "", "portfolio_status": "pipeline", "purchase_date": "", "business_need": "", "delivery_manager": "", "end_date": "", "short_description": "", "busines_criticality": "2 - somewhat critical", "managed_by": "", "stakeholders": "", "can_print": "false", "last_discovered": "", "service_owner_delegate": "", "sys_class_name": "service_offering", "manufacturer": "", "life_cycle_stage_status": "", "vendor": "", "model_number": "", "assigned_to": "", "start_date": "", "u_exclude_from_incident": "false", "serial_number": "", "spm_taxonomy_node": "", "price_unit": "", "support_group": "", "correlation_id": "", "unverified": "false", "attributes": "", "asset": "", "skip_sync": "false", "aliases": "", "attestation_score": "", "service_level_requirement": "", "sys_updated_by": "darrell.fry@armyeitaas.onmicrosoft.us", "sys_created_on": "2023-12-12 14:47:21", "sys_domain": {"link": "https://eitpro.aesd-w.army.mil/api/now/table/sys_user_group/global", "value": "global"}, "install_date": "", "monitoring_requirements": "", "asset_tag": "", "user_group": "", "fqdn": "", "spm_service_portfolio": "", "change_control": "", "unit_description": "", "business_relation_manager": "", "last_review_date": "", "business_contact": "", "compatibility_dependencies": "", "delivery_date": "", "install_status": "1", "supported_by": "", "name": "Connectivity", "subcategory": "", "price_model": "per_unit", "assignment_group": "", "managed_by_group": "", "prerequisites": "", "sys_id": "c0e7a339c10bb55016ea0604187fb71d", "po_number": "", "checked_in": "", "sys_class_path": "/!!/#C/!(", "mac_address": "", "company": "", "justification": "", "department": "", "checkout": "", "comments": "", "cost": "", "attestation_status": "Not Yet Reviewed", "cmdb_ot_entity": "", "u_exclude_sd_sla": "false", "sys_mod_count": "1", "monitor": "false", "ip_address": "", "model_id": "", "u_os_ios_fw_version": "", "duplicate_of": "", "sys_tags": "", "cost_cc": "USD", "order_date": "", "schedule": "", "environment": "", "due": "", "attested": "false", "location": "", "category": "", "fault_count": "0", "lease_id": "", "service_classification": "Business Service"}, {"attested_date": "", "parent": {"link": "https://eitpro.aesd-w.army.mil/api/now/table/cmdb_ci_service/3a527971a4b520109c5595c47d8a74f5", "value": "3a527971a4b520109c5595c47d8a74f5"}, "operational_status": "1", "consumer_type": "internal", "sys_updated_on": "2024-01-25 16:30:05", "total_vulnerable_items": "", "number": "BSN0001018", "published_ref": "", "discovery_source": "", "first_discovered": "", "due_in": "", "used_for": "Production", "state": "", "gl_account": "", "invoice_number": "", "sys_created_by": "darrell.fry@armyeitaas.onmicrosoft.us", "warranty_expiration": "", "vulnerability_risk_score": "", "sla": "", "owned_by": "", "checked_out": "", "sys_domain_path": "/", "business_unit": "", "version": "", "maintenance_schedule": "", "cost_center": "", "attested_by": "", "dns_domain": "", "service_status": "requirements", "assigned": "", "life_cycle_stage": "", "portfolio_status": "pipeline", "purchase_date": "", "business_need": "", "delivery_manager": "", "end_date": "", "short_description": "", "busines_criticality": "2 - somewhat critical", "managed_by": "", "stakeholders": "", "can_print": "false", "last_discovered": "", "service_owner_delegate": "", "sys_class_name": "service_offering", "manufacturer": "", "life_cycle_stage_status": "", "vendor": "", "model_number": "", "assigned_to": "", "start_date": "", "u_exclude_from_incident": "false", "serial_number": "", "spm_taxonomy_node": "", "price_unit": "", "support_group": "", "correlation_id": "", "unverified": "false", "attributes": "", "asset": "", "skip_sync": "false", "aliases": "", "attestation_score": "", "service_level_requirement": "", "sys_updated_by": "darrell.e.fry2.ctr", "sys_created_on": "2023-12-12 14:47:46", "sys_domain": {"link": "https://eitpro.aesd-w.army.mil/api/now/table/sys_user_group/global", "value": "global"}, "install_date": "", "monitoring_requirements": "", "asset_tag": "", "user_group": "", "fqdn": "", "spm_service_portfolio": "", "change_control": {"link": "https://eitpro.aesd-w.army.mil/api/now/table/sys_user_group/879ea492558b719029751940d45d8ac0", "value": "879ea492558b719029751940d45d8ac0"}, "unit_description": "", "business_relation_manager": "", "last_review_date": "", "business_contact": "", "compatibility_dependencies": "", "delivery_date": "", "install_status": "1", "supported_by": "", "name": "Voice", "subcategory": "", "price_model": "per_unit", "assignment_group": {"link": "https://eitpro.aesd-w.army.mil/api/now/table/sys_user_group/879ea492558b719029751940d45d8ac0", "value": "879ea492558b719029751940d45d8ac0"}, "managed_by_group": "", "prerequisites": "", "sys_id": "d6f76739c10bb55016ea0604187fb764", "po_number": "", "checked_in": "", "sys_class_path": "/!!/#C/!(", "mac_address": "", "company": "", "justification": "", "department": "", "checkout": "", "comments": "", "cost": "", "attestation_status": "Not Yet Reviewed", "cmdb_ot_entity": "", "u_exclude_sd_sla": "false", "sys_mod_count": "2", "monitor": "false", "ip_address": "", "model_id": "", "u_os_ios_fw_version": "", "duplicate_of": "", "sys_tags": "", "cost_cc": "USD", "order_date": "", "schedule": "", "environment": "", "due": "", "attested": "false", "location": "", "category": "", "fault_count": "0", "lease_id": "", "service_classification": "Business Service"}, {"attested_date": "", "parent": {"link": "https://eitpro.aesd-w.army.mil/api/now/table/cmdb_ci_service/3a527971a4b520109c5595c47d8a74f5", "value": "3a527971a4b520109c5595c47d8a74f5"}, "operational_status": "1", "consumer_type": "internal", "sys_updated_on": "2023-12-13 14:21:28", "total_vulnerable_items": "", "number": "BSN0001021", "published_ref": "", "discovery_source": "", "first_discovered": "", "due_in": "", "used_for": "Production", "state": "", "gl_account": "", "invoice_number": "", "sys_created_by": "darrell.fry@armyeitaas.onmicrosoft.us", "warranty_expiration": "", "vulnerability_risk_score": "", "sla": "", "owned_by": "", "checked_out": "", "sys_domain_path": "/", "business_unit": "", "version": "", "maintenance_schedule": "", "cost_center": "", "attested_by": "", "dns_domain": "", "service_status": "requirements", "assigned": "", "life_cycle_stage": "", "portfolio_status": "pipeline", "purchase_date": "", "business_need": "", "delivery_manager": "", "end_date": "", "short_description": "", "busines_criticality": "2 - somewhat critical", "managed_by": "", "stakeholders": "", "can_print": "false", "last_discovered": "", "service_owner_delegate": "", "sys_class_name": "service_offering", "manufacturer": "", "life_cycle_stage_status": "", "vendor": "", "model_number": "", "assigned_to": "", "start_date": "", "u_exclude_from_incident": "false", "serial_number": "", "spm_taxonomy_node": "", "price_unit": "", "support_group": "", "correlation_id": "", "unverified": "false", "attributes": "", "asset": "", "skip_sync": "false", "aliases": "", "attestation_score": "", "service_level_requirement": "", "sys_updated_by": "darrell.fry@armyeitaas.onmicrosoft.us", "sys_created_on": "2023-12-12 14:48:16", "sys_domain": {"link": "https://eitpro.aesd-w.army.mil/api/now/table/sys_user_group/global", "value": "global"}, "install_date": "", "monitoring_requirements": "", "asset_tag": "", "user_group": "", "fqdn": "", "spm_service_portfolio": "", "change_control": "", "unit_description": "", "business_relation_manager": "", "last_review_date": "", "business_contact": "", "compatibility_dependencies": "", "delivery_date": "", "install_status": "1", "supported_by": "", "name": "Security", "subcategory": "", "price_model": "per_unit", "assignment_group": "", "managed_by_group": "", "prerequisites": "", "sys_id": "f9182339c10bb55016ea0604187fb79c", "po_number": "", "checked_in": "", "sys_class_path": "/!!/#C/!(", "mac_address": "", "company": "", "justification": "", "department": "", "checkout": "", "comments": "", "cost": "", "attestation_status": "Not Yet Reviewed", "cmdb_ot_entity": "", "u_exclude_sd_sla": "false", "sys_mod_count": "1", "monitor": "false", "ip_address": "", "model_id": "", "u_os_ios_fw_version": "", "duplicate_of": "", "sys_tags": "", "cost_cc": "USD", "order_date": "", "schedule": "", "environment": "", "due": "", "attested": "false", "location": "", "category": "", "fault_count": "0", "lease_id": "", "service_classification": "Business Service"}, {"attested_date": "", "parent": {"link": "https://eitpro.aesd-w.army.mil/api/now/table/cmdb_ci_service/3a527971a4b520109c5595c47d8a74f5", "value": "3a527971a4b520109c5595c47d8a74f5"}, "operational_status": "1", "consumer_type": "internal", "sys_updated_on": "2023-12-13 14:22:07", "total_vulnerable_items": "", "number": "BSN0001014", "published_ref": "", "discovery_source": "", "first_discovered": "", "due_in": "", "used_for": "Production", "state": "", "gl_account": "", "invoice_number": "", "sys_created_by": "darrell.fry@armyeitaas.onmicrosoft.us", "warranty_expiration": "", "vulnerability_risk_score": "", "sla": "", "owned_by": "", "checked_out": "", "sys_domain_path": "/", "business_unit": "", "version": "", "maintenance_schedule": "", "cost_center": "", "attested_by": "", "dns_domain": "", "service_status": "requirements", "assigned": "", "life_cycle_stage": "", "portfolio_status": "pipeline", "purchase_date": "", "business_need": "", "delivery_manager": "", "end_date": "", "short_description": "", "busines_criticality": "2 - somewhat critical", "managed_by": "", "stakeholders": "", "can_print": "false", "last_discovered": "", "service_owner_delegate": "", "sys_class_name": "service_offering", "manufacturer": "", "life_cycle_stage_status": "", "vendor": "", "model_number": "", "assigned_to": "", "start_date": "", "u_exclude_from_incident": "false", "serial_number": "", "spm_taxonomy_node": "", "price_unit": "", "support_group": "", "correlation_id": "", "unverified": "false", "attributes": "", "asset": "", "skip_sync": "false", "aliases": "", "attestation_score": "", "service_level_requirement": "", "sys_updated_by": "darrell.fry@armyeitaas.onmicrosoft.us", "sys_created_on": "2023-12-12 14:46:55", "sys_domain": {"link": "https://eitpro.aesd-w.army.mil/api/now/table/sys_user_group/global", "value": "global"}, "install_date": "", "monitoring_requirements": "", "asset_tag": "", "user_group": "", "fqdn": "", "spm_service_portfolio": "", "change_control": "", "unit_description": "", "business_relation_manager": "", "last_review_date": "", "business_contact": "", "compatibility_dependencies": "", "delivery_date": "", "install_status": "1", "supported_by": "", "name": "Access", "subcategory": "", "price_model": "per_unit", "assignment_group": "", "managed_by_group": "", "prerequisites": "", "sys_id": "f9c7e7f5c10bb55016ea0604187fb7f9", "po_number": "", "checked_in": "", "sys_class_path": "/!!/#C/!(", "mac_address": "", "company": "", "justification": "", "department": "", "checkout": "", "comments": "", "cost": "", "attestation_status": "Not Yet Reviewed", "cmdb_ot_entity": "", "u_exclude_sd_sla": "false", "sys_mod_count": "1", "monitor": "false", "ip_address": "", "model_id": "", "u_os_ios_fw_version": "", "duplicate_of": "", "sys_tags": "", "cost_cc": "USD", "order_date": "", "schedule": "", "environment": "", "due": "", "attested": "false", "location": "", "category": "", "fault_count": "0", "lease_id": "", "service_classification": "Business Service"}]}],"timeGenerated":"02/09/2024 20:40:15"}