{"api_results":[{"result": [{"country": "", "parent": {"link": "https://eitpro.aesd-w.army.mil/api/now/table/cmn_location/af890871105ead105537ddc97ce2e47e", "value": "af890871105ead105537ddc97ce2e47e"}, "cmn_location_type": "", "city": "", "latitude": "", "primary_location": "", "managed_by_group": "", "sys_updated_on": "2023-05-31 15:20:12", "type": "", "sys_class_name": "", "sys_id": "22516747c94361106ca40f082a85a4e9", "sys_updated_by": "darrell.e.fry2.ctr", "life_cycle_stage_status": "", "stock_room": "false", "street": "", "sys_created_on": "2023-05-31 15:20:12", "contact": "", "phone_territory": "", "company": "", "lat_long_error": "", "state": "", "consumer": "", "sys_created_by": "darrell.e.fry2.ctr", "longitude": "", "zip": "", "sys_mod_count": "0", "duplicate": "false", "sys_tags": "", "time_zone": "", "cmn_location_source": "", "full_name": "Army Futures Command/UTS Colorado/19th Floor", "fax_phone": "", "phone": "", "name": "19th Floor", "life_cycle_stage": "", "coordinates_retrieved_on": "", "account": "", "primary": "false"}, {"country": "", "parent": {"link": "https://eitpro.aesd-w.army.mil/api/now/table/cmn_location/af890871105ead105537ddc97ce2e47e", "value": "af890871105ead105537ddc97ce2e47e"}, "cmn_location_type": "", "city": "", "latitude": "", "primary_location": "", "managed_by_group": "", "sys_updated_on": "2023-11-01 13:55:41", "type": "", "sys_class_name": "cmn_location", "sys_id": "35d25cb40c96f51055370e0b5533138b", "sys_updated_by": "darrell.e.fry2.ctr", "life_cycle_stage_status": "", "stock_room": "false", "street": "", "sys_created_on": "2023-11-01 13:55:41", "contact": "", "phone_territory": "", "company": "", "lat_long_error": "", "state": "", "consumer": "", "sys_created_by": "darrell.e.fry2.ctr", "longitude": "", "zip": "", "sys_mod_count": "0", "duplicate": "false", "sys_tags": "", "time_zone": "", "cmn_location_source": "", "full_name": "Army Futures Command/UTS Colorado/15th Floor", "fax_phone": "", "phone": "", "name": "15th Floor", "life_cycle_stage": "", "coordinates_retrieved_on": "", "account": "", "primary": "false"}, {"country": "", "parent": {"link": "https://eitpro.aesd-w.army.mil/api/now/table/cmn_location/cde0093c74be54109c55e168314b908e", "value": "cde0093c74be54109c55e168314b908e"}, "cmn_location_type": "", "city": "", "latitude": "", "primary_location": "", "managed_by_group": "", "sys_updated_on": "2023-04-19 19:39:06", "type": "", "sys_class_name": "", "sys_id": "4dd9c8f1105ead105537ddc97ce2e4ce", "sys_updated_by": "darrell.e.fry2.ctr", "life_cycle_stage_status": "", "stock_room": "false", "street": "", "sys_created_on": "2023-04-19 19:39:06", "contact": "", "phone_territory": "", "company": "", "lat_long_error": "", "state": "", "consumer": "", "sys_created_by": "darrell.e.fry2.ctr", "longitude": "", "zip": "", "sys_mod_count": "0", "duplicate": "false", "sys_tags": "", "time_zone": "", "cmn_location_source": "", "full_name": "Army Futures Command/JJ Pickle ", "fax_phone": "", "phone": "", "name": "JJ Pickle ", "life_cycle_stage": "", "coordinates_retrieved_on": "", "account": "", "primary": "false"}, {"country": "", "parent": {"link": "https://eitpro.aesd-w.army.mil/api/now/table/cmn_location/cde0093c74be54109c55e168314b908e", "value": "cde0093c74be54109c55e168314b908e"}, "cmn_location_type": "", "city": "", "latitude": "", "primary_location": "", "managed_by_group": "", "sys_updated_on": "2023-04-19 19:38:56", "type": "", "sys_class_name": "", "sys_id": "8051aa9e2d2c60109c5555d057863665", "sys_updated_by": "darrell.e.fry2.ctr", "life_cycle_stage_status": "", "stock_room": "false", "street": "", "sys_created_on": "2020-11-20 11:23:35", "contact": "", "phone_territory": "", "company": "", "lat_long_error": "", "state": "", "consumer": "", "sys_created_by": "Alan.J.Robinson8.ctr@mail.mil", "longitude": "", "zip": "", "sys_mod_count": "1", "duplicate": "false", "sys_tags": "", "time_zone": "", "cmn_location_source": "", "full_name": "Army Futures Command/University of Texas Colorado Building", "fax_phone": "", "phone": "", "name": "University of Texas Colorado Building", "life_cycle_stage": "", "coordinates_retrieved_on": "", "account": "", "primary": "false"}, {"country": "", "parent": "", "cmn_location_type": "", "city": "", "latitude": "", "primary_location": "", "managed_by_group": "", "sys_updated_on": "2023-11-22 15:04:50", "type": "", "sys_class_name": "cmn_location", "sys_id": "a20ce0ebd122711055378316ca4ab92e", "sys_updated_by": "darrell.e.fry2.ctr", "life_cycle_stage_status": "", "stock_room": "false", "street": "", "sys_created_on": "2023-11-22 15:04:50", "contact": "", "phone_territory": "", "company": "", "lat_long_error": "", "state": "", "consumer": "", "sys_created_by": "darrell.e.fry2.ctr", "longitude": "", "zip": "", "sys_mod_count": "0", "duplicate": "false", "sys_tags": "", "time_zone": "", "cmn_location_source": "", "full_name": "Remote Ops Center", "fax_phone": "", "phone": "", "name": "Remote Ops Center", "life_cycle_stage": "", "coordinates_retrieved_on": "", "account": "", "primary": "false"}, {"country": "", "parent": {"link": "https://eitpro.aesd-w.army.mil/api/now/table/cmn_location/cde0093c74be54109c55e168314b908e", "value": "cde0093c74be54109c55e168314b908e"}, "cmn_location_type": "", "city": "", "latitude": "", "primary_location": "", "managed_by_group": "", "sys_updated_on": "2023-04-19 19:38:21", "type": "", "sys_class_name": "", "sys_id": "af890871105ead105537ddc97ce2e47e", "sys_updated_by": "darrell.e.fry2.ctr", "life_cycle_stage_status": "", "stock_room": "false", "street": "", "sys_created_on": "2023-04-19 19:38:21", "contact": "", "phone_territory": "", "company": "", "lat_long_error": "", "state": "", "consumer": "", "sys_created_by": "darrell.e.fry2.ctr", "longitude": "", "zip": "", "sys_mod_count": "0", "duplicate": "false", "sys_tags": "", "time_zone": "", "cmn_location_source": "", "full_name": "Army Futures Command/UTS Colorado", "fax_phone": "", "phone": "", "name": "UTS Colorado", "life_cycle_stage": "", "coordinates_retrieved_on": "", "account": "", "primary": "false"}, {"country": "", "parent": "", "cmn_location_type": "", "city": "", "latitude": "", "primary_location": "", "managed_by_group": "", "sys_updated_on": "2021-11-08 21:42:59", "type": "", "sys_class_name": "", "sys_id": "cde0093c74be54109c55e168314b908e", "sys_updated_by": "darrell.fry@armyeitaas.onmicrosoft.us", "life_cycle_stage_status": "", "stock_room": "false", "street": "", "sys_created_on": "2020-08-20 12:41:28", "contact": "", "phone_territory": "", "company": {"link": "https://eitpro.aesd-w.army.mil/api/now/table/core_company/317b75b674a690109c55e168314b90e4", "value": "317b75b674a690109c55e168314b90e4"}, "lat_long_error": "", "state": "", "consumer": "", "sys_created_by": "Alan.J.Robinson8.ctr@mail.mil", "longitude": "", "zip": "", "sys_mod_count": "1", "duplicate": "false", "sys_tags": "", "time_zone": "", "cmn_location_source": "", "full_name": "Army Futures Command", "fax_phone": "", "phone": "", "name": "Army Futures Command", "life_cycle_stage": "", "coordinates_retrieved_on": "", "account": {"link": "https://eitpro.aesd-w.army.mil/api/now/table/customer_account/317b75b674a690109c55e168314b90e4", "value": "317b75b674a690109c55e168314b90e4"}, "primary": "false"}]}],"timeGenerated":"02/09/2024 21:19:32"}