{
    "$schema": "http://schema.management.azure.com/schemas/2015-01-01/deploymentTemplate.json#",
    "contentVersion": "1.0.0.0",
    "parameters": {
        "factoryName": {
            "type": "string",
            "metadata": "Data Factory name",
            "defaultValue": "adfeitaasdatateam"
        },
        "dataFactory_properties_globalParameters_Keyvault_Name_value": {
            "type": "string",
            "defaultValue": "kveitaasdatateam"
        },
        "dataFactory_location": {
            "type": "string",
            "defaultValue": "usgovvirginia"
        },
        "dataFactory_identity_type": {
            "type": "string",
            "defaultValue": "SystemAssigned"
        }
    },
    "variables": {
        "factoryId": "[concat('Microsoft.DataFactory/factories/', parameters('factoryName'))]"
    },
    "resources": [
        {
            "name": "[parameters('factoryName')]",
            "type": "Microsoft.DataFactory/factories",
            "apiVersion": "2018-06-01",
            "properties": {
                "globalParameters": {
                    "Keyvault_Name": {
                        "type": "string",
                        "value": "[parameters('dataFactory_properties_globalParameters_Keyvault_Name_value')]"
                    }
                }
            },
            "dependsOn": [],
            "location": "[parameters('dataFactory_location')]",
            "identity": {
                "type": "[parameters('dataFactory_identity_type')]",
                "principalId": "97c78594-e083-46ee-8d2d-4fcd7867089c",
                "tenantId": "fae6d70f-954b-4811-92b6-0530d6f84c43"
            }
        }
    ]
}