{
    "$schema": "https://schema.management.azure.com/schemas/2015-01-01/deploymentParameters.json#",
    "contentVersion": "1.0.0.0",
    "parameters": {
        "factoryName": {
            "value": "adfeitaasdatateam"
        },
        "dataFactory_properties_globalParameters_Keyvault_Name_value": {
            "value": "kveitaasdatateam"
        },
        "dataFactory_location": {
            "value": "usgovvirginia"
        },
        "dataFactory_identity_type": {
            "value": "SystemAssigned"
        }
    }
}